country,type,year,month,demand,source,should_plot
AT,power,2019,1,3.15,energy-charts,True
AT,power,2019,2,2.49,energy-charts,True
AT,power,2019,3,1.33,energy-charts,True
AT,power,2019,4,1.06,energy-charts,True
AT,power,2019,5,0.16,energy-charts,True
AT,power,2019,6,0.36,energy-charts,True
AT,power,2019,7,0.98,energy-charts,True
AT,power,2019,8,1.41,energy-charts,True
AT,power,2019,9,1.86,energy-charts,True
AT,power,2019,10,2.47,energy-charts,True
AT,power,2019,11,2.54,energy-charts,True
AT,power,2019,12,2.54,energy-charts,True
AT,power,2020,1,3.65,energy-charts,True
AT,power,2020,2,1.99,energy-charts,True
AT,power,2020,3,1.89,energy-charts,True
AT,power,2020,4,0.82,energy-charts,True
AT,power,2020,5,0.17,energy-charts,True
AT,power,2020,6,0.19,energy-charts,True
AT,power,2020,7,0.88,energy-charts,True
AT,power,2020,8,0.8,energy-charts,True
AT,power,2020,9,0.79,energy-charts,True
AT,power,2020,10,1.61,energy-charts,True
AT,power,2020,11,2.37,energy-charts,True
AT,power,2020,12,2.95,energy-charts,True
AT,power,2021,1,2.91,energy-charts,True
AT,power,2021,2,2.3,energy-charts,True
AT,power,2021,3,2.21,energy-charts,True
AT,power,2021,4,1.7,energy-charts,True
AT,power,2021,5,0.54,energy-charts,True
AT,power,2021,6,0.15,energy-charts,True
AT,power,2021,7,0.16,energy-charts,True
AT,power,2021,8,0.11,energy-charts,True
AT,power,2021,9,0.37,energy-charts,True
AT,power,2021,10,1.87,energy-charts,True
AT,power,2021,11,3.33,energy-charts,True
AT,power,2021,12,3.14,energy-charts,True
AT,power,2022,1,3.16,energy-charts,True
AT,power,2022,2,2.53,energy-charts,True
AT,power,2022,3,3.0,energy-charts,True
AT,power,2022,4,1.47,energy-charts,True
AT,power,2022,5,1.13,energy-charts,True
AT,power,2022,6,0.26,energy-charts,True
AT,power,2022,7,0.4,energy-charts,True
AT,power,2022,8,0.38,energy-charts,True
AT,power,2022,9,1.45,energy-charts,True
AT,power,2022,10,1.55,energy-charts,True
AT,power,2022,11,2.41,energy-charts,True
AT,power,2022,12,2.57,energy-charts,True
AT,power,2023,1,2.08,energy-charts,True
AT,power,2023,2,2.17,energy-charts,True
AT,power,2023,3,1.6,energy-charts,True
AT,power,2023,4,1.26,energy-charts,True
AT,power,2023,5,0.5,energy-charts,True
AT,power,2023,6,0.06,energy-charts,True
AT,power,2023,7,0.25,energy-charts,True
AT,power,2023,8,0.06,energy-charts,True
AT,power,2023,9,0.57,energy-charts,True
AT,power,2023,10,0.91,energy-charts,True
AT,power,2023,11,1.53,energy-charts,True
AT,power,2023,12,1.91,energy-charts,True
AT,power,2024,1,2.42,energy-charts,True
AT,power,2024,2,1.28,energy-charts,True
AT,power,2024,3,0.99,energy-charts,True
AT,power,2024,4,0.41,energy-charts,True
AT,power,2024,5,0.02,energy-charts,True
AT,power,2024,6,0.07,energy-charts,True
AT,power,2024,7,0.03,energy-charts,True
AT,power,2024,8,0.16,energy-charts,True
AT,power,2024,9,0.18,energy-charts,True
AT,power,2024,10,0.81,energy-charts,True
AT,power,2024,11,2.87,energy-charts,True
AT,power,2024,12,2.72,energy-charts,True
AT,power,2025,1,3.04,energy-charts,True
AT,power,2025,2,2.9,energy-charts,True
AT,power,2025,3,1.77,energy-charts,True
AT,power,2025,4,0.82,energy-charts,True
AT,power,2025,5,0.03,energy-charts,True
AT,power,2025,6,0.06,energy-charts,True
AT,power,2025,7,0.1,energy-charts,True
AT,power,2025,8,0.02,energy-charts,True
AT,power,2025,9,0.24,energy-charts,True
AT,power,2025,10,1.43,energy-charts,True
AT,power,2025,11,1.57,energy-charts,True
AT,power,2025,12,2.33,energy-charts,True
AT,power,2026,1,3.05,energy-charts,True
AT,power,2026,2,2.59,energy-charts,True
AT,power,2026,3,1.23,energy-charts,True
AT,total,2019,1,13.78,aggm,True
AT,total,2019,2,10.27,aggm,True
AT,total,2019,3,6.61,aggm,True
AT,total,2019,4,6.6,aggm,True
AT,total,2019,5,5.76,aggm,True
AT,total,2019,6,4.04,aggm,True
AT,total,2019,7,4.36,aggm,True
AT,total,2019,8,5.03,aggm,True
AT,total,2019,9,6.42,aggm,True
AT,total,2019,10,8.4,aggm,True
AT,total,2019,11,9.94,aggm,True
AT,total,2019,12,11.32,aggm,True
AT,total,2020,1,13.41,aggm,True
AT,total,2020,2,9.81,aggm,True
AT,total,2020,3,9.29,aggm,True
AT,total,2020,4,5.79,aggm,True
AT,total,2020,5,4.76,aggm,True
AT,total,2020,6,3.83,aggm,True
AT,total,2020,7,4.2,aggm,True
AT,total,2020,8,4.15,aggm,True
AT,total,2020,9,4.87,aggm,True
AT,total,2020,10,7.96,aggm,True
AT,total,2020,11,10.52,aggm,True
AT,total,2020,12,12.03,aggm,True
AT,total,2021,1,13.03,aggm,True
AT,total,2021,2,10.7,aggm,True
AT,total,2021,3,10.37,aggm,True
AT,total,2021,4,8.48,aggm,True
AT,total,2021,5,5.7,aggm,True
AT,total,2021,6,3.97,aggm,True
AT,total,2021,7,3.95,aggm,True
AT,total,2021,8,3.99,aggm,True
AT,total,2021,9,4.66,aggm,True
AT,total,2021,10,8.02,aggm,True
AT,total,2021,11,11.4,aggm,True
AT,total,2021,12,11.96,aggm,True
AT,total,2022,1,12.85,aggm,True
AT,total,2022,2,10.14,aggm,True
AT,total,2022,3,10.35,aggm,True
AT,total,2022,4,7.24,aggm,True
AT,total,2022,5,4.73,aggm,True
AT,total,2022,6,3.76,aggm,True
AT,total,2022,7,3.51,aggm,True
AT,total,2022,8,3.29,aggm,True
AT,total,2022,9,4.9,aggm,True
AT,total,2022,10,5.84,aggm,True
AT,total,2022,11,8.57,aggm,True
AT,total,2022,12,9.97,aggm,True
AT,total,2023,1,9.93,aggm,True
AT,total,2023,2,8.99,aggm,True
AT,total,2023,3,7.61,aggm,True
AT,total,2023,4,6.8,aggm,True
AT,total,2023,5,4.66,aggm,True
AT,total,2023,6,3.29,aggm,True
AT,total,2023,7,3.37,aggm,True
AT,total,2023,8,3.21,aggm,True
AT,total,2023,9,3.85,aggm,True
AT,total,2023,10,5.4,aggm,True
AT,total,2023,11,8.3,aggm,True
AT,total,2023,12,9.66,aggm,True
AT,total,2024,1,11.33,aggm,True
AT,total,2024,2,7.37,aggm,True
AT,total,2024,3,6.54,aggm,True
AT,total,2024,4,5.08,aggm,True
AT,total,2024,5,3.67,aggm,True
AT,total,2024,6,3.4,aggm,True
AT,total,2024,7,3.17,aggm,True
AT,total,2024,8,3.09,aggm,True
AT,total,2024,9,4.06,aggm,True
AT,total,2024,10,5.79,aggm,True
AT,total,2024,11,10.25,aggm,True
AT,total,2024,12,10.71,aggm,True
AT,total,2025,1,11.78,aggm,True
AT,total,2025,2,10.62,aggm,True
AT,total,2025,3,8.23,aggm,True
AT,total,2025,4,5.55,aggm,True
AT,total,2025,5,4.23,aggm,True
AT,total,2025,6,3.22,aggm,True
AT,total,2025,7,3.23,aggm,True
AT,total,2025,8,3.03,aggm,True
AT,total,2025,9,3.78,aggm,True
AT,total,2025,10,6.94,aggm,True
AT,total,2025,11,9.21,aggm,True
AT,total,2025,12,10.6,aggm,True
AT,total,2026,1,13.21,aggm,True
AT,total,2026,2,9.73,aggm,True
AT,total,2026,3,7.69,aggm,True
BE,household,2019,1,15.43,entsog,True
BE,household,2019,2,11.18,entsog,True
BE,household,2019,3,10.35,entsog,True
BE,household,2019,4,6.89,entsog,True
BE,household,2019,5,5.83,entsog,True
BE,household,2019,6,3.09,entsog,True
BE,household,2019,7,2.61,entsog,True
BE,household,2019,8,2.68,entsog,True
BE,household,2019,9,3.57,entsog,True
BE,household,2019,10,6.94,entsog,True
BE,household,2019,11,11.43,entsog,True
BE,household,2019,12,12.93,entsog,True
BE,household,2020,1,13.4,entsog,True
BE,household,2020,2,11.89,entsog,True
BE,household,2020,3,11.08,entsog,True
BE,household,2020,4,5.44,entsog,True
BE,household,2020,5,4.38,entsog,True
BE,household,2020,6,3.16,entsog,True
BE,household,2020,7,2.9,entsog,True
BE,household,2020,8,2.62,entsog,True
BE,household,2020,9,3.78,entsog,True
BE,household,2020,10,7.78,entsog,True
BE,household,2020,11,9.62,entsog,True
BE,household,2020,12,13.15,entsog,True
BE,household,2021,1,15.79,entsog,True
BE,household,2021,2,12.87,entsog,True
BE,household,2021,3,11.58,entsog,True
BE,household,2021,4,9.72,entsog,True
BE,household,2021,5,6.8,entsog,True
BE,household,2021,6,3.25,entsog,True
BE,household,2021,7,2.99,entsog,True
BE,household,2021,8,3.26,entsog,True
BE,household,2021,9,3.62,entsog,True
BE,household,2021,10,7.26,entsog,True
BE,household,2021,11,11.35,entsog,True
BE,household,2021,12,13.23,entsog,True
BE,household,2022,1,14.22,entsog,True
BE,household,2022,2,11.35,entsog,True
BE,household,2022,3,9.38,entsog,True
BE,household,2022,4,7.12,entsog,True
BE,household,2022,5,3.83,entsog,True
BE,household,2022,6,3.06,entsog,True
BE,household,2022,7,2.45,entsog,True
BE,household,2022,8,2.45,entsog,True
BE,household,2022,9,3.46,entsog,True
BE,household,2022,10,4.31,entsog,True
BE,household,2022,11,7.66,entsog,True
BE,household,2022,12,12.41,entsog,True
BE,household,2023,1,12.0,entsog,True
BE,household,2023,2,10.17,entsog,True
BE,household,2023,3,10.04,entsog,True
BE,household,2023,4,7.36,entsog,True
BE,household,2023,5,4.16,entsog,True
BE,household,2023,6,2.7,entsog,True
BE,household,2023,7,2.43,entsog,True
BE,household,2023,8,2.71,entsog,True
BE,household,2023,9,2.81,entsog,True
BE,household,2023,10,5.03,entsog,True
BE,household,2023,11,9.44,entsog,True
BE,household,2023,12,11.04,entsog,True
BE,household,2024,1,14.01,entsog,True
BE,household,2024,2,9.52,entsog,True
BE,household,2024,3,8.62,entsog,True
BE,household,2024,4,6.64,entsog,True
BE,household,2024,5,3.87,entsog,True
BE,household,2024,6,3.35,entsog,True
BE,household,2024,7,2.59,entsog,True
BE,household,2024,8,2.41,entsog,True
BE,household,2024,9,3.45,entsog,True
BE,household,2024,10,5.8,entsog,True
BE,household,2024,11,9.85,entsog,True
BE,household,2024,12,11.94,entsog,True
BE,household,2025,1,13.29,entsog,True
BE,household,2025,2,11.89,entsog,True
BE,household,2025,3,8.84,entsog,True
BE,household,2025,4,5.22,entsog,True
BE,household,2025,5,3.78,entsog,True
BE,household,2025,6,2.67,entsog,True
BE,household,2025,7,2.39,entsog,True
BE,household,2025,8,2.45,entsog,True
BE,household,2025,9,3.36,entsog,True
BE,household,2025,10,6.13,entsog,True
BE,household,2025,11,9.23,entsog,True
BE,household,2025,12,11.29,entsog,True
BE,household,2026,1,13.73,entsog,True
BE,household,2026,2,9.93,entsog,True
BE,household,2026,3,8.15,entsog,True
BE,industry,2019,1,4.65,entsog,True
BE,industry,2019,2,4.19,entsog,True
BE,industry,2019,3,4.38,entsog,True
BE,industry,2019,4,3.97,entsog,True
BE,industry,2019,5,4.26,entsog,True
BE,industry,2019,6,3.85,entsog,True
BE,industry,2019,7,3.54,entsog,True
BE,industry,2019,8,3.56,entsog,True
BE,industry,2019,9,3.86,entsog,True
BE,industry,2019,10,3.94,entsog,True
BE,industry,2019,11,4.35,entsog,True
BE,industry,2019,12,4.62,entsog,True
BE,industry,2020,1,4.7,entsog,True
BE,industry,2020,2,4.47,entsog,True
BE,industry,2020,3,4.33,entsog,True
BE,industry,2020,4,3.8,entsog,True
BE,industry,2020,5,4.08,entsog,True
BE,industry,2020,6,3.75,entsog,True
BE,industry,2020,7,4.03,entsog,True
BE,industry,2020,8,3.61,entsog,True
BE,industry,2020,9,3.64,entsog,True
BE,industry,2020,10,3.93,entsog,True
BE,industry,2020,11,4.34,entsog,True
BE,industry,2020,12,4.3,entsog,True
BE,industry,2021,1,4.58,entsog,True
BE,industry,2021,2,4.31,entsog,True
BE,industry,2021,3,4.24,entsog,True
BE,industry,2021,4,3.84,entsog,True
BE,industry,2021,5,3.56,entsog,True
BE,industry,2021,6,3.41,entsog,True
BE,industry,2021,7,3.83,entsog,True
BE,industry,2021,8,4.02,entsog,True
BE,industry,2021,9,3.59,entsog,True
BE,industry,2021,10,3.52,entsog,True
BE,industry,2021,11,3.79,entsog,True
BE,industry,2021,12,3.75,entsog,True
BE,industry,2022,1,4.31,entsog,True
BE,industry,2022,2,3.57,entsog,True
BE,industry,2022,3,3.28,entsog,True
BE,industry,2022,4,3.4,entsog,True
BE,industry,2022,5,3.51,entsog,True
BE,industry,2022,6,3.18,entsog,True
BE,industry,2022,7,2.77,entsog,True
BE,industry,2022,8,2.75,entsog,True
BE,industry,2022,9,2.84,entsog,True
BE,industry,2022,10,3.4,entsog,True
BE,industry,2022,11,3.23,entsog,True
BE,industry,2022,12,2.72,entsog,True
BE,industry,2023,1,3.43,entsog,True
BE,industry,2023,2,3.24,entsog,True
BE,industry,2023,3,3.6,entsog,True
BE,industry,2023,4,3.14,entsog,True
BE,industry,2023,5,2.92,entsog,True
BE,industry,2023,6,2.84,entsog,True
BE,industry,2023,7,3.1,entsog,True
BE,industry,2023,8,3.1,entsog,True
BE,industry,2023,9,3.22,entsog,True
BE,industry,2023,10,3.51,entsog,True
BE,industry,2023,11,3.8,entsog,True
BE,industry,2023,12,3.85,entsog,True
BE,industry,2024,1,3.93,entsog,True
BE,industry,2024,2,3.64,entsog,True
BE,industry,2024,3,3.76,entsog,True
BE,industry,2024,4,3.72,entsog,True
BE,industry,2024,5,3.42,entsog,True
BE,industry,2024,6,3.16,entsog,True
BE,industry,2024,7,3.3,entsog,True
BE,industry,2024,8,3.24,entsog,True
BE,industry,2024,9,3.48,entsog,True
BE,industry,2024,10,3.53,entsog,True
BE,industry,2024,11,3.79,entsog,True
BE,industry,2024,12,3.93,entsog,True
BE,industry,2025,1,3.62,entsog,True
BE,industry,2025,2,3.23,entsog,True
BE,industry,2025,3,3.35,entsog,True
BE,industry,2025,4,3.49,entsog,True
BE,industry,2025,5,3.62,entsog,True
BE,industry,2025,6,3.25,entsog,True
BE,industry,2025,7,3.06,entsog,True
BE,industry,2025,8,3.36,entsog,True
BE,industry,2025,9,3.39,entsog,True
BE,industry,2025,10,3.57,entsog,True
BE,industry,2025,11,3.46,entsog,True
BE,industry,2025,12,3.8,entsog,True
BE,industry,2026,1,4.02,entsog,True
BE,industry,2026,2,3.5,entsog,True
BE,industry,2026,3,3.7,entsog,True
BE,power,2019,1,5.79,entsog,True
BE,power,2019,2,4.08,entsog,True
BE,power,2019,3,3.29,entsog,True
BE,power,2019,4,3.42,entsog,True
BE,power,2019,5,3.15,entsog,True
BE,power,2019,6,3.73,entsog,True
BE,power,2019,7,4.14,entsog,True
BE,power,2019,8,3.7,entsog,True
BE,power,2019,9,4.0,entsog,True
BE,power,2019,10,5.32,entsog,True
BE,power,2019,11,5.37,entsog,True
BE,power,2019,12,3.97,entsog,True
BE,power,2020,1,4.98,entsog,True
BE,power,2020,2,3.85,entsog,True
BE,power,2020,3,4.04,entsog,True
BE,power,2020,4,2.8,entsog,True
BE,power,2020,5,3.5,entsog,True
BE,power,2020,6,4.61,entsog,True
BE,power,2020,7,5.75,entsog,True
BE,power,2020,8,5.05,entsog,True
BE,power,2020,9,4.38,entsog,True
BE,power,2020,10,3.92,entsog,True
BE,power,2020,11,4.56,entsog,True
BE,power,2020,12,5.05,entsog,True
BE,power,2021,1,5.1,entsog,True
BE,power,2021,2,3.89,entsog,True
BE,power,2021,3,4.43,entsog,True
BE,power,2021,4,4.36,entsog,True
BE,power,2021,5,2.85,entsog,True
BE,power,2021,6,3.2,entsog,True
BE,power,2021,7,2.48,entsog,True
BE,power,2021,8,2.03,entsog,True
BE,power,2021,9,2.33,entsog,True
BE,power,2021,10,2.39,entsog,True
BE,power,2021,11,4.73,entsog,True
BE,power,2021,12,4.02,entsog,True
BE,power,2022,1,4.41,entsog,True
BE,power,2022,2,2.4,entsog,True
BE,power,2022,3,3.08,entsog,True
BE,power,2022,4,2.21,entsog,True
BE,power,2022,5,2.73,entsog,True
BE,power,2022,6,2.9,entsog,True
BE,power,2022,7,3.76,entsog,True
BE,power,2022,8,4.4,entsog,True
BE,power,2022,9,3.71,entsog,True
BE,power,2022,10,3.95,entsog,True
BE,power,2022,11,2.83,entsog,True
BE,power,2022,12,4.28,entsog,True
BE,power,2023,1,3.54,entsog,True
BE,power,2023,2,3.96,entsog,True
BE,power,2023,3,3.51,entsog,True
BE,power,2023,4,2.61,entsog,True
BE,power,2023,5,2.15,entsog,True
BE,power,2023,6,2.98,entsog,True
BE,power,2023,7,2.37,entsog,True
BE,power,2023,8,2.63,entsog,True
BE,power,2023,9,2.53,entsog,True
BE,power,2023,10,1.89,entsog,True
BE,power,2023,11,2.04,entsog,True
BE,power,2023,12,2.23,entsog,True
BE,power,2024,1,3.13,entsog,True
BE,power,2024,2,1.79,entsog,True
BE,power,2024,3,2.19,entsog,True
BE,power,2024,4,1.63,entsog,True
BE,power,2024,5,1.46,entsog,True
BE,power,2024,6,1.63,entsog,True
BE,power,2024,7,1.51,entsog,True
BE,power,2024,8,1.44,entsog,True
BE,power,2024,9,1.58,entsog,True
BE,power,2024,10,1.79,entsog,True
BE,power,2024,11,3.4,entsog,True
BE,power,2024,12,2.55,entsog,True
BE,power,2025,1,2.81,entsog,True
BE,power,2025,2,3.27,entsog,True
BE,power,2025,3,2.52,entsog,True
BE,power,2025,4,2.2,entsog,True
BE,power,2025,5,1.31,entsog,True
BE,power,2025,6,1.39,entsog,True
BE,power,2025,7,1.92,entsog,True
BE,power,2025,8,1.6,entsog,True
BE,power,2025,9,1.45,entsog,True
BE,power,2025,10,2.61,entsog,True
BE,power,2025,11,2.69,entsog,True
BE,power,2025,12,3.11,entsog,True
BE,power,2026,1,4.87,entsog,True
BE,power,2026,2,2.27,entsog,True
BE,power,2026,3,1.48,entsog,True
BE,total,2019,1,25.87,calculated,True
BE,total,2019,2,19.45,calculated,True
BE,total,2019,3,18.02,calculated,True
BE,total,2019,4,14.28,calculated,True
BE,total,2019,5,13.24,calculated,True
BE,total,2019,6,10.66,calculated,True
BE,total,2019,7,10.29,calculated,True
BE,total,2019,8,9.94,calculated,True
BE,total,2019,9,11.43,calculated,True
BE,total,2019,10,16.21,calculated,True
BE,total,2019,11,21.15,calculated,True
BE,total,2019,12,21.52,calculated,True
BE,total,2020,1,23.09,calculated,True
BE,total,2020,2,20.21,calculated,True
BE,total,2020,3,19.45,calculated,True
BE,total,2020,4,12.04,calculated,True
BE,total,2020,5,11.96,calculated,True
BE,total,2020,6,11.51,calculated,True
BE,total,2020,7,12.68,calculated,True
BE,total,2020,8,11.28,calculated,True
BE,total,2020,9,11.79,calculated,True
BE,total,2020,10,15.62,calculated,True
BE,total,2020,11,18.52,calculated,True
BE,total,2020,12,22.5,calculated,True
BE,total,2021,1,25.47,calculated,True
BE,total,2021,2,21.07,calculated,True
BE,total,2021,3,20.26,calculated,True
BE,total,2021,4,17.93,calculated,True
BE,total,2021,5,13.21,calculated,True
BE,total,2021,6,9.85,calculated,True
BE,total,2021,7,9.3,calculated,True
BE,total,2021,8,9.31,calculated,True
BE,total,2021,9,9.54,calculated,True
BE,total,2021,10,13.18,calculated,True
BE,total,2021,11,19.87,calculated,True
BE,total,2021,12,21.0,calculated,True
BE,total,2022,1,22.93,calculated,True
BE,total,2022,2,17.31,calculated,True
BE,total,2022,3,15.74,calculated,True
BE,total,2022,4,12.73,calculated,True
BE,total,2022,5,10.07,calculated,True
BE,total,2022,6,9.14,calculated,True
BE,total,2022,7,8.97,calculated,True
BE,total,2022,8,9.6,calculated,True
BE,total,2022,9,10.01,calculated,True
BE,total,2022,10,11.66,calculated,True
BE,total,2022,11,13.72,calculated,True
BE,total,2022,12,19.41,calculated,True
BE,total,2023,1,18.97,calculated,True
BE,total,2023,2,17.37,calculated,True
BE,total,2023,3,17.15,calculated,True
BE,total,2023,4,13.11,calculated,True
BE,total,2023,5,9.24,calculated,True
BE,total,2023,6,8.52,calculated,True
BE,total,2023,7,7.9,calculated,True
BE,total,2023,8,8.43,calculated,True
BE,total,2023,9,8.56,calculated,True
BE,total,2023,10,10.42,calculated,True
BE,total,2023,11,15.28,calculated,True
BE,total,2023,12,17.12,calculated,True
BE,total,2024,1,21.08,calculated,True
BE,total,2024,2,14.94,calculated,True
BE,total,2024,3,14.57,calculated,True
BE,total,2024,4,11.98,calculated,True
BE,total,2024,5,8.75,calculated,True
BE,total,2024,6,8.14,calculated,True
BE,total,2024,7,7.4,calculated,True
BE,total,2024,8,7.1,calculated,True
BE,total,2024,9,8.51,calculated,True
BE,total,2024,10,11.12,calculated,True
BE,total,2024,11,17.03,calculated,True
BE,total,2024,12,18.43,calculated,True
BE,total,2025,1,19.72,calculated,True
BE,total,2025,2,18.39,calculated,True
BE,total,2025,3,14.71,calculated,True
BE,total,2025,4,10.92,calculated,True
BE,total,2025,5,8.71,calculated,True
BE,total,2025,6,7.31,calculated,True
BE,total,2025,7,7.37,calculated,True
BE,total,2025,8,7.4,calculated,True
BE,total,2025,9,8.2,calculated,True
BE,total,2025,10,12.31,calculated,True
BE,total,2025,11,15.38,calculated,True
BE,total,2025,12,18.2,calculated,True
BE,total,2026,1,22.61,calculated,True
BE,total,2026,2,15.71,calculated,True
BE,total,2026,3,13.33,calculated,True
BG,power,2019,1,0.54,energy-charts,True
BG,power,2019,2,0.52,energy-charts,True
BG,power,2019,3,0.47,energy-charts,True
BG,power,2019,4,0.43,energy-charts,True
BG,power,2019,5,0.3,energy-charts,True
BG,power,2019,6,0.23,energy-charts,True
BG,power,2019,7,0.25,energy-charts,True
BG,power,2019,8,0.23,energy-charts,True
BG,power,2019,9,0.23,energy-charts,True
BG,power,2019,10,0.27,energy-charts,True
BG,power,2019,11,0.38,energy-charts,True
BG,power,2019,12,0.54,energy-charts,True
BG,power,2020,1,0.6,energy-charts,True
BG,power,2020,2,0.52,energy-charts,True
BG,power,2020,3,0.46,energy-charts,True
BG,power,2020,4,0.32,energy-charts,True
BG,power,2020,5,0.2,energy-charts,True
BG,power,2020,6,0.21,energy-charts,True
BG,power,2020,7,0.22,energy-charts,True
BG,power,2020,8,0.26,energy-charts,True
BG,power,2020,9,0.25,energy-charts,True
BG,power,2020,10,0.32,energy-charts,True
BG,power,2020,11,0.48,energy-charts,True
BG,power,2020,12,0.55,energy-charts,True
BG,power,2021,1,0.59,energy-charts,True
BG,power,2021,2,0.51,energy-charts,True
BG,power,2021,3,0.57,energy-charts,True
BG,power,2021,4,0.44,energy-charts,True
BG,power,2021,5,0.29,energy-charts,True
BG,power,2021,6,0.27,energy-charts,True
BG,power,2021,7,0.31,energy-charts,True
BG,power,2021,8,0.31,energy-charts,True
BG,power,2021,9,0.53,energy-charts,True
BG,power,2021,10,0.48,energy-charts,True
BG,power,2021,11,0.54,energy-charts,True
BG,power,2021,12,0.73,energy-charts,True
BG,power,2022,1,0.84,energy-charts,True
BG,power,2022,2,0.6,energy-charts,True
BG,power,2022,3,0.59,energy-charts,True
BG,power,2022,4,0.41,energy-charts,True
BG,power,2022,5,0.3,energy-charts,True
BG,power,2022,6,0.3,energy-charts,True
BG,power,2022,7,0.36,energy-charts,True
BG,power,2022,8,0.29,energy-charts,True
BG,power,2022,9,0.23,energy-charts,True
BG,power,2022,10,0.32,energy-charts,True
BG,power,2022,11,0.47,energy-charts,True
BG,power,2022,12,0.56,energy-charts,True
BG,power,2023,1,0.53,energy-charts,True
BG,power,2023,2,0.47,energy-charts,True
BG,power,2023,3,0.49,energy-charts,True
BG,power,2023,4,0.44,energy-charts,True
BG,power,2023,5,0.25,energy-charts,True
BG,power,2023,6,0.22,energy-charts,True
BG,power,2023,7,0.23,energy-charts,True
BG,power,2023,8,0.23,energy-charts,True
BG,power,2023,9,0.26,energy-charts,True
BG,power,2023,10,0.28,energy-charts,True
BG,power,2023,11,0.4,energy-charts,True
BG,power,2023,12,0.52,energy-charts,True
BG,power,2024,1,0.53,energy-charts,True
BG,power,2024,2,0.48,energy-charts,True
BG,power,2024,3,0.45,energy-charts,True
BG,power,2024,4,0.28,energy-charts,True
BG,power,2024,5,0.25,energy-charts,True
BG,power,2024,6,0.24,energy-charts,True
BG,power,2024,7,0.27,energy-charts,True
BG,power,2024,8,0.28,energy-charts,True
BG,power,2024,9,0.25,energy-charts,True
BG,power,2024,10,0.28,energy-charts,True
BG,power,2024,11,0.36,energy-charts,True
BG,power,2024,12,0.44,energy-charts,True
BG,power,2025,1,0.45,energy-charts,True
BG,power,2025,2,0.4,energy-charts,True
BG,power,2025,3,0.4,energy-charts,True
BG,power,2025,4,0.29,energy-charts,True
BG,power,2025,5,0.15,energy-charts,True
BG,power,2025,6,0.24,energy-charts,True
BG,power,2025,7,0.2,energy-charts,True
BG,power,2025,8,0.18,energy-charts,True
BG,power,2025,9,0.2,energy-charts,True
BG,power,2025,10,0.29,energy-charts,True
BG,power,2025,11,0.39,energy-charts,True
BG,power,2025,12,0.44,energy-charts,True
BG,power,2026,1,0.47,energy-charts,True
BG,power,2026,2,0.43,energy-charts,True
BG,power,2026,3,0.47,energy-charts,True
BG,total,2019,1,4.19,entsog,True
BG,total,2019,2,3.42,entsog,True
BG,total,2019,3,2.97,entsog,True
BG,total,2019,4,2.64,entsog,True
BG,total,2019,5,2.14,entsog,True
BG,total,2019,6,1.81,entsog,True
BG,total,2019,7,1.91,entsog,True
BG,total,2019,8,1.59,entsog,True
BG,total,2019,9,1.66,entsog,True
BG,total,2019,10,1.92,entsog,True
BG,total,2019,11,2.71,entsog,True
BG,total,2019,12,3.49,entsog,True
BG,total,2020,1,3.86,entsog,True
BG,total,2020,2,3.36,entsog,True
BG,total,2020,3,3.16,entsog,True
BG,total,2020,4,2.42,entsog,True
BG,total,2020,5,1.92,entsog,True
BG,total,2020,6,1.91,entsog,True
BG,total,2020,7,1.78,entsog,True
BG,total,2020,8,1.62,entsog,True
BG,total,2020,9,1.75,entsog,True
BG,total,2020,10,2.54,entsog,True
BG,total,2020,11,3.35,entsog,True
BG,total,2020,12,3.64,entsog,True
BG,total,2021,1,4.08,entsog,True
BG,total,2021,2,3.68,entsog,True
BG,total,2021,3,3.98,entsog,True
BG,total,2021,4,3.03,entsog,True
BG,total,2021,5,2.49,entsog,True
BG,total,2021,6,2.36,entsog,True
BG,total,2021,7,2.66,entsog,True
BG,total,2021,8,1.94,entsog,True
BG,total,2021,9,2.09,entsog,True
BG,total,2021,10,2.42,entsog,True
BG,total,2021,11,2.88,entsog,True
BG,total,2021,12,3.72,entsog,True
BG,total,2022,1,4.02,entsog,True
BG,total,2022,2,3.18,entsog,True
BG,total,2022,3,3.49,entsog,True
BG,total,2022,4,2.21,entsog,True
BG,total,2022,5,2.04,entsog,True
BG,total,2022,6,1.93,entsog,True
BG,total,2022,7,1.85,entsog,True
BG,total,2022,8,1.37,entsog,True
BG,total,2022,9,1.36,entsog,True
BG,total,2022,10,1.47,entsog,True
BG,total,2022,11,2.33,entsog,True
BG,total,2022,12,2.92,entsog,True
BG,total,2023,1,2.76,entsog,True
BG,total,2023,2,2.67,entsog,True
BG,total,2023,3,2.78,entsog,True
BG,total,2023,4,2.26,entsog,True
BG,total,2023,5,1.54,entsog,True
BG,total,2023,6,1.45,entsog,True
BG,total,2023,7,1.78,entsog,True
BG,total,2023,8,1.66,entsog,True
BG,total,2023,9,1.8,entsog,True
BG,total,2023,10,1.89,entsog,True
BG,total,2023,11,2.64,entsog,True
BG,total,2023,12,3.04,entsog,True
BG,total,2024,1,3.08,entsog,True
BG,total,2024,2,2.51,entsog,True
BG,total,2024,3,2.74,entsog,True
BG,total,2024,4,2.05,entsog,True
BG,total,2024,5,2.01,entsog,True
BG,total,2024,6,1.82,entsog,True
BG,total,2024,7,1.59,entsog,True
BG,total,2024,8,1.83,entsog,True
BG,total,2024,9,1.9,entsog,True
BG,total,2024,10,2.2,entsog,True
BG,total,2024,11,3.04,entsog,True
BG,total,2024,12,3.08,entsog,True
BG,total,2025,1,3.08,entsog,True
BG,total,2025,2,3.12,entsog,True
BG,total,2025,3,2.68,entsog,True
BG,total,2025,4,2.28,entsog,True
BG,total,2025,5,1.76,entsog,True
BG,total,2025,6,1.54,entsog,True
BG,total,2025,7,1.56,entsog,True
BG,total,2025,8,1.52,entsog,True
BG,total,2025,9,1.81,entsog,True
BG,total,2025,10,2.31,entsog,True
BG,total,2025,11,2.7,entsog,True
BG,total,2025,12,3.26,entsog,True
BG,total,2026,1,3.66,entsog,True
BG,total,2026,2,3.27,entsog,True
BG,total,2026,3,3.2,entsog,True
CZ,power,2019,1,1.07,energy-charts,True
CZ,power,2019,2,0.84,energy-charts,True
CZ,power,2019,3,0.58,energy-charts,True
CZ,power,2019,4,0.63,energy-charts,True
CZ,power,2019,5,0.4,energy-charts,True
CZ,power,2019,6,0.86,energy-charts,True
CZ,power,2019,7,1.1,energy-charts,True
CZ,power,2019,8,1.04,energy-charts,True
CZ,power,2019,9,1.14,energy-charts,True
CZ,power,2019,10,1.23,energy-charts,True
CZ,power,2019,11,1.05,energy-charts,True
CZ,power,2019,12,0.8,energy-charts,True
CZ,power,2020,1,1.25,energy-charts,True
CZ,power,2020,2,1.08,energy-charts,True
CZ,power,2020,3,0.92,energy-charts,True
CZ,power,2020,4,0.73,energy-charts,True
CZ,power,2020,5,0.8,energy-charts,True
CZ,power,2020,6,1.03,energy-charts,True
CZ,power,2020,7,1.16,energy-charts,True
CZ,power,2020,8,0.87,energy-charts,True
CZ,power,2020,9,0.2,energy-charts,True
CZ,power,2020,10,0.49,energy-charts,True
CZ,power,2020,11,1.11,energy-charts,True
CZ,power,2020,12,1.19,energy-charts,True
CZ,power,2021,1,1.25,energy-charts,True
CZ,power,2021,2,1.08,energy-charts,True
CZ,power,2021,3,1.37,energy-charts,True
CZ,power,2021,4,1.44,energy-charts,True
CZ,power,2021,5,0.48,energy-charts,True
CZ,power,2021,6,0.99,energy-charts,True
CZ,power,2021,7,0.9,energy-charts,True
CZ,power,2021,8,0.48,energy-charts,True
CZ,power,2021,9,0.75,energy-charts,True
CZ,power,2021,10,0.81,energy-charts,True
CZ,power,2021,11,1.31,energy-charts,True
CZ,power,2021,12,1.31,energy-charts,True
CZ,power,2022,1,1.31,energy-charts,True
CZ,power,2022,2,0.92,energy-charts,True
CZ,power,2022,3,1.25,energy-charts,True
CZ,power,2022,4,0.63,energy-charts,True
CZ,power,2022,5,0.81,energy-charts,True
CZ,power,2022,6,0.92,energy-charts,True
CZ,power,2022,7,0.67,energy-charts,True
CZ,power,2022,8,0.9,energy-charts,True
CZ,power,2022,9,0.62,energy-charts,True
CZ,power,2022,10,0.7,energy-charts,True
CZ,power,2022,11,0.84,energy-charts,True
CZ,power,2022,12,1.04,energy-charts,True
CZ,power,2023,1,0.73,energy-charts,True
CZ,power,2023,2,0.77,energy-charts,True
CZ,power,2023,3,0.71,energy-charts,True
CZ,power,2023,4,0.44,energy-charts,True
CZ,power,2023,5,0.19,energy-charts,True
CZ,power,2023,6,0.6,energy-charts,True
CZ,power,2023,7,0.58,energy-charts,True
CZ,power,2023,8,0.48,energy-charts,True
CZ,power,2023,9,0.51,energy-charts,True
CZ,power,2023,10,0.52,energy-charts,True
CZ,power,2023,11,0.46,energy-charts,True
CZ,power,2023,12,0.63,energy-charts,True
CZ,power,2024,1,0.86,energy-charts,True
CZ,power,2024,2,0.5,energy-charts,True
CZ,power,2024,3,0.59,energy-charts,True
CZ,power,2024,4,0.45,energy-charts,True
CZ,power,2024,5,0.4,energy-charts,True
CZ,power,2024,6,0.44,energy-charts,True
CZ,power,2024,7,0.32,energy-charts,True
CZ,power,2024,8,0.45,energy-charts,True
CZ,power,2024,9,0.38,energy-charts,True
CZ,power,2024,10,0.58,energy-charts,True
CZ,power,2024,11,1.02,energy-charts,True
CZ,power,2024,12,0.79,energy-charts,True
CZ,power,2025,1,0.9,energy-charts,True
CZ,power,2025,2,0.86,energy-charts,True
CZ,power,2025,3,0.83,energy-charts,True
CZ,power,2025,4,0.61,energy-charts,True
CZ,power,2025,5,0.35,energy-charts,True
CZ,power,2025,6,0.48,energy-charts,True
CZ,power,2025,7,0.59,energy-charts,True
CZ,power,2025,8,0.32,energy-charts,True
CZ,power,2025,9,0.18,energy-charts,True
CZ,power,2025,10,0.38,energy-charts,True
CZ,power,2025,11,0.5,energy-charts,True
CZ,power,2025,12,0.97,energy-charts,True
CZ,power,2026,1,1.67,energy-charts,True
CZ,power,2026,2,1.23,energy-charts,True
CZ,power,2026,3,0.76,energy-charts,True
CZ,total,2019,1,13.79,eurostat,True
CZ,total,2019,2,10.73,eurostat,True
CZ,total,2019,3,9.05,eurostat,True
CZ,total,2019,4,6.52,eurostat,True
CZ,total,2019,5,6.0,eurostat,True
CZ,total,2019,6,4.18,eurostat,True
CZ,total,2019,7,4.24,eurostat,True
CZ,total,2019,8,4.21,eurostat,True
CZ,total,2019,9,5.16,eurostat,True
CZ,total,2019,10,7.67,eurostat,True
CZ,total,2019,11,9.69,eurostat,True
CZ,total,2019,12,11.28,eurostat,True
CZ,total,2020,1,12.96,eurostat,True
CZ,total,2020,2,10.46,eurostat,True
CZ,total,2020,3,9.79,eurostat,True
CZ,total,2020,4,6.2,eurostat,True
CZ,total,2020,5,5.32,eurostat,True
CZ,total,2020,6,4.41,eurostat,True
CZ,total,2020,7,4.54,eurostat,True
CZ,total,2020,8,4.3,eurostat,True
CZ,total,2020,9,4.53,eurostat,True
CZ,total,2020,10,7.99,eurostat,True
CZ,total,2020,11,10.96,eurostat,True
CZ,total,2020,12,12.58,eurostat,True
CZ,total,2021,1,13.65,eurostat,True
CZ,total,2021,2,12.52,eurostat,True
CZ,total,2021,3,11.64,eurostat,True
CZ,total,2021,4,9.39,eurostat,True
CZ,total,2021,5,6.28,eurostat,True
CZ,total,2021,6,4.41,eurostat,True
CZ,total,2021,7,4.18,eurostat,True
CZ,total,2021,8,3.96,eurostat,True
CZ,total,2021,9,4.65,eurostat,True
CZ,total,2021,10,7.51,eurostat,True
CZ,total,2021,11,10.53,eurostat,True
CZ,total,2021,12,12.04,eurostat,True
CZ,total,2022,1,11.98,eurostat,True
CZ,total,2022,2,11.98,eurostat,True
CZ,total,2022,3,9.67,eurostat,True
CZ,total,2022,4,7.38,eurostat,True
CZ,total,2022,5,4.21,eurostat,True
CZ,total,2022,6,3.66,eurostat,True
CZ,total,2022,7,3.33,eurostat,True
CZ,total,2022,8,3.33,eurostat,True
CZ,total,2022,9,4.3,eurostat,True
CZ,total,2022,10,5.75,eurostat,True
CZ,total,2022,11,8.31,eurostat,True
CZ,total,2022,12,10.59,eurostat,True
CZ,total,2023,1,9.73,eurostat,True
CZ,total,2023,2,9.42,eurostat,True
CZ,total,2023,3,8.41,eurostat,True
CZ,total,2023,4,6.66,eurostat,True
CZ,total,2023,5,4.05,eurostat,True
CZ,total,2023,6,3.51,eurostat,True
CZ,total,2023,7,3.17,eurostat,True
CZ,total,2023,8,3.17,eurostat,True
CZ,total,2023,9,3.41,eurostat,True
CZ,total,2023,10,5.19,eurostat,True
CZ,total,2023,11,8.04,eurostat,True
CZ,total,2023,12,9.66,eurostat,True
CZ,total,2024,1,11.47,eurostat,True
CZ,total,2024,2,7.76,eurostat,True
CZ,total,2024,3,7.28,eurostat,True
CZ,total,2024,4,5.16,eurostat,True
CZ,total,2024,5,3.49,eurostat,True
CZ,total,2024,6,3.32,eurostat,True
CZ,total,2024,7,2.95,eurostat,True
CZ,total,2024,8,3.13,eurostat,True
CZ,total,2024,9,3.67,eurostat,True
CZ,total,2024,10,6.2,eurostat,True
CZ,total,2024,11,9.45,eurostat,True
CZ,total,2024,12,10.34,eurostat,True
CZ,total,2025,1,11.47,eurostat,True
CZ,total,2025,2,10.51,eurostat,True
CZ,total,2025,3,8.23,eurostat,True
CZ,total,2025,4,5.53,eurostat,True
CZ,total,2025,5,4.6,eurostat,True
CZ,total,2025,6,3.29,eurostat,True
CZ,total,2025,7,3.23,eurostat,True
CZ,total,2025,8,2.97,eurostat,True
CZ,total,2025,9,3.53,eurostat,True
CZ,total,2025,10,6.84,eurostat,True
CZ,total,2025,11,8.88,eurostat,True
CZ,total,2025,12,10.28,eurostat,True
CZ,total,2026,1,13.53,eurostat,True
CZ,total,2026,2,10.16,eurostat,True
CZ,total,2026,3,4.77,eurostat,True
DE,household,2019,1,71.05,bundesnetzagentur,True
DE,household,2019,2,51.66,bundesnetzagentur,True
DE,household,2019,3,46.04,bundesnetzagentur,True
DE,household,2019,4,28.59,bundesnetzagentur,True
DE,household,2019,5,23.99,bundesnetzagentur,True
DE,household,2019,6,7.47,bundesnetzagentur,True
DE,household,2019,7,7.56,bundesnetzagentur,True
DE,household,2019,8,7.07,bundesnetzagentur,True
DE,household,2019,9,13.17,bundesnetzagentur,True
DE,household,2019,10,27.93,bundesnetzagentur,True
DE,household,2019,11,49.77,bundesnetzagentur,True
DE,household,2019,12,58.78,bundesnetzagentur,True
DE,household,2020,1,61.04,bundesnetzagentur,True
DE,household,2020,2,51.59,bundesnetzagentur,True
DE,household,2020,3,48.58,bundesnetzagentur,True
DE,household,2020,4,24.9,bundesnetzagentur,True
DE,household,2020,5,19.5,bundesnetzagentur,True
DE,household,2020,6,9.84,bundesnetzagentur,True
DE,household,2020,7,8.49,bundesnetzagentur,True
DE,household,2020,8,6.94,bundesnetzagentur,True
DE,household,2020,9,12.42,bundesnetzagentur,True
DE,household,2020,10,31.65,bundesnetzagentur,True
DE,household,2020,11,44.91,bundesnetzagentur,True
DE,household,2020,12,60.48,bundesnetzagentur,True
DE,household,2021,1,70.49,bundesnetzagentur,True
DE,household,2021,2,59.64,bundesnetzagentur,True
DE,household,2021,3,52.42,bundesnetzagentur,True
DE,household,2021,4,41.67,bundesnetzagentur,True
DE,household,2021,5,26.78,bundesnetzagentur,True
DE,household,2021,6,8.1,bundesnetzagentur,True
DE,household,2021,7,7.84,bundesnetzagentur,True
DE,household,2021,8,9.52,bundesnetzagentur,True
DE,household,2021,9,12.33,bundesnetzagentur,True
DE,household,2021,10,31.59,bundesnetzagentur,True
DE,household,2021,11,50.07,bundesnetzagentur,True
DE,household,2021,12,62.99,bundesnetzagentur,True
DE,household,2022,1,63.86,bundesnetzagentur,True
DE,household,2022,2,52.02,bundesnetzagentur,True
DE,household,2022,3,46.04,bundesnetzagentur,True
DE,household,2022,4,33.6,bundesnetzagentur,True
DE,household,2022,5,13.18,bundesnetzagentur,True
DE,household,2022,6,7.98,bundesnetzagentur,True
DE,household,2022,7,6.57,bundesnetzagentur,True
DE,household,2022,8,5.74,bundesnetzagentur,True
DE,household,2022,9,12.15,bundesnetzagentur,True
DE,household,2022,10,18.2,bundesnetzagentur,True
DE,household,2022,11,35.52,bundesnetzagentur,True
DE,household,2022,12,58.0,bundesnetzagentur,True
DE,household,2023,1,52.98,bundesnetzagentur,True
DE,household,2023,2,47.85,bundesnetzagentur,True
DE,household,2023,3,43.68,bundesnetzagentur,True
DE,household,2023,4,31.5,bundesnetzagentur,True
DE,household,2023,5,14.72,bundesnetzagentur,True
DE,household,2023,6,6.72,bundesnetzagentur,True
DE,household,2023,7,6.51,bundesnetzagentur,True
DE,household,2023,8,6.98,bundesnetzagentur,True
DE,household,2023,9,7.29,bundesnetzagentur,True
DE,household,2023,10,20.24,bundesnetzagentur,True
DE,household,2023,11,42.24,bundesnetzagentur,True
DE,household,2023,12,53.51,bundesnetzagentur,True
DE,household,2024,1,63.27,bundesnetzagentur,True
DE,household,2024,2,41.27,bundesnetzagentur,True
DE,household,2024,3,36.8,bundesnetzagentur,True
DE,household,2024,4,26.04,bundesnetzagentur,True
DE,household,2024,5,11.16,bundesnetzagentur,True
DE,household,2024,6,8.88,bundesnetzagentur,True
DE,household,2024,7,6.7,bundesnetzagentur,True
DE,household,2024,8,5.89,bundesnetzagentur,True
DE,household,2024,9,10.59,bundesnetzagentur,True
DE,household,2024,10,23.99,bundesnetzagentur,True
DE,household,2024,11,43.92,bundesnetzagentur,True
DE,household,2024,12,55.55,bundesnetzagentur,True
DE,household,2025,1,61.63,bundesnetzagentur,True
DE,household,2025,2,53.96,bundesnetzagentur,True
DE,household,2025,3,39.8,bundesnetzagentur,True
DE,household,2025,4,22.32,bundesnetzagentur,True
DE,household,2025,5,14.17,bundesnetzagentur,True
DE,household,2025,6,7.35,bundesnetzagentur,True
DE,household,2025,7,6.51,bundesnetzagentur,True
DE,household,2025,8,6.73,bundesnetzagentur,True
DE,household,2025,9,10.95,bundesnetzagentur,True
DE,household,2025,10,27.4,bundesnetzagentur,True
DE,household,2025,11,43.47,bundesnetzagentur,True
DE,household,2025,12,53.32,bundesnetzagentur,True
DE,household,2026,1,68.17,bundesnetzagentur,True
DE,household,2026,2,48.64,bundesnetzagentur,True
DE,household,2026,3,33.7,bundesnetzagentur,True
DE,power,2019,1,11.8,energy-charts,True
DE,power,2019,2,9.16,energy-charts,True
DE,power,2019,3,6.97,energy-charts,True
DE,power,2019,4,6.27,energy-charts,True
DE,power,2019,5,6.29,energy-charts,True
DE,power,2019,6,5.78,energy-charts,True
DE,power,2019,7,7.77,energy-charts,True
DE,power,2019,8,8.09,energy-charts,True
DE,power,2019,9,8.6,energy-charts,True
DE,power,2019,10,10.73,energy-charts,True
DE,power,2019,11,10.91,energy-charts,True
DE,power,2019,12,9.53,energy-charts,True
DE,power,2020,1,12.39,energy-charts,True
DE,power,2020,2,8.78,energy-charts,True
DE,power,2020,3,9.05,energy-charts,True
DE,power,2020,4,6.43,energy-charts,True
DE,power,2020,5,6.88,energy-charts,True
DE,power,2020,6,9.23,energy-charts,True
DE,power,2020,7,10.1,energy-charts,True
DE,power,2020,8,9.16,energy-charts,True
DE,power,2020,9,8.37,energy-charts,True
DE,power,2020,10,8.56,energy-charts,True
DE,power,2020,11,12.11,energy-charts,True
DE,power,2020,12,13.15,energy-charts,True
DE,power,2021,1,13.72,energy-charts,True
DE,power,2021,2,12.0,energy-charts,True
DE,power,2021,3,12.1,energy-charts,True
DE,power,2021,4,10.12,energy-charts,True
DE,power,2021,5,5.86,energy-charts,True
DE,power,2021,6,6.75,energy-charts,True
DE,power,2021,7,5.62,energy-charts,True
DE,power,2021,8,3.51,energy-charts,True
DE,power,2021,9,5.81,energy-charts,True
DE,power,2021,10,5.59,energy-charts,True
DE,power,2021,11,11.19,energy-charts,True
DE,power,2021,12,11.3,energy-charts,True
DE,power,2022,1,12.07,energy-charts,True
DE,power,2022,2,7.95,energy-charts,True
DE,power,2022,3,10.58,energy-charts,True
DE,power,2022,4,6.52,energy-charts,True
DE,power,2022,5,6.06,energy-charts,True
DE,power,2022,6,5.5,energy-charts,True
DE,power,2022,7,4.87,energy-charts,True
DE,power,2022,8,5.82,energy-charts,True
DE,power,2022,9,4.86,energy-charts,True
DE,power,2022,10,6.47,energy-charts,True
DE,power,2022,11,7.69,energy-charts,True
DE,power,2022,12,11.92,energy-charts,True
DE,power,2023,1,9.86,energy-charts,True
DE,power,2023,2,10.46,energy-charts,True
DE,power,2023,3,9.13,energy-charts,True
DE,power,2023,4,6.87,energy-charts,True
DE,power,2023,5,5.21,energy-charts,True
DE,power,2023,6,5.49,energy-charts,True
DE,power,2023,7,4.99,energy-charts,True
DE,power,2023,8,5.87,energy-charts,True
DE,power,2023,9,5.24,energy-charts,True
DE,power,2023,10,6.71,energy-charts,True
DE,power,2023,11,8.92,energy-charts,True
DE,power,2023,12,9.76,energy-charts,True
DE,power,2024,1,12.23,energy-charts,True
DE,power,2024,2,8.86,energy-charts,True
DE,power,2024,3,9.09,energy-charts,True
DE,power,2024,4,7.08,energy-charts,True
DE,power,2024,5,5.81,energy-charts,True
DE,power,2024,6,4.63,energy-charts,True
DE,power,2024,7,4.25,energy-charts,True
DE,power,2024,8,4.73,energy-charts,True
DE,power,2024,9,5.05,energy-charts,True
DE,power,2024,10,7.71,energy-charts,True
DE,power,2024,11,14.12,energy-charts,True
DE,power,2024,12,13.32,energy-charts,True
DE,power,2025,1,15.85,energy-charts,True
DE,power,2025,2,15.41,energy-charts,True
DE,power,2025,3,11.31,energy-charts,True
DE,power,2025,4,6.16,energy-charts,True
DE,power,2025,5,3.72,energy-charts,True
DE,power,2025,6,4.81,energy-charts,True
DE,power,2025,7,5.03,energy-charts,True
DE,power,2025,8,4.09,energy-charts,True
DE,power,2025,9,5.31,energy-charts,True
DE,power,2025,10,10.52,energy-charts,True
DE,power,2025,11,15.05,energy-charts,True
DE,power,2025,12,15.05,energy-charts,True
DE,power,2026,1,19.63,energy-charts,True
DE,power,2026,2,16.07,energy-charts,True
DE,power,2026,3,9.33,energy-charts,True
DE,total,2019,1,135.07,gaspool-ncg,True
DE,total,2019,2,105.01,gaspool-ncg,True
DE,total,2019,3,96.27,gaspool-ncg,True
DE,total,2019,4,74.94,gaspool-ncg,True
DE,total,2019,5,69.88,gaspool-ncg,True
DE,total,2019,6,44.78,gaspool-ncg,True
DE,total,2019,7,48.48,gaspool-ncg,True
DE,total,2019,8,46.51,gaspool-ncg,True
DE,total,2019,9,56.43,gaspool-ncg,True
DE,total,2019,10,76.09,gaspool-ncg,True
DE,total,2019,11,105.02,gaspool-ncg,True
DE,total,2019,12,113.7,gaspool-ncg,True
DE,total,2020,1,121.33,gaspool-ncg,True
DE,total,2020,2,102.66,gaspool-ncg,True
DE,total,2020,3,104.2,gaspool-ncg,True
DE,total,2020,4,68.52,gaspool-ncg,True
DE,total,2020,5,62.31,gaspool-ncg,True
DE,total,2020,6,50.37,gaspool-ncg,True
DE,total,2020,7,50.82,gaspool-ncg,True
DE,total,2020,8,47.59,gaspool-ncg,True
DE,total,2020,9,55.41,gaspool-ncg,True
DE,total,2020,10,79.86,gaspool-ncg,True
DE,total,2020,11,100.62,gaspool-ncg,True
DE,total,2020,12,122.97,gaspool-ncg,True
DE,total,2021,1,139.73,gaspool-ncg,True
DE,total,2021,2,119.62,gaspool-ncg,True
DE,total,2021,3,114.32,gaspool-ncg,True
DE,total,2021,4,96.2,gaspool-ncg,True
DE,total,2021,5,71.39,gaspool-ncg,True
DE,total,2021,6,47.03,gaspool-ncg,True
DE,total,2021,7,46.33,gaspool-ncg,True
DE,total,2021,8,45.7,gaspool-ncg,True
DE,total,2021,9,50.36,gaspool-ncg,True
DE,total,2021,10,75.6,the,True
DE,total,2021,11,106.62,the,True
DE,total,2021,12,121.72,the,True
DE,total,2022,1,123.71,the,True
DE,total,2022,2,101.53,the,True
DE,total,2022,3,103.12,the,True
DE,total,2022,4,79.4,the,True
DE,total,2022,5,51.98,the,True
DE,total,2022,6,41.86,the,True
DE,total,2022,7,38.5,the,True
DE,total,2022,8,36.48,the,True
DE,total,2022,9,47.35,the,True
DE,total,2022,10,55.38,the,True
DE,total,2022,11,80.24,the,True
DE,total,2022,12,110.21,the,True
DE,total,2023,1,103.19,the,True
DE,total,2023,2,96.11,the,True
DE,total,2023,3,92.02,the,True
DE,total,2023,4,72.98,the,True
DE,total,2023,5,49.78,the,True
DE,total,2023,6,38.49,the,True
DE,total,2023,7,37.38,the,True
DE,total,2023,8,39.2,the,True
DE,total,2023,9,39.64,the,True
DE,total,2023,10,59.23,the,True
DE,total,2023,11,89.65,the,True
DE,total,2023,12,102.51,the,True
DE,total,2024,1,120.52,the,True
DE,total,2024,2,86.35,the,True
DE,total,2024,3,82.58,the,True
DE,total,2024,4,67.31,the,True
DE,total,2024,5,47.6,the,True
DE,total,2024,6,42.83,the,True
DE,total,2024,7,39.11,the,True
DE,total,2024,8,37.16,the,True
DE,total,2024,9,44.64,the,True
DE,total,2024,10,63.65,the,True
DE,total,2024,11,96.62,the,True
DE,total,2024,12,109.94,the,True
DE,total,2025,1,122.8,the,True
DE,total,2025,2,109.89,the,True
DE,total,2025,3,89.84,the,True
DE,total,2025,4,61.25,the,True
DE,total,2025,5,49.47,the,True
DE,total,2025,6,37.03,the,True
DE,total,2025,7,37.67,the,True
DE,total,2025,8,36.81,the,True
DE,total,2025,9,44.73,the,True
DE,total,2025,10,69.91,the,True
DE,total,2025,11,96.47,the,True
DE,total,2025,12,108.77,the,True
DE,total,2026,1,135.48,the,True
DE,total,2026,2,105.6,the,True
DE,total,2026,3,84.45,the,True
DK,power,2019,1,0.78,energy-charts,True
DK,power,2019,2,0.62,energy-charts,True
DK,power,2019,3,0.55,energy-charts,True
DK,power,2019,4,0.35,energy-charts,True
DK,power,2019,5,0.29,energy-charts,True
DK,power,2019,6,0.21,energy-charts,True
DK,power,2019,7,0.26,energy-charts,True
DK,power,2019,8,0.31,energy-charts,True
DK,power,2019,9,0.31,energy-charts,True
DK,power,2019,10,0.44,energy-charts,True
DK,power,2019,11,0.57,energy-charts,True
DK,power,2019,12,0.54,energy-charts,True
DK,power,2020,1,0.45,energy-charts,True
DK,power,2020,2,0.35,energy-charts,True
DK,power,2020,3,0.37,energy-charts,True
DK,power,2020,4,0.28,energy-charts,True
DK,power,2020,5,0.26,energy-charts,True
DK,power,2020,6,0.2,energy-charts,True
DK,power,2020,7,0.18,energy-charts,True
DK,power,2020,8,0.17,energy-charts,True
DK,power,2020,9,0.22,energy-charts,True
DK,power,2020,10,0.28,energy-charts,True
DK,power,2020,11,0.35,energy-charts,True
DK,power,2020,12,0.54,energy-charts,True
DK,power,2021,1,0.75,energy-charts,True
DK,power,2021,2,0.67,energy-charts,True
DK,power,2021,3,0.57,energy-charts,True
DK,power,2021,4,0.46,energy-charts,True
DK,power,2021,5,0.44,energy-charts,True
DK,power,2021,6,0.25,energy-charts,True
DK,power,2021,7,0.2,energy-charts,True
DK,power,2021,8,0.2,energy-charts,True
DK,power,2021,9,0.23,energy-charts,True
DK,power,2021,10,0.35,energy-charts,True
DK,power,2021,11,0.5,energy-charts,True
DK,power,2021,12,0.62,energy-charts,True
DK,power,2022,1,0.55,energy-charts,True
DK,power,2022,2,0.4,energy-charts,True
DK,power,2022,3,0.49,energy-charts,True
DK,power,2022,4,0.33,energy-charts,True
DK,power,2022,5,0.28,energy-charts,True
DK,power,2022,6,0.23,energy-charts,True
DK,power,2022,7,0.2,energy-charts,True
DK,power,2022,8,0.2,energy-charts,True
DK,power,2022,9,0.24,energy-charts,True
DK,power,2022,10,0.34,energy-charts,True
DK,power,2022,11,0.37,energy-charts,True
DK,power,2022,12,0.65,energy-charts,True
DK,power,2023,1,0.54,energy-charts,True
DK,power,2023,2,0.5,energy-charts,True
DK,power,2023,3,0.5,energy-charts,True
DK,power,2023,4,0.34,energy-charts,True
DK,power,2023,5,0.24,energy-charts,True
DK,power,2023,6,0.14,energy-charts,True
DK,power,2023,7,0.15,energy-charts,True
DK,power,2023,8,0.15,energy-charts,True
DK,power,2023,9,0.16,energy-charts,True
DK,power,2023,10,0.24,energy-charts,True
DK,power,2023,11,0.45,energy-charts,True
DK,power,2023,12,0.47,energy-charts,True
DK,power,2024,1,0.6,energy-charts,True
DK,power,2024,2,0.43,energy-charts,True
DK,power,2024,3,0.45,energy-charts,True
DK,power,2024,4,0.31,energy-charts,True
DK,power,2024,5,0.18,energy-charts,True
DK,power,2024,6,0.14,energy-charts,True
DK,power,2024,7,0.17,energy-charts,True
DK,power,2024,8,0.18,energy-charts,True
DK,power,2024,9,0.16,energy-charts,True
DK,power,2024,10,0.27,energy-charts,True
DK,power,2024,11,0.41,energy-charts,True
DK,power,2024,12,0.41,energy-charts,True
DK,power,2025,1,0.47,energy-charts,True
DK,power,2025,2,0.46,energy-charts,True
DK,power,2025,3,0.32,energy-charts,True
DK,power,2025,4,0.21,energy-charts,True
DK,power,2025,5,0.14,energy-charts,True
DK,power,2025,6,0.16,energy-charts,True
DK,power,2025,7,0.17,energy-charts,True
DK,power,2025,8,0.17,energy-charts,True
DK,power,2025,9,0.16,energy-charts,True
DK,power,2025,10,0.25,energy-charts,True
DK,power,2025,11,0.4,energy-charts,True
DK,power,2025,12,0.44,energy-charts,True
DK,power,2026,1,0.47,energy-charts,True
DK,power,2026,2,0.24,energy-charts,True
DK,power,2026,3,0.11,energy-charts,True
DK,total,2019,1,4.12,energinet,True
DK,total,2019,2,3.12,energinet,True
DK,total,2019,3,3.01,energinet,True
DK,total,2019,4,2.11,energinet,True
DK,total,2019,5,1.94,energinet,True
DK,total,2019,6,1.32,energinet,True
DK,total,2019,7,1.28,energinet,True
DK,total,2019,8,1.5,energinet,True
DK,total,2019,9,1.69,energinet,True
DK,total,2019,10,2.6,energinet,True
DK,total,2019,11,3.14,energinet,True
DK,total,2019,12,3.11,energinet,True
DK,total,2020,1,2.98,energinet,True
DK,total,2020,2,2.96,energinet,True
DK,total,2020,3,2.84,energinet,True
DK,total,2020,4,2.12,energinet,True
DK,total,2020,5,1.75,energinet,True
DK,total,2020,6,1.5,energinet,True
DK,total,2020,7,1.24,energinet,True
DK,total,2020,8,1.2,energinet,True
DK,total,2020,9,1.56,energinet,True
DK,total,2020,10,2.12,energinet,True
DK,total,2020,11,2.65,energinet,True
DK,total,2020,12,3.28,energinet,True
DK,total,2021,1,3.93,energinet,True
DK,total,2021,2,3.78,energinet,True
DK,total,2021,3,3.04,energinet,True
DK,total,2021,4,2.39,energinet,True
DK,total,2021,5,1.91,energinet,True
DK,total,2021,6,1.3,energinet,True
DK,total,2021,7,1.01,energinet,True
DK,total,2021,8,1.31,energinet,True
DK,total,2021,9,1.44,energinet,True
DK,total,2021,10,1.87,energinet,True
DK,total,2021,11,2.48,energinet,True
DK,total,2021,12,3.27,energinet,True
DK,total,2022,1,2.92,energinet,True
DK,total,2022,2,2.47,energinet,True
DK,total,2022,3,2.52,energinet,True
DK,total,2022,4,1.8,energinet,True
DK,total,2022,5,1.33,energinet,True
DK,total,2022,6,1.15,energinet,True
DK,total,2022,7,0.86,energinet,True
DK,total,2022,8,0.9,energinet,True
DK,total,2022,9,1.04,energinet,True
DK,total,2022,10,1.31,energinet,True
DK,total,2022,11,1.77,energinet,True
DK,total,2022,12,2.74,energinet,True
DK,total,2023,1,2.51,energinet,True
DK,total,2023,2,2.31,energinet,True
DK,total,2023,3,2.33,energinet,True
DK,total,2023,4,1.61,energinet,True
DK,total,2023,5,1.21,energinet,True
DK,total,2023,6,1.05,energinet,True
DK,total,2023,7,0.95,energinet,True
DK,total,2023,8,1.2,energinet,True
DK,total,2023,9,1.04,energinet,True
DK,total,2023,10,1.66,energinet,True
DK,total,2023,11,2.42,energinet,True
DK,total,2023,12,2.48,energinet,True
DK,total,2024,1,3.46,energinet,True
DK,total,2024,2,2.2,energinet,True
DK,total,2024,3,2.17,energinet,True
DK,total,2024,4,1.84,energinet,True
DK,total,2024,5,1.1,energinet,True
DK,total,2024,6,1.1,energinet,True
DK,total,2024,7,0.82,energinet,True
DK,total,2024,8,0.97,energinet,True
DK,total,2024,9,1.16,energinet,True
DK,total,2024,10,1.66,energinet,True
DK,total,2024,11,2.29,energinet,True
DK,total,2024,12,2.46,energinet,True
DK,total,2025,1,3.07,energinet,True
DK,total,2025,2,2.75,energinet,True
DK,total,2025,3,1.96,energinet,True
DK,total,2025,4,1.33,energinet,True
DK,total,2025,5,1.12,energinet,True
DK,total,2025,6,1.1,energinet,True
DK,total,2025,7,0.89,energinet,True
DK,total,2025,8,0.91,energinet,True
DK,total,2025,9,1.24,energinet,True
DK,total,2025,10,1.8,energinet,True
DK,total,2025,11,2.28,energinet,True
DK,total,2025,12,2.25,energinet,True
DK,total,2026,1,3.92,energinet,True
DK,total,2026,2,3.51,energinet,True
DK,total,2026,3,1.86,energinet,True
EE,power,2019,1,0.0,energy-charts,True
EE,power,2019,2,0.0,energy-charts,True
EE,power,2019,3,0.0,energy-charts,True
EE,power,2019,4,0.0,energy-charts,True
EE,power,2019,5,0.0,energy-charts,True
EE,power,2019,6,0.0,energy-charts,True
EE,power,2019,7,0.0,energy-charts,True
EE,power,2019,8,0.0,energy-charts,True
EE,power,2019,9,0.0,energy-charts,True
EE,power,2019,10,0.0,energy-charts,True
EE,power,2019,11,0.0,energy-charts,True
EE,power,2019,12,0.0,energy-charts,True
EE,power,2020,1,0.0,energy-charts,True
EE,power,2020,2,0.0,energy-charts,True
EE,power,2020,3,0.0,energy-charts,True
EE,power,2020,4,0.0,energy-charts,True
EE,power,2020,5,0.0,energy-charts,True
EE,power,2020,6,0.0,energy-charts,True
EE,power,2020,7,0.0,energy-charts,True
EE,power,2020,8,0.0,energy-charts,True
EE,power,2020,9,0.0,energy-charts,True
EE,power,2020,10,0.0,energy-charts,True
EE,power,2020,11,0.0,energy-charts,True
EE,power,2020,12,0.0,energy-charts,True
EE,power,2021,1,0.0,energy-charts,True
EE,power,2021,2,0.0,energy-charts,True
EE,power,2021,3,0.0,energy-charts,True
EE,power,2021,4,0.0,energy-charts,True
EE,power,2021,5,0.0,energy-charts,True
EE,power,2021,6,0.0,energy-charts,True
EE,power,2021,7,0.0,energy-charts,True
EE,power,2021,8,0.0,energy-charts,True
EE,power,2021,9,0.0,energy-charts,True
EE,power,2021,10,0.0,energy-charts,True
EE,power,2021,11,0.0,energy-charts,True
EE,power,2021,12,0.0,energy-charts,True
EE,power,2022,1,0.0,energy-charts,True
EE,power,2022,2,0.0,energy-charts,True
EE,power,2022,3,0.0,energy-charts,True
EE,power,2022,4,0.01,energy-charts,True
EE,power,2022,5,0.0,energy-charts,True
EE,power,2022,6,0.0,energy-charts,True
EE,power,2022,7,0.0,energy-charts,True
EE,power,2022,8,0.01,energy-charts,True
EE,power,2022,9,0.01,energy-charts,True
EE,power,2022,10,0.01,energy-charts,True
EE,power,2022,11,0.01,energy-charts,True
EE,power,2022,12,0.01,energy-charts,True
EE,power,2023,1,0.01,energy-charts,True
EE,power,2023,2,0.01,energy-charts,True
EE,power,2023,3,0.01,energy-charts,True
EE,power,2023,4,0.01,energy-charts,True
EE,power,2023,5,0.01,energy-charts,True
EE,power,2023,6,0.0,energy-charts,True
EE,power,2023,7,0.0,energy-charts,True
EE,power,2023,8,0.01,energy-charts,True
EE,power,2023,9,0.01,energy-charts,True
EE,power,2023,10,0.01,energy-charts,True
EE,power,2023,11,0.01,energy-charts,True
EE,power,2023,12,0.01,energy-charts,True
EE,power,2024,1,0.01,energy-charts,True
EE,power,2024,2,0.01,energy-charts,True
EE,power,2024,3,0.01,energy-charts,True
EE,power,2024,4,0.01,energy-charts,True
EE,power,2024,5,0.0,energy-charts,True
EE,power,2024,6,0.0,energy-charts,True
EE,power,2024,7,0.0,energy-charts,True
EE,power,2024,8,0.0,energy-charts,True
EE,power,2024,9,0.0,energy-charts,True
EE,power,2024,10,0.01,energy-charts,True
EE,power,2024,11,0.01,energy-charts,True
EE,power,2024,12,0.01,energy-charts,True
EE,power,2025,1,0.01,energy-charts,True
EE,power,2025,2,0.01,energy-charts,True
EE,power,2025,3,0.01,energy-charts,True
EE,power,2025,4,0.01,energy-charts,True
EE,power,2025,5,0.0,energy-charts,True
EE,power,2025,6,0.0,energy-charts,True
EE,power,2025,7,0.0,energy-charts,True
EE,power,2025,8,0.0,energy-charts,True
EE,power,2025,9,0.0,energy-charts,True
EE,power,2025,10,0.01,energy-charts,True
EE,power,2025,11,0.01,energy-charts,True
EE,power,2025,12,0.0,energy-charts,True
EE,power,2026,1,0.01,energy-charts,True
EE,power,2026,2,0.01,energy-charts,True
EE,power,2026,3,0.01,energy-charts,True
EE,total,2019,1,0.79,entsog,True
EE,total,2019,2,0.57,entsog,True
EE,total,2019,3,0.56,entsog,True
EE,total,2019,4,0.35,entsog,True
EE,total,2019,5,0.27,entsog,True
EE,total,2019,6,0.17,entsog,True
EE,total,2019,7,0.19,entsog,True
EE,total,2019,8,0.2,entsog,True
EE,total,2019,9,0.24,entsog,True
EE,total,2019,10,0.37,entsog,True
EE,total,2019,11,0.48,entsog,True
EE,total,2019,12,0.57,entsog,True
EE,total,2020,1,0.54,entsog,True
EE,total,2020,2,0.5,entsog,True
EE,total,2020,3,0.51,entsog,True
EE,total,2020,4,0.4,entsog,True
EE,total,2020,5,0.28,entsog,True
EE,total,2020,6,0.19,entsog,True
EE,total,2020,7,0.19,entsog,True
EE,total,2020,8,0.21,entsog,True
EE,total,2020,9,0.24,entsog,True
EE,total,2020,10,0.32,entsog,True
EE,total,2020,11,0.43,entsog,True
EE,total,2020,12,0.62,entsog,True
EE,total,2021,1,0.7,entsog,True
EE,total,2021,2,0.75,entsog,True
EE,total,2021,3,0.58,entsog,True
EE,total,2021,4,0.39,entsog,True
EE,total,2021,5,0.28,entsog,True
EE,total,2021,6,0.17,entsog,True
EE,total,2021,7,0.17,entsog,True
EE,total,2021,8,0.21,entsog,True
EE,total,2021,9,0.27,entsog,True
EE,total,2021,10,0.32,entsog,True
EE,total,2021,11,0.45,entsog,True
EE,total,2021,12,0.77,entsog,True
EE,total,2022,1,0.65,entsog,True
EE,total,2022,2,0.52,entsog,True
EE,total,2022,3,0.49,entsog,True
EE,total,2022,4,0.33,entsog,True
EE,total,2022,5,0.22,entsog,True
EE,total,2022,6,0.15,entsog,True
EE,total,2022,7,0.13,entsog,True
EE,total,2022,8,0.14,entsog,True
EE,total,2022,9,0.16,entsog,True
EE,total,2022,10,0.2,entsog,True
EE,total,2022,11,0.32,entsog,True
EE,total,2022,12,0.45,entsog,True
EE,total,2023,1,0.42,entsog,True
EE,total,2023,2,0.37,entsog,True
EE,total,2023,3,0.41,entsog,True
EE,total,2023,4,0.25,entsog,True
EE,total,2023,5,0.18,entsog,True
EE,total,2023,6,0.13,entsog,True
EE,total,2023,7,0.13,entsog,True
EE,total,2023,8,0.14,entsog,True
EE,total,2023,9,0.13,entsog,True
EE,total,2023,10,0.32,entsog,True
EE,total,2023,11,0.39,entsog,True
EE,total,2023,12,0.55,entsog,True
EE,total,2024,1,0.73,entsog,True
EE,total,2024,2,0.47,entsog,True
EE,total,2024,3,0.36,entsog,True
EE,total,2024,4,0.35,entsog,True
EE,total,2024,5,0.17,entsog,True
EE,total,2024,6,0.13,entsog,True
EE,total,2024,7,0.12,entsog,True
EE,total,2024,8,0.13,entsog,True
EE,total,2024,9,0.13,entsog,True
EE,total,2024,10,0.25,entsog,True
EE,total,2024,11,0.36,entsog,True
EE,total,2024,12,0.48,entsog,True
EE,total,2025,1,0.45,entsog,True
EE,total,2025,2,0.48,entsog,True
EE,total,2025,3,0.33,entsog,True
EE,total,2025,4,0.26,entsog,True
EE,total,2025,5,0.2,entsog,True
EE,total,2025,6,0.13,entsog,True
EE,total,2025,7,0.12,entsog,True
EE,total,2025,8,0.15,entsog,True
EE,total,2025,9,0.15,entsog,True
EE,total,2025,10,0.26,entsog,True
EE,total,2025,11,0.36,entsog,True
EE,total,2025,12,0.44,entsog,True
EE,total,2026,1,0.74,entsog,True
EE,total,2026,2,0.66,entsog,True
EE,total,2026,3,0.32,entsog,True
ES,power,2019,1,6.88,enagas,True
ES,power,2019,2,5.44,enagas,True
ES,power,2019,3,4.9,enagas,True
ES,power,2019,4,6.14,enagas,True
ES,power,2019,5,8.62,enagas,True
ES,power,2019,6,11.11,enagas,True
ES,power,2019,7,15.01,enagas,True
ES,power,2019,8,14.94,enagas,True
ES,power,2019,9,11.51,enagas,True
ES,power,2019,10,12.1,enagas,True
ES,power,2019,11,8.47,enagas,True
ES,power,2019,12,6.23,enagas,True
ES,power,2020,1,7.55,enagas,True
ES,power,2020,2,5.73,enagas,True
ES,power,2020,3,3.76,enagas,True
ES,power,2020,4,4.57,enagas,True
ES,power,2020,5,5.05,enagas,True
ES,power,2020,6,7.94,enagas,True
ES,power,2020,7,12.88,enagas,True
ES,power,2020,8,11.37,enagas,True
ES,power,2020,9,9.96,enagas,True
ES,power,2020,10,6.4,enagas,True
ES,power,2020,11,7.42,enagas,True
ES,power,2020,12,6.03,enagas,True
ES,power,2021,1,5.66,enagas,True
ES,power,2021,2,3.13,enagas,True
ES,power,2021,3,4.38,enagas,True
ES,power,2021,4,6.73,enagas,True
ES,power,2021,5,4.97,enagas,True
ES,power,2021,6,7.29,enagas,True
ES,power,2021,7,7.61,enagas,True
ES,power,2021,8,8.4,enagas,True
ES,power,2021,9,10.19,enagas,True
ES,power,2021,10,8.85,enagas,True
ES,power,2021,11,12.78,enagas,True
ES,power,2021,12,10.25,enagas,True
ES,power,2022,1,11.69,enagas,True
ES,power,2022,2,9.35,enagas,True
ES,power,2022,3,7.69,enagas,True
ES,power,2022,4,6.4,enagas,True
ES,power,2022,5,7.5,enagas,True
ES,power,2022,6,13.13,enagas,True
ES,power,2022,7,17.2,enagas,True
ES,power,2022,8,16.64,enagas,True
ES,power,2022,9,15.73,enagas,True
ES,power,2022,10,13.86,enagas,True
ES,power,2022,11,9.51,enagas,True
ES,power,2022,12,8.74,enagas,True
ES,power,2023,1,5.78,enagas,True
ES,power,2023,2,8.99,enagas,True
ES,power,2023,3,6.37,enagas,True
ES,power,2023,4,5.96,enagas,True
ES,power,2023,5,6.93,enagas,True
ES,power,2023,6,9.5,enagas,True
ES,power,2023,7,10.42,enagas,True
ES,power,2023,8,10.45,enagas,True
ES,power,2023,9,10.06,enagas,True
ES,power,2023,10,8.3,enagas,True
ES,power,2023,11,6.12,enagas,True
ES,power,2023,12,6.68,enagas,True
ES,power,2024,1,6.88,enagas,True
ES,power,2024,2,4.46,enagas,True
ES,power,2024,3,4.76,enagas,True
ES,power,2024,4,4.45,enagas,True
ES,power,2024,5,4.27,enagas,True
ES,power,2024,6,4.5,enagas,True
ES,power,2024,7,7.07,enagas,True
ES,power,2024,8,7.5,enagas,True
ES,power,2024,9,6.03,enagas,True
ES,power,2024,10,6.11,enagas,True
ES,power,2024,11,8.32,enagas,True
ES,power,2024,12,10.43,enagas,True
ES,power,2025,1,8.21,enagas,True
ES,power,2025,2,6.71,enagas,True
ES,power,2025,3,6.62,enagas,True
ES,power,2025,4,6.73,enagas,True
ES,power,2025,5,7.17,enagas,True
ES,power,2025,6,9.25,enagas,True
ES,power,2025,7,8.0,enagas,True
ES,power,2025,8,8.53,enagas,True
ES,power,2025,9,8.57,enagas,True
ES,power,2025,10,10.75,enagas,True
ES,power,2025,11,9.17,enagas,True
ES,power,2025,12,9.96,enagas,True
ES,power,2026,1,6.11,enagas,True
ES,power,2026,2,4.5,enagas,True
ES,power,2026,3,8.42,enagas,True
ES,total,2019,1,40.22,enagas,True
ES,total,2019,2,32.71,enagas,True
ES,total,2019,3,31.11,enagas,True
ES,total,2019,4,30.4,enagas,True
ES,total,2019,5,30.3,enagas,True
ES,total,2019,6,30.74,enagas,True
ES,total,2019,7,34.64,enagas,True
ES,total,2019,8,32.87,enagas,True
ES,total,2019,9,31.07,enagas,True
ES,total,2019,10,33.88,enagas,True
ES,total,2019,11,35.82,enagas,True
ES,total,2019,12,34.5,enagas,True
ES,total,2020,1,39.89,enagas,True
ES,total,2020,2,32.07,enagas,True
ES,total,2020,3,29.61,enagas,True
ES,total,2020,4,23.51,enagas,True
ES,total,2020,5,22.48,enagas,True
ES,total,2020,6,25.76,enagas,True
ES,total,2020,7,31.42,enagas,True
ES,total,2020,8,28.76,enagas,True
ES,total,2020,9,29.22,enagas,True
ES,total,2020,10,28.76,enagas,True
ES,total,2020,11,32.48,enagas,True
ES,total,2020,12,35.69,enagas,True
ES,total,2021,1,38.82,enagas,True
ES,total,2021,2,28.34,enagas,True
ES,total,2021,3,32.17,enagas,True
ES,total,2021,4,30.95,enagas,True
ES,total,2021,5,26.95,enagas,True
ES,total,2021,6,27.36,enagas,True
ES,total,2021,7,27.84,enagas,True
ES,total,2021,8,27.2,enagas,True
ES,total,2021,9,30.27,enagas,True
ES,total,2021,10,29.68,enagas,True
ES,total,2021,11,40.01,enagas,True
ES,total,2021,12,38.7,enagas,True
ES,total,2022,1,41.92,enagas,True
ES,total,2022,2,34.73,enagas,True
ES,total,2022,3,34.13,enagas,True
ES,total,2022,4,26.89,enagas,True
ES,total,2022,5,25.71,enagas,True
ES,total,2022,6,29.15,enagas,True
ES,total,2022,7,31.17,enagas,True
ES,total,2022,8,28.37,enagas,True
ES,total,2022,9,28.14,enagas,True
ES,total,2022,10,27.27,enagas,True
ES,total,2022,11,28.02,enagas,True
ES,total,2022,12,27.97,enagas,True
ES,total,2023,1,29.69,enagas,True
ES,total,2023,2,33.51,enagas,True
ES,total,2023,3,28.67,enagas,True
ES,total,2023,4,23.72,enagas,True
ES,total,2023,5,24.52,enagas,True
ES,total,2023,6,26.18,enagas,True
ES,total,2023,7,26.2,enagas,True
ES,total,2023,8,25.05,enagas,True
ES,total,2023,9,26.39,enagas,True
ES,total,2023,10,25.08,enagas,True
ES,total,2023,11,26.1,enagas,True
ES,total,2023,12,30.45,enagas,True
ES,total,2024,1,33.62,enagas,True
ES,total,2024,2,27.83,enagas,True
ES,total,2024,3,26.79,enagas,True
ES,total,2024,4,22.56,enagas,True
ES,total,2024,5,22.46,enagas,True
ES,total,2024,6,20.99,enagas,True
ES,total,2024,7,23.67,enagas,True
ES,total,2024,8,22.67,enagas,True
ES,total,2024,9,22.66,enagas,True
ES,total,2024,10,24.2,enagas,True
ES,total,2024,11,29.43,enagas,True
ES,total,2024,12,35.11,enagas,True
ES,total,2025,1,32.15,enagas,True
ES,total,2025,2,26.32,enagas,True
ES,total,2025,3,28.51,enagas,True
ES,total,2025,4,24.66,enagas,True
ES,total,2025,5,25.17,enagas,True
ES,total,2025,6,25.93,enagas,True
ES,total,2025,7,25.34,enagas,True
ES,total,2025,8,24.5,enagas,True
ES,total,2025,9,25.98,enagas,True
ES,total,2025,10,29.87,enagas,True
ES,total,2025,11,30.9,enagas,True
ES,total,2025,12,32.08,enagas,True
ES,total,2026,1,24.27,enagas,True
ES,total,2026,2,17.78,enagas,True
ES,total,2026,3,30.94,enagas,True
FI,power,2019,1,1.44,energy-charts,True
FI,power,2019,2,1.14,energy-charts,True
FI,power,2019,3,1.04,energy-charts,True
FI,power,2019,4,0.63,energy-charts,True
FI,power,2019,5,0.48,energy-charts,True
FI,power,2019,6,0.32,energy-charts,True
FI,power,2019,7,0.33,energy-charts,True
FI,power,2019,8,0.37,energy-charts,True
FI,power,2019,9,0.65,energy-charts,True
FI,power,2019,10,0.83,energy-charts,True
FI,power,2019,11,0.87,energy-charts,True
FI,power,2019,12,0.88,energy-charts,True
FI,power,2020,1,1.0,energy-charts,True
FI,power,2020,2,0.84,energy-charts,True
FI,power,2020,3,0.84,energy-charts,True
FI,power,2020,4,0.58,energy-charts,True
FI,power,2020,5,0.59,energy-charts,True
FI,power,2020,6,0.47,energy-charts,True
FI,power,2020,7,0.34,energy-charts,True
FI,power,2020,8,0.5,energy-charts,True
FI,power,2020,9,0.71,energy-charts,True
FI,power,2020,10,0.85,energy-charts,True
FI,power,2020,11,0.63,energy-charts,True
FI,power,2020,12,0.95,energy-charts,True
FI,power,2021,1,1.26,energy-charts,True
FI,power,2021,2,1.2,energy-charts,True
FI,power,2021,3,1.12,energy-charts,True
FI,power,2021,4,0.74,energy-charts,True
FI,power,2021,5,0.48,energy-charts,True
FI,power,2021,6,0.39,energy-charts,True
FI,power,2021,7,0.39,energy-charts,True
FI,power,2021,8,0.42,energy-charts,True
FI,power,2021,9,0.45,energy-charts,True
FI,power,2021,10,0.42,energy-charts,True
FI,power,2021,11,0.49,energy-charts,True
FI,power,2021,12,0.98,energy-charts,True
FI,power,2022,1,0.47,energy-charts,True
FI,power,2022,2,0.35,energy-charts,True
FI,power,2022,3,0.36,energy-charts,True
FI,power,2022,4,0.22,energy-charts,True
FI,power,2022,5,0.28,energy-charts,True
FI,power,2022,6,0.24,energy-charts,True
FI,power,2022,7,0.28,energy-charts,True
FI,power,2022,8,0.22,energy-charts,True
FI,power,2022,9,0.17,energy-charts,True
FI,power,2022,10,0.27,energy-charts,True
FI,power,2022,11,0.36,energy-charts,True
FI,power,2022,12,0.37,energy-charts,True
FI,power,2023,1,0.34,energy-charts,True
FI,power,2023,2,0.42,energy-charts,True
FI,power,2023,3,0.37,energy-charts,True
FI,power,2023,4,0.33,energy-charts,True
FI,power,2023,5,0.26,energy-charts,True
FI,power,2023,6,0.24,energy-charts,True
FI,power,2023,7,0.23,energy-charts,True
FI,power,2023,8,0.26,energy-charts,True
FI,power,2023,9,0.22,energy-charts,True
FI,power,2023,10,0.21,energy-charts,True
FI,power,2023,11,0.29,energy-charts,True
FI,power,2023,12,0.44,energy-charts,True
FI,power,2024,1,0.51,energy-charts,True
FI,power,2024,2,0.4,energy-charts,True
FI,power,2024,3,0.41,energy-charts,True
FI,power,2024,4,0.3,energy-charts,True
FI,power,2024,5,0.1,energy-charts,True
FI,power,2024,6,0.08,energy-charts,True
FI,power,2024,7,0.06,energy-charts,True
FI,power,2024,8,0.05,energy-charts,True
FI,power,2024,9,0.08,energy-charts,True
FI,power,2024,10,0.13,energy-charts,True
FI,power,2024,11,0.17,energy-charts,True
FI,power,2024,12,0.18,energy-charts,True
FI,power,2025,1,0.27,energy-charts,True
FI,power,2025,2,0.23,energy-charts,True
FI,power,2025,3,0.25,energy-charts,True
FI,power,2025,4,0.14,energy-charts,True
FI,power,2025,5,0.02,energy-charts,True
FI,power,2025,6,0.04,energy-charts,True
FI,power,2025,7,0.04,energy-charts,True
FI,power,2025,8,0.07,energy-charts,True
FI,power,2025,9,0.05,energy-charts,True
FI,power,2025,10,0.13,energy-charts,True
FI,power,2025,11,0.24,energy-charts,True
FI,power,2025,12,0.18,energy-charts,True
FI,power,2026,1,0.97,energy-charts,True
FI,power,2026,2,1.0,energy-charts,True
FI,power,2026,3,0.07,energy-charts,True
FI,total,2019,1,4.09,eurostat,True
FI,total,2019,2,2.97,eurostat,True
FI,total,2019,3,2.87,eurostat,True
FI,total,2019,4,2.27,eurostat,True
FI,total,2019,5,1.65,eurostat,True
FI,total,2019,6,1.65,eurostat,True
FI,total,2019,7,1.63,eurostat,True
FI,total,2019,8,1.61,eurostat,True
FI,total,2019,9,1.8,eurostat,True
FI,total,2019,10,2.22,eurostat,True
FI,total,2019,11,2.22,eurostat,True
FI,total,2019,12,2.42,eurostat,True
FI,total,2020,1,2.71,eurostat,True
FI,total,2020,2,2.44,eurostat,True
FI,total,2020,3,2.54,eurostat,True
FI,total,2020,4,1.94,eurostat,True
FI,total,2020,5,1.72,eurostat,True
FI,total,2020,6,1.75,eurostat,True
FI,total,2020,7,1.66,eurostat,True
FI,total,2020,8,1.79,eurostat,True
FI,total,2020,9,2.15,eurostat,True
FI,total,2020,10,2.15,eurostat,True
FI,total,2020,11,2.23,eurostat,True
FI,total,2020,12,2.71,eurostat,True
FI,total,2021,1,3.81,eurostat,True
FI,total,2021,2,3.81,eurostat,True
FI,total,2021,3,2.85,eurostat,True
FI,total,2021,4,2.43,eurostat,True
FI,total,2021,5,1.09,eurostat,True
FI,total,2021,6,1.28,eurostat,True
FI,total,2021,7,1.63,eurostat,True
FI,total,2021,8,1.53,eurostat,True
FI,total,2021,9,1.86,eurostat,True
FI,total,2021,10,1.57,eurostat,True
FI,total,2021,11,1.19,eurostat,True
FI,total,2021,12,2.72,eurostat,True
FI,total,2022,1,1.91,eurostat,True
FI,total,2022,2,1.6,eurostat,True
FI,total,2022,3,1.74,eurostat,True
FI,total,2022,4,1.01,eurostat,True
FI,total,2022,5,1.1,eurostat,True
FI,total,2022,6,0.99,eurostat,True
FI,total,2022,7,0.89,eurostat,True
FI,total,2022,8,1.06,eurostat,True
FI,total,2022,9,0.79,eurostat,True
FI,total,2022,10,0.74,eurostat,True
FI,total,2022,11,0.82,eurostat,True
FI,total,2022,12,0.95,eurostat,True
FI,total,2023,1,1.4,eurostat,True
FI,total,2023,2,1.55,eurostat,True
FI,total,2023,3,1.46,eurostat,True
FI,total,2023,4,0.84,eurostat,True
FI,total,2023,5,1.49,eurostat,True
FI,total,2023,6,1.08,eurostat,True
FI,total,2023,7,1.21,eurostat,True
FI,total,2023,8,1.43,eurostat,True
FI,total,2023,9,1.24,eurostat,True
FI,total,2023,10,3.2,eurostat,True
FI,total,2023,11,1.68,eurostat,True
FI,total,2023,12,2.06,eurostat,True
FI,total,2024,1,2.48,eurostat,True
FI,total,2024,2,2.17,eurostat,True
FI,total,2024,3,1.83,eurostat,True
FI,total,2024,4,1.32,eurostat,True
FI,total,2024,5,1.12,eurostat,True
FI,total,2024,6,1.37,eurostat,True
FI,total,2024,7,1.39,eurostat,True
FI,total,2024,8,1.07,eurostat,True
FI,total,2024,9,1.41,eurostat,True
FI,total,2024,10,1.57,eurostat,True
FI,total,2024,11,1.14,eurostat,True
FI,total,2024,12,1.83,eurostat,True
FI,total,2025,1,1.68,eurostat,True
FI,total,2025,2,1.54,eurostat,True
FI,total,2025,3,1.78,eurostat,True
FI,total,2025,4,1.47,eurostat,True
FI,total,2025,5,1.29,eurostat,True
FI,total,2025,6,0.93,eurostat,True
FI,total,2025,7,1.22,eurostat,True
FI,total,2025,8,1.01,eurostat,True
FI,total,2025,9,0.67,eurostat,True
FI,total,2025,10,1.13,eurostat,True
FI,total,2025,11,1.31,eurostat,True
FI,total,2025,12,1.37,eurostat,True
FI,total,2026,1,0.74,eurostat,True
FI,total,2026,2,2.49,eurostat,True
FI,total,2026,3,1.03,eurostat,True
FR,household,2019,1,52.04,"entsog, grtgaz",True
FR,household,2019,2,38.3,"entsog, grtgaz",True
FR,household,2019,3,33.37,"entsog, grtgaz",True
FR,household,2019,4,22.78,"entsog, grtgaz",True
FR,household,2019,5,16.62,"entsog, grtgaz",True
FR,household,2019,6,8.23,"entsog, grtgaz",True
FR,household,2019,7,6.88,"entsog, grtgaz",True
FR,household,2019,8,6.13,"entsog, grtgaz",True
FR,household,2019,9,8.48,"entsog, grtgaz",True
FR,household,2019,10,17.54,"entsog, grtgaz",True
FR,household,2019,11,36.48,"entsog, grtgaz",True
FR,household,2019,12,41.75,"entsog, grtgaz",True
FR,household,2020,1,44.75,"entsog, grtgaz",True
FR,household,2020,2,36.17,"entsog, grtgaz",True
FR,household,2020,3,33.99,"entsog, grtgaz",True
FR,household,2020,4,14.77,"entsog, grtgaz",True
FR,household,2020,5,11.08,"entsog, grtgaz",True
FR,household,2020,6,8.11,"entsog, grtgaz",True
FR,household,2020,7,7.14,"entsog, grtgaz",True
FR,household,2020,8,5.98,"entsog, grtgaz",True
FR,household,2020,9,9.02,"entsog, grtgaz",True
FR,household,2020,10,22.86,"entsog, grtgaz",True
FR,household,2020,11,31.16,"entsog, grtgaz",True
FR,household,2020,12,42.65,"entsog, grtgaz",True
FR,household,2021,1,50.8,"entsog, grtgaz",True
FR,household,2021,2,38.05,"entsog, grtgaz",True
FR,household,2021,3,36.2,"entsog, grtgaz",True
FR,household,2021,4,25.8,"entsog, grtgaz",True
FR,household,2021,5,17.84,"entsog, grtgaz",True
FR,household,2021,6,7.8,"entsog, grtgaz",True
FR,household,2021,7,7.18,"entsog, grtgaz",True
FR,household,2021,8,6.47,"entsog, grtgaz",True
FR,household,2021,9,8.12,"entsog, grtgaz",True
FR,household,2021,10,19.84,"entsog, grtgaz",True
FR,household,2021,11,37.83,"entsog, grtgaz",True
FR,household,2021,12,43.34,"entsog, grtgaz",True
FR,household,2022,1,48.68,"entsog, grtgaz",True
FR,household,2022,2,35.64,"entsog, grtgaz",True
FR,household,2022,3,30.46,"entsog, grtgaz",True
FR,household,2022,4,21.48,"entsog, grtgaz",True
FR,household,2022,5,9.19,"entsog, grtgaz",True
FR,household,2022,6,7.05,"entsog, grtgaz",True
FR,household,2022,7,6.06,"entsog, grtgaz",True
FR,household,2022,8,5.35,"entsog, grtgaz",True
FR,household,2022,9,8.32,"entsog, grtgaz",True
FR,household,2022,10,10.77,"entsog, grtgaz",True
FR,household,2022,11,24.31,"entsog, grtgaz",True
FR,household,2022,12,39.73,"entsog, grtgaz",True
FR,household,2023,1,40.18,"entsog, grtgaz",True
FR,household,2023,2,34.14,"entsog, grtgaz",True
FR,household,2023,3,29.39,"entsog, grtgaz",True
FR,household,2023,4,19.76,"entsog, grtgaz",True
FR,household,2023,5,9.87,"entsog, grtgaz",True
FR,household,2023,6,6.35,"entsog, grtgaz",True
FR,household,2023,7,5.76,"entsog, grtgaz",True
FR,household,2023,8,5.29,"entsog, grtgaz",True
FR,household,2023,9,6.59,"entsog, grtgaz",True
FR,household,2023,10,11.41,"entsog, grtgaz",True
FR,household,2023,11,27.47,"entsog, grtgaz",True
FR,household,2023,12,34.24,"entsog, grtgaz",True
FR,household,2024,1,41.58,"entsog, grtgaz",True
FR,household,2024,2,28.52,"entsog, grtgaz",True
FR,household,2024,3,25.76,"entsog, grtgaz",True
FR,household,2024,4,17.58,"entsog, grtgaz",True
FR,household,2024,5,10.01,"entsog, grtgaz",True
FR,household,2024,6,7.01,"entsog, grtgaz",True
FR,household,2024,7,5.88,"entsog, grtgaz",True
FR,household,2024,8,4.77,"entsog, grtgaz",True
FR,household,2024,9,7.68,"entsog, grtgaz",True
FR,household,2024,10,13.43,"entsog, grtgaz",True
FR,household,2024,11,27.39,"entsog, grtgaz",True
FR,household,2024,12,36.67,"entsog, grtgaz",True
FR,household,2025,1,41.43,"entsog, grtgaz",True
FR,household,2025,2,33.51,"entsog, grtgaz",True
FR,household,2025,3,26.77,"entsog, grtgaz",True
FR,household,2025,4,13.64,"entsog, grtgaz",True
FR,household,2025,5,8.18,"entsog, grtgaz",True
FR,household,2025,6,5.86,"entsog, grtgaz",True
FR,household,2025,7,5.41,"entsog, grtgaz",True
FR,household,2025,8,4.67,"entsog, grtgaz",True
FR,household,2025,9,7.61,"entsog, grtgaz",True
FR,household,2025,10,14.65,"entsog, grtgaz",True
FR,household,2025,11,26.33,"entsog, grtgaz",True
FR,household,2025,12,32.82,"entsog, grtgaz",True
FR,household,2026,1,39.29,"entsog, grtgaz",True
FR,household,2026,2,26.59,"entsog, grtgaz",True
FR,household,2026,3,23.75,"entsog, grtgaz",True
FR,industry,2019,1,15.43,"entsog, grtgaz",True
FR,industry,2019,2,12.85,"entsog, grtgaz",True
FR,industry,2019,3,13.25,"entsog, grtgaz",True
FR,industry,2019,4,11.09,"entsog, grtgaz",True
FR,industry,2019,5,10.93,"entsog, grtgaz",True
FR,industry,2019,6,9.7,"entsog, grtgaz",True
FR,industry,2019,7,9.79,"entsog, grtgaz",True
FR,industry,2019,8,8.85,"entsog, grtgaz",True
FR,industry,2019,9,9.46,"entsog, grtgaz",True
FR,industry,2019,10,10.79,"entsog, grtgaz",True
FR,industry,2019,11,13.77,"entsog, grtgaz",True
FR,industry,2019,12,14.11,"entsog, grtgaz",True
FR,industry,2020,1,14.22,"entsog, grtgaz",True
FR,industry,2020,2,12.67,"entsog, grtgaz",True
FR,industry,2020,3,12.0,"entsog, grtgaz",True
FR,industry,2020,4,8.83,"entsog, grtgaz",True
FR,industry,2020,5,9.62,"entsog, grtgaz",True
FR,industry,2020,6,9.25,"entsog, grtgaz",True
FR,industry,2020,7,9.27,"entsog, grtgaz",True
FR,industry,2020,8,8.19,"entsog, grtgaz",True
FR,industry,2020,9,9.86,"entsog, grtgaz",True
FR,industry,2020,10,11.84,"entsog, grtgaz",True
FR,industry,2020,11,12.97,"entsog, grtgaz",True
FR,industry,2020,12,13.5,"entsog, grtgaz",True
FR,industry,2021,1,14.18,"entsog, grtgaz",True
FR,industry,2021,2,12.1,"entsog, grtgaz",True
FR,industry,2021,3,12.59,"entsog, grtgaz",True
FR,industry,2021,4,10.56,"entsog, grtgaz",True
FR,industry,2021,5,10.11,"entsog, grtgaz",True
FR,industry,2021,6,9.18,"entsog, grtgaz",True
FR,industry,2021,7,8.9,"entsog, grtgaz",True
FR,industry,2021,8,8.39,"entsog, grtgaz",True
FR,industry,2021,9,9.19,"entsog, grtgaz",True
FR,industry,2021,10,10.63,"entsog, grtgaz",True
FR,industry,2021,11,12.91,"entsog, grtgaz",True
FR,industry,2021,12,13.4,"entsog, grtgaz",True
FR,industry,2022,1,13.45,"entsog, grtgaz",True
FR,industry,2022,2,11.23,"entsog, grtgaz",True
FR,industry,2022,3,10.79,"entsog, grtgaz",True
FR,industry,2022,4,9.11,"entsog, grtgaz",True
FR,industry,2022,5,8.79,"entsog, grtgaz",True
FR,industry,2022,6,8.17,"entsog, grtgaz",True
FR,industry,2022,7,8.05,"entsog, grtgaz",True
FR,industry,2022,8,7.39,"entsog, grtgaz",True
FR,industry,2022,9,8.57,"entsog, grtgaz",True
FR,industry,2022,10,9.28,"entsog, grtgaz",True
FR,industry,2022,11,10.55,"entsog, grtgaz",True
FR,industry,2022,12,11.62,"entsog, grtgaz",True
FR,industry,2023,1,10.94,"entsog, grtgaz",True
FR,industry,2023,2,10.41,"entsog, grtgaz",True
FR,industry,2023,3,10.49,"entsog, grtgaz",True
FR,industry,2023,4,8.19,"entsog, grtgaz",True
FR,industry,2023,5,7.81,"entsog, grtgaz",True
FR,industry,2023,6,7.28,"entsog, grtgaz",True
FR,industry,2023,7,7.29,"entsog, grtgaz",True
FR,industry,2023,8,6.85,"entsog, grtgaz",True
FR,industry,2023,9,7.69,"entsog, grtgaz",True
FR,industry,2023,10,9.45,"entsog, grtgaz",True
FR,industry,2023,11,10.8,"entsog, grtgaz",True
FR,industry,2023,12,11.37,"entsog, grtgaz",True
FR,industry,2024,1,11.73,"entsog, grtgaz",True
FR,industry,2024,2,10.14,"entsog, grtgaz",True
FR,industry,2024,3,10.05,"entsog, grtgaz",True
FR,industry,2024,4,8.28,"entsog, grtgaz",True
FR,industry,2024,5,8.25,"entsog, grtgaz",True
FR,industry,2024,6,7.69,"entsog, grtgaz",True
FR,industry,2024,7,7.71,"entsog, grtgaz",True
FR,industry,2024,8,6.76,"entsog, grtgaz",True
FR,industry,2024,9,8.16,"entsog, grtgaz",True
FR,industry,2024,10,9.27,"entsog, grtgaz",True
FR,industry,2024,11,10.45,"entsog, grtgaz",True
FR,industry,2024,12,10.92,"entsog, grtgaz",True
FR,industry,2025,1,11.18,"entsog, grtgaz",True
FR,industry,2025,2,9.56,"entsog, grtgaz",True
FR,industry,2025,3,9.57,"entsog, grtgaz",True
FR,industry,2025,4,7.78,"entsog, grtgaz",True
FR,industry,2025,5,7.46,"entsog, grtgaz",True
FR,industry,2025,6,6.71,"entsog, grtgaz",True
FR,industry,2025,7,6.77,"entsog, grtgaz",True
FR,industry,2025,8,6.25,"entsog, grtgaz",True
FR,industry,2025,9,7.99,"entsog, grtgaz",True
FR,industry,2025,10,8.81,"entsog, grtgaz",True
FR,industry,2025,11,9.58,"entsog, grtgaz",True
FR,industry,2025,12,10.01,"entsog, grtgaz",True
FR,industry,2026,1,11.0,"entsog, grtgaz",True
FR,industry,2026,2,8.98,"entsog, grtgaz",True
FR,industry,2026,3,8.97,"entsog, grtgaz",True
FR,power,2019,1,6.6,grtgaz,True
FR,power,2019,2,4.59,grtgaz,True
FR,power,2019,3,2.17,grtgaz,True
FR,power,2019,4,2.92,grtgaz,True
FR,power,2019,5,2.74,grtgaz,True
FR,power,2019,6,2.6,grtgaz,True
FR,power,2019,7,4.49,grtgaz,True
FR,power,2019,8,3.02,grtgaz,True
FR,power,2019,9,4.55,grtgaz,True
FR,power,2019,10,5.29,grtgaz,True
FR,power,2019,11,6.24,grtgaz,True
FR,power,2019,12,3.92,grtgaz,True
FR,power,2020,1,5.97,grtgaz,True
FR,power,2020,2,3.25,grtgaz,True
FR,power,2020,3,2.97,grtgaz,True
FR,power,2020,4,0.22,grtgaz,True
FR,power,2020,5,1.51,grtgaz,True
FR,power,2020,6,4.12,grtgaz,True
FR,power,2020,7,4.23,grtgaz,True
FR,power,2020,8,4.2,grtgaz,True
FR,power,2020,9,4.15,grtgaz,True
FR,power,2020,10,3.52,grtgaz,True
FR,power,2020,11,4.7,grtgaz,True
FR,power,2020,12,4.61,grtgaz,True
FR,power,2021,1,4.95,grtgaz,True
FR,power,2021,2,3.5,grtgaz,True
FR,power,2021,3,3.71,grtgaz,True
FR,power,2021,4,4.48,grtgaz,True
FR,power,2021,5,1.36,grtgaz,True
FR,power,2021,6,2.07,grtgaz,True
FR,power,2021,7,1.98,grtgaz,True
FR,power,2021,8,0.71,grtgaz,True
FR,power,2021,9,2.36,grtgaz,True
FR,power,2021,10,2.71,grtgaz,True
FR,power,2021,11,5.94,grtgaz,True
FR,power,2021,12,5.41,grtgaz,True
FR,power,2022,1,5.83,grtgaz,True
FR,power,2022,2,3.6,grtgaz,True
FR,power,2022,3,5.93,grtgaz,True
FR,power,2022,4,5.11,grtgaz,True
FR,power,2022,5,4.54,grtgaz,True
FR,power,2022,6,3.84,grtgaz,True
FR,power,2022,7,4.99,grtgaz,True
FR,power,2022,8,4.64,grtgaz,True
FR,power,2022,9,5.03,grtgaz,True
FR,power,2022,10,5.99,grtgaz,True
FR,power,2022,11,5.62,grtgaz,True
FR,power,2022,12,5.38,grtgaz,True
FR,power,2023,1,4.49,grtgaz,True
FR,power,2023,2,5.83,grtgaz,True
FR,power,2023,3,3.5,grtgaz,True
FR,power,2023,4,3.03,grtgaz,True
FR,power,2023,5,1.7,grtgaz,True
FR,power,2023,6,2.79,grtgaz,True
FR,power,2023,7,2.81,grtgaz,True
FR,power,2023,8,2.43,grtgaz,True
FR,power,2023,9,1.99,grtgaz,True
FR,power,2023,10,1.75,grtgaz,True
FR,power,2023,11,2.77,grtgaz,True
FR,power,2023,12,2.88,grtgaz,True
FR,power,2024,1,3.9,grtgaz,True
FR,power,2024,2,1.63,grtgaz,True
FR,power,2024,3,1.73,grtgaz,True
FR,power,2024,4,0.49,grtgaz,True
FR,power,2024,5,0.08,grtgaz,True
FR,power,2024,6,0.21,grtgaz,True
FR,power,2024,7,0.53,grtgaz,True
FR,power,2024,8,0.58,grtgaz,True
FR,power,2024,9,0.71,grtgaz,True
FR,power,2024,10,0.62,grtgaz,True
FR,power,2024,11,2.96,grtgaz,True
FR,power,2024,12,2.38,grtgaz,True
FR,power,2025,1,2.94,grtgaz,True
FR,power,2025,2,2.91,grtgaz,True
FR,power,2025,3,1.5,grtgaz,True
FR,power,2025,4,0.46,grtgaz,True
FR,power,2025,5,0.12,grtgaz,True
FR,power,2025,6,0.73,grtgaz,True
FR,power,2025,7,1.18,grtgaz,True
FR,power,2025,8,1.05,grtgaz,True
FR,power,2025,9,0.31,grtgaz,True
FR,power,2025,10,1.56,grtgaz,True
FR,power,2025,11,1.66,grtgaz,True
FR,power,2025,12,2.46,grtgaz,True
FR,power,2026,1,4.69,grtgaz,True
FR,power,2026,2,0.7,grtgaz,True
FR,power,2026,3,0.6,grtgaz,True
FR,total,2019,1,74.08,calculated,True
FR,total,2019,2,55.75,calculated,True
FR,total,2019,3,48.79,calculated,True
FR,total,2019,4,36.78,calculated,True
FR,total,2019,5,30.29,calculated,True
FR,total,2019,6,20.53,calculated,True
FR,total,2019,7,21.16,calculated,True
FR,total,2019,8,18.0,calculated,True
FR,total,2019,9,22.48,calculated,True
FR,total,2019,10,33.62,calculated,True
FR,total,2019,11,56.48,calculated,True
FR,total,2019,12,59.78,calculated,True
FR,total,2020,1,64.95,calculated,True
FR,total,2020,2,52.09,calculated,True
FR,total,2020,3,48.97,calculated,True
FR,total,2020,4,23.83,calculated,True
FR,total,2020,5,22.22,calculated,True
FR,total,2020,6,21.48,calculated,True
FR,total,2020,7,20.64,calculated,True
FR,total,2020,8,18.38,calculated,True
FR,total,2020,9,23.03,calculated,True
FR,total,2020,10,38.21,calculated,True
FR,total,2020,11,48.84,calculated,True
FR,total,2020,12,60.77,calculated,True
FR,total,2021,1,69.93,calculated,True
FR,total,2021,2,53.65,calculated,True
FR,total,2021,3,52.5,calculated,True
FR,total,2021,4,40.84,calculated,True
FR,total,2021,5,29.32,calculated,True
FR,total,2021,6,19.05,calculated,True
FR,total,2021,7,18.06,calculated,True
FR,total,2021,8,15.56,calculated,True
FR,total,2021,9,19.66,calculated,True
FR,total,2021,10,33.17,calculated,True
FR,total,2021,11,56.69,calculated,True
FR,total,2021,12,62.15,calculated,True
FR,total,2022,1,67.95,calculated,True
FR,total,2022,2,50.47,calculated,True
FR,total,2022,3,47.19,calculated,True
FR,total,2022,4,35.7,calculated,True
FR,total,2022,5,22.52,calculated,True
FR,total,2022,6,19.06,calculated,True
FR,total,2022,7,19.1,calculated,True
FR,total,2022,8,17.37,calculated,True
FR,total,2022,9,21.92,calculated,True
FR,total,2022,10,26.04,calculated,True
FR,total,2022,11,40.48,calculated,True
FR,total,2022,12,56.73,calculated,True
FR,total,2023,1,55.62,calculated,True
FR,total,2023,2,50.38,calculated,True
FR,total,2023,3,43.37,calculated,True
FR,total,2023,4,30.98,calculated,True
FR,total,2023,5,19.38,calculated,True
FR,total,2023,6,16.41,calculated,True
FR,total,2023,7,15.85,calculated,True
FR,total,2023,8,14.57,calculated,True
FR,total,2023,9,16.27,calculated,True
FR,total,2023,10,22.61,calculated,True
FR,total,2023,11,41.04,calculated,True
FR,total,2023,12,48.48,calculated,True
FR,total,2024,1,57.21,calculated,True
FR,total,2024,2,40.3,calculated,True
FR,total,2024,3,37.55,calculated,True
FR,total,2024,4,26.35,calculated,True
FR,total,2024,5,18.34,calculated,True
FR,total,2024,6,14.91,calculated,True
FR,total,2024,7,14.12,calculated,True
FR,total,2024,8,12.11,calculated,True
FR,total,2024,9,16.55,calculated,True
FR,total,2024,10,23.31,calculated,True
FR,total,2024,11,40.79,calculated,True
FR,total,2024,12,49.96,calculated,True
FR,total,2025,1,55.55,calculated,True
FR,total,2025,2,45.98,calculated,True
FR,total,2025,3,37.84,calculated,True
FR,total,2025,4,21.88,calculated,True
FR,total,2025,5,15.76,calculated,True
FR,total,2025,6,13.3,calculated,True
FR,total,2025,7,13.36,calculated,True
FR,total,2025,8,11.97,calculated,True
FR,total,2025,9,15.91,calculated,True
FR,total,2025,10,25.02,calculated,True
FR,total,2025,11,37.57,calculated,True
FR,total,2025,12,45.3,calculated,True
FR,total,2026,1,54.97,calculated,True
FR,total,2026,2,36.26,calculated,True
FR,total,2026,3,33.33,calculated,True
GR,power,2019,1,4.33,energy-charts,True
GR,power,2019,2,2.84,energy-charts,True
GR,power,2019,3,1.95,energy-charts,True
GR,power,2019,4,2.07,energy-charts,True
GR,power,2019,5,2.07,energy-charts,True
GR,power,2019,6,2.96,energy-charts,True
GR,power,2019,7,3.83,energy-charts,True
GR,power,2019,8,3.55,energy-charts,True
GR,power,2019,9,3.29,energy-charts,True
GR,power,2019,10,3.12,energy-charts,True
GR,power,2019,11,2.4,energy-charts,True
GR,power,2019,12,2.2,energy-charts,True
GR,power,2020,1,3.51,energy-charts,True
GR,power,2020,2,2.57,energy-charts,True
GR,power,2020,3,2.43,energy-charts,True
GR,power,2020,4,2.3,energy-charts,True
GR,power,2020,5,2.69,energy-charts,True
GR,power,2020,6,3.0,energy-charts,True
GR,power,2020,7,4.23,energy-charts,True
GR,power,2020,8,3.89,energy-charts,True
GR,power,2020,9,3.46,energy-charts,True
GR,power,2020,10,3.01,energy-charts,True
GR,power,2020,11,3.02,energy-charts,True
GR,power,2020,12,3.68,energy-charts,True
GR,power,2021,1,3.44,energy-charts,True
GR,power,2021,2,1.87,energy-charts,True
GR,power,2021,3,2.85,energy-charts,True
GR,power,2021,4,3.43,energy-charts,True
GR,power,2021,5,2.61,energy-charts,True
GR,power,2021,6,4.11,energy-charts,True
GR,power,2021,7,5.0,energy-charts,True
GR,power,2021,8,4.7,energy-charts,True
GR,power,2021,9,4.16,energy-charts,True
GR,power,2021,10,3.97,energy-charts,True
GR,power,2021,11,3.85,energy-charts,True
GR,power,2021,12,3.99,energy-charts,True
GR,power,2022,1,3.33,energy-charts,True
GR,power,2022,2,3.13,energy-charts,True
GR,power,2022,3,4.3,energy-charts,True
GR,power,2022,4,1.8,energy-charts,True
GR,power,2022,5,2.54,energy-charts,True
GR,power,2022,6,3.46,energy-charts,True
GR,power,2022,7,4.75,energy-charts,True
GR,power,2022,8,4.47,energy-charts,True
GR,power,2022,9,2.66,energy-charts,True
GR,power,2022,10,1.75,energy-charts,True
GR,power,2022,11,2.58,energy-charts,True
GR,power,2022,12,3.31,energy-charts,True
GR,power,2023,1,1.94,energy-charts,True
GR,power,2023,2,1.99,energy-charts,True
GR,power,2023,3,2.1,energy-charts,True
GR,power,2023,4,2.35,energy-charts,True
GR,power,2023,5,1.91,energy-charts,True
GR,power,2023,6,2.95,energy-charts,True
GR,power,2023,7,3.99,energy-charts,True
GR,power,2023,8,3.4,energy-charts,True
GR,power,2023,9,3.14,energy-charts,True
GR,power,2023,10,2.79,energy-charts,True
GR,power,2023,11,2.05,energy-charts,True
GR,power,2023,12,2.52,energy-charts,True
GR,power,2024,1,2.91,energy-charts,True
GR,power,2024,2,2.4,energy-charts,True
GR,power,2024,3,2.91,energy-charts,True
GR,power,2024,4,2.47,energy-charts,True
GR,power,2024,5,3.35,energy-charts,True
GR,power,2024,6,4.05,energy-charts,True
GR,power,2024,7,4.8,energy-charts,True
GR,power,2024,8,4.39,energy-charts,True
GR,power,2024,9,3.4,energy-charts,True
GR,power,2024,10,2.89,energy-charts,True
GR,power,2024,11,4.3,energy-charts,True
GR,power,2024,12,4.32,energy-charts,True
GR,power,2025,1,4.56,energy-charts,True
GR,power,2025,2,4.78,energy-charts,True
GR,power,2025,3,2.82,energy-charts,True
GR,power,2025,4,1.77,energy-charts,True
GR,power,2025,5,1.67,energy-charts,True
GR,power,2025,6,4.01,energy-charts,True
GR,power,2025,7,4.9,energy-charts,True
GR,power,2025,8,3.99,energy-charts,True
GR,power,2025,9,3.5,energy-charts,True
GR,power,2025,10,3.66,energy-charts,True
GR,power,2025,11,3.48,energy-charts,True
GR,power,2025,12,4.89,energy-charts,True
GR,total,2019,1,7.47,eurostat,True
GR,total,2019,2,5.43,eurostat,True
GR,total,2019,3,4.19,eurostat,True
GR,total,2019,4,3.93,eurostat,True
GR,total,2019,5,3.6,eurostat,True
GR,total,2019,6,4.34,eurostat,True
GR,total,2019,7,5.38,eurostat,True
GR,total,2019,8,4.91,eurostat,True
GR,total,2019,9,4.74,eurostat,True
GR,total,2019,10,4.52,eurostat,True
GR,total,2019,11,4.29,eurostat,True
GR,total,2019,12,4.9,eurostat,True
GR,total,2020,1,6.7,eurostat,True
GR,total,2020,2,5.28,eurostat,True
GR,total,2020,3,4.97,eurostat,True
GR,total,2020,4,4.09,eurostat,True
GR,total,2020,5,4.1,eurostat,True
GR,total,2020,6,4.87,eurostat,True
GR,total,2020,7,5.99,eurostat,True
GR,total,2020,8,5.57,eurostat,True
GR,total,2020,9,5.13,eurostat,True
GR,total,2020,10,4.77,eurostat,True
GR,total,2020,11,5.57,eurostat,True
GR,total,2020,12,6.59,eurostat,True
GR,total,2021,1,6.88,eurostat,True
GR,total,2021,2,4.92,eurostat,True
GR,total,2021,3,5.92,eurostat,True
GR,total,2021,4,5.98,eurostat,True
GR,total,2021,5,4.39,eurostat,True
GR,total,2021,6,5.88,eurostat,True
GR,total,2021,7,6.72,eurostat,True
GR,total,2021,8,6.33,eurostat,True
GR,total,2021,9,5.69,eurostat,True
GR,total,2021,10,5.39,eurostat,True
GR,total,2021,11,5.6,eurostat,True
GR,total,2021,12,6.56,eurostat,True
GR,total,2022,1,6.34,eurostat,True
GR,total,2022,2,5.49,eurostat,True
GR,total,2022,3,6.96,eurostat,True
GR,total,2022,4,3.23,eurostat,True
GR,total,2022,5,3.75,eurostat,True
GR,total,2022,6,4.65,eurostat,True
GR,total,2022,7,5.85,eurostat,True
GR,total,2022,8,5.36,eurostat,True
GR,total,2022,9,3.51,eurostat,True
GR,total,2022,10,2.69,eurostat,True
GR,total,2022,11,3.91,eurostat,True
GR,total,2022,12,5.18,eurostat,True
GR,total,2023,1,4.13,eurostat,True
GR,total,2023,2,4.35,eurostat,True
GR,total,2023,3,4.02,eurostat,True
GR,total,2023,4,3.91,eurostat,True
GR,total,2023,5,3.21,eurostat,True
GR,total,2023,6,4.29,eurostat,True
GR,total,2023,7,5.31,eurostat,True
GR,total,2023,8,4.63,eurostat,True
GR,total,2023,9,4.46,eurostat,True
GR,total,2023,10,4.34,eurostat,True
GR,total,2023,11,3.7,eurostat,True
GR,total,2023,12,4.89,eurostat,True
GR,total,2024,1,6.06,eurostat,True
GR,total,2024,2,4.9,eurostat,True
GR,total,2024,3,5.3,eurostat,True
GR,total,2024,4,4.24,eurostat,True
GR,total,2024,5,5.01,eurostat,True
GR,total,2024,6,5.44,eurostat,True
GR,total,2024,7,6.28,eurostat,True
GR,total,2024,8,5.8,eurostat,True
GR,total,2024,9,4.92,eurostat,True
GR,total,2024,10,4.76,eurostat,True
GR,total,2024,11,6.73,eurostat,True
GR,total,2024,12,7.16,eurostat,True
GR,total,2025,1,7.73,eurostat,True
GR,total,2025,2,7.9,eurostat,True
GR,total,2025,3,5.35,eurostat,True
GR,total,2025,4,3.97,eurostat,True
GR,total,2025,5,4.31,eurostat,True
GR,total,2025,6,5.56,eurostat,True
GR,total,2025,7,6.43,eurostat,True
GR,total,2025,8,5.37,eurostat,True
GR,total,2025,9,5.02,eurostat,True
GR,total,2025,10,5.69,eurostat,True
GR,total,2025,11,5.53,eurostat,True
GR,total,2025,12,7.76,eurostat,True
HR,power,2019,1,0.67,energy-charts,True
HR,power,2019,2,0.38,energy-charts,True
HR,power,2019,3,0.24,energy-charts,True
HR,power,2019,4,0.18,energy-charts,True
HR,power,2019,5,0.12,energy-charts,True
HR,power,2019,6,0.11,energy-charts,True
HR,power,2019,7,0.29,energy-charts,True
HR,power,2019,8,0.42,energy-charts,True
HR,power,2019,9,0.41,energy-charts,True
HR,power,2019,10,0.66,energy-charts,True
HR,power,2019,11,0.49,energy-charts,True
HR,power,2019,12,0.38,energy-charts,True
HR,power,2020,1,0.61,energy-charts,True
HR,power,2020,2,0.56,energy-charts,True
HR,power,2020,3,0.43,energy-charts,True
HR,power,2020,4,0.15,energy-charts,True
HR,power,2020,5,0.42,energy-charts,True
HR,power,2020,6,0.41,energy-charts,True
HR,power,2020,7,0.52,energy-charts,True
HR,power,2020,8,0.48,energy-charts,True
HR,power,2020,9,0.52,energy-charts,True
HR,power,2020,10,0.52,energy-charts,True
HR,power,2020,11,0.61,energy-charts,True
HR,power,2020,12,0.65,energy-charts,True
HR,power,2021,1,0.59,energy-charts,True
HR,power,2021,2,0.43,energy-charts,True
HR,power,2021,3,0.45,energy-charts,True
HR,power,2021,4,0.34,energy-charts,True
HR,power,2021,5,0.17,energy-charts,True
HR,power,2021,6,0.22,energy-charts,True
HR,power,2021,7,0.46,energy-charts,True
HR,power,2021,8,0.47,energy-charts,True
HR,power,2021,9,0.46,energy-charts,True
HR,power,2021,10,0.64,energy-charts,True
HR,power,2021,11,0.66,energy-charts,True
HR,power,2021,12,0.41,energy-charts,True
HR,power,2022,1,0.55,energy-charts,True
HR,power,2022,2,0.61,energy-charts,True
HR,power,2022,3,0.53,energy-charts,True
HR,power,2022,4,0.39,energy-charts,True
HR,power,2022,5,0.36,energy-charts,True
HR,power,2022,6,0.47,energy-charts,True
HR,power,2022,7,0.68,energy-charts,True
HR,power,2022,8,0.66,energy-charts,True
HR,power,2022,9,0.51,energy-charts,True
HR,power,2022,10,0.66,energy-charts,True
HR,power,2022,11,0.56,energy-charts,True
HR,power,2022,12,0.4,energy-charts,True
HR,power,2023,1,0.57,energy-charts,True
HR,power,2023,2,0.67,energy-charts,True
HR,power,2023,3,0.71,energy-charts,True
HR,power,2023,4,0.66,energy-charts,True
HR,power,2023,5,0.44,energy-charts,True
HR,power,2023,6,0.43,energy-charts,True
HR,power,2023,7,0.64,energy-charts,True
HR,power,2023,8,0.56,energy-charts,True
HR,power,2023,9,0.62,energy-charts,True
HR,power,2023,10,0.56,energy-charts,True
HR,power,2023,11,0.5,energy-charts,True
HR,power,2023,12,0.51,energy-charts,True
HR,power,2024,1,0.64,energy-charts,True
HR,power,2024,2,0.58,energy-charts,True
HR,power,2024,3,0.58,energy-charts,True
HR,power,2024,4,0.4,energy-charts,True
HR,power,2024,5,0.38,energy-charts,True
HR,power,2024,6,0.27,energy-charts,True
HR,power,2024,7,0.53,energy-charts,True
HR,power,2024,8,0.52,energy-charts,True
HR,power,2024,9,0.47,energy-charts,True
HR,power,2024,10,0.4,energy-charts,True
HR,power,2024,11,0.34,energy-charts,True
HR,power,2024,12,0.64,energy-charts,True
HR,power,2025,1,0.68,energy-charts,True
HR,power,2025,2,0.64,energy-charts,True
HR,power,2025,3,0.41,energy-charts,True
HR,power,2025,4,0.31,energy-charts,True
HR,power,2025,5,0.04,energy-charts,True
HR,power,2025,6,0.12,energy-charts,True
HR,power,2025,7,0.36,energy-charts,True
HR,power,2025,8,0.35,energy-charts,True
HR,power,2025,9,0.24,energy-charts,True
HR,power,2025,10,0.42,energy-charts,True
HR,power,2025,11,0.51,energy-charts,True
HR,power,2025,12,0.62,energy-charts,True
HR,power,2026,1,0.76,energy-charts,True
HR,power,2026,2,0.62,energy-charts,True
HR,power,2026,3,0.39,energy-charts,True
HR,total,2019,1,4.07,entsog,True
HR,total,2019,2,2.99,entsog,True
HR,total,2019,3,2.41,entsog,True
HR,total,2019,4,2.0,entsog,True
HR,total,2019,5,2.0,entsog,True
HR,total,2019,6,1.42,entsog,True
HR,total,2019,7,1.64,entsog,True
HR,total,2019,8,1.78,entsog,True
HR,total,2019,9,1.81,entsog,True
HR,total,2019,10,2.69,entsog,True
HR,total,2019,11,3.0,entsog,True
HR,total,2019,12,3.46,entsog,True
HR,total,2020,1,4.02,entsog,True
HR,total,2020,2,3.12,entsog,True
HR,total,2020,3,3.02,entsog,True
HR,total,2020,4,1.95,entsog,True
HR,total,2020,5,1.9,entsog,True
HR,total,2020,6,1.8,entsog,True
HR,total,2020,7,1.94,entsog,True
HR,total,2020,8,1.84,entsog,True
HR,total,2020,9,2.04,entsog,True
HR,total,2020,10,2.72,entsog,True
HR,total,2020,11,3.45,entsog,True
HR,total,2020,12,3.64,entsog,True
HR,total,2021,1,3.24,entsog,True
HR,total,2021,2,3.02,entsog,True
HR,total,2021,3,3.31,entsog,True
HR,total,2021,4,2.77,entsog,True
HR,total,2021,5,1.85,entsog,True
HR,total,2021,6,1.3,entsog,True
HR,total,2021,7,1.82,entsog,True
HR,total,2021,8,1.81,entsog,True
HR,total,2021,9,1.75,entsog,True
HR,total,2021,10,2.49,entsog,True
HR,total,2021,11,3.25,entsog,True
HR,total,2021,12,2.97,entsog,True
HR,total,2022,1,3.42,entsog,True
HR,total,2022,2,3.08,entsog,True
HR,total,2022,3,2.71,entsog,True
HR,total,2022,4,1.93,entsog,True
HR,total,2022,5,1.27,entsog,True
HR,total,2022,6,1.23,entsog,True
HR,total,2022,7,1.5,entsog,True
HR,total,2022,8,1.42,entsog,True
HR,total,2022,9,1.34,entsog,True
HR,total,2022,10,1.77,entsog,True
HR,total,2022,11,2.25,entsog,True
HR,total,2022,12,2.5,entsog,True
HR,total,2023,1,2.7,entsog,True
HR,total,2023,2,2.74,entsog,True
HR,total,2023,3,2.48,entsog,True
HR,total,2023,4,2.14,entsog,True
HR,total,2023,5,1.54,entsog,True
HR,total,2023,6,1.26,entsog,True
HR,total,2023,7,1.72,entsog,True
HR,total,2023,8,1.7,entsog,True
HR,total,2023,9,1.81,entsog,True
HR,total,2023,10,2.14,entsog,True
HR,total,2023,11,3.06,entsog,True
HR,total,2023,12,2.85,entsog,True
HR,total,2024,1,3.23,entsog,True
HR,total,2024,2,2.3,entsog,True
HR,total,2024,3,2.15,entsog,True
HR,total,2024,4,1.6,entsog,True
HR,total,2024,5,1.33,entsog,True
HR,total,2024,6,1.03,entsog,True
HR,total,2024,7,1.33,entsog,True
HR,total,2024,8,1.47,entsog,True
HR,total,2024,9,1.98,entsog,True
HR,total,2024,10,2.35,entsog,True
HR,total,2024,11,2.77,entsog,True
HR,total,2024,12,3.3,entsog,True
HR,total,2025,1,3.29,entsog,True
HR,total,2025,2,3.05,entsog,True
HR,total,2025,3,2.55,entsog,True
HR,total,2025,4,2.2,entsog,True
HR,total,2025,5,1.2,entsog,True
HR,total,2025,6,0.8,entsog,True
HR,total,2025,7,1.59,entsog,True
HR,total,2025,8,1.56,entsog,True
HR,total,2025,9,1.52,entsog,True
HR,total,2025,10,2.55,entsog,True
HR,total,2025,11,3.16,entsog,True
HR,total,2025,12,3.8,entsog,True
HR,total,2026,1,4.31,entsog,True
HR,total,2026,2,3.04,entsog,True
HR,total,2026,3,2.7,entsog,True
HU,household,2019,1,14.82,entsog,True
HU,household,2019,2,10.82,entsog,True
HU,household,2019,3,8.4,entsog,True
HU,household,2019,4,5.28,entsog,True
HU,household,2019,5,4.53,entsog,True
HU,household,2019,6,2.25,entsog,True
HU,household,2019,7,2.41,entsog,True
HU,household,2019,8,2.37,entsog,True
HU,household,2019,9,3.01,entsog,True
HU,household,2019,10,5.73,entsog,True
HU,household,2019,11,8.36,entsog,True
HU,household,2019,12,11.93,entsog,True
HU,household,2020,1,14.85,entsog,True
HU,household,2020,2,10.6,entsog,True
HU,household,2020,3,9.56,entsog,True
HU,household,2020,4,5.63,entsog,True
HU,household,2020,5,3.52,entsog,True
HU,household,2020,6,2.61,entsog,True
HU,household,2020,7,2.68,entsog,True
HU,household,2020,8,2.32,entsog,True
HU,household,2020,9,2.92,entsog,True
HU,household,2020,10,6.79,entsog,True
HU,household,2020,11,10.59,entsog,True
HU,household,2020,12,12.02,entsog,True
HU,household,2021,1,13.56,entsog,True
HU,household,2021,2,11.76,entsog,True
HU,household,2021,3,10.65,entsog,True
HU,household,2021,4,8.07,entsog,True
HU,household,2021,5,4.53,entsog,True
HU,household,2021,6,2.9,entsog,True
HU,household,2021,7,2.46,entsog,True
HU,household,2021,8,2.37,entsog,True
HU,household,2021,9,3.0,entsog,True
HU,household,2021,10,7.64,entsog,True
HU,household,2021,11,10.51,entsog,True
HU,household,2021,12,13.67,entsog,True
HU,household,2022,1,13.8,entsog,True
HU,household,2022,2,10.77,entsog,True
HU,household,2022,3,10.96,entsog,True
HU,household,2022,4,7.18,entsog,True
HU,household,2022,5,2.97,entsog,True
HU,household,2022,6,2.45,entsog,True
HU,household,2022,7,2.21,entsog,True
HU,household,2022,8,2.14,entsog,True
HU,household,2022,9,2.95,entsog,True
HU,household,2022,10,4.44,entsog,True
HU,household,2022,11,7.79,entsog,True
HU,household,2022,12,10.51,entsog,True
HU,household,2023,1,9.89,entsog,True
HU,household,2023,2,9.51,entsog,True
HU,household,2023,3,7.62,entsog,True
HU,household,2023,4,5.78,entsog,True
HU,household,2023,5,2.94,entsog,True
HU,household,2023,6,2.14,entsog,True
HU,household,2023,7,2.09,entsog,True
HU,household,2023,8,2.02,entsog,True
HU,household,2023,9,1.99,entsog,True
HU,household,2023,10,3.75,entsog,True
HU,household,2023,11,7.97,entsog,True
HU,household,2023,12,10.73,entsog,True
HU,household,2024,1,11.78,entsog,True
HU,household,2024,2,7.46,entsog,True
HU,household,2024,3,6.58,entsog,True
HU,household,2024,4,4.14,entsog,True
HU,household,2024,5,2.52,entsog,True
HU,household,2024,6,1.91,entsog,True
HU,household,2024,7,1.96,entsog,True
HU,household,2024,8,2.01,entsog,True
HU,household,2024,9,2.37,entsog,True
HU,household,2024,10,4.9,entsog,True
HU,household,2024,11,9.52,entsog,True
HU,household,2024,12,10.86,entsog,True
HU,household,2025,1,10.68,entsog,True
HU,household,2025,2,10.32,entsog,True
HU,household,2025,3,7.0,entsog,True
HU,household,2025,4,4.32,entsog,True
HU,household,2025,5,3.13,entsog,True
HU,household,2025,6,1.75,entsog,True
HU,household,2025,7,1.8,entsog,True
HU,household,2025,8,1.69,entsog,True
HU,household,2025,9,2.2,entsog,True
HU,household,2025,10,5.86,entsog,True
HU,household,2025,11,8.16,entsog,True
HU,household,2025,12,10.37,entsog,True
HU,household,2026,1,13.22,entsog,True
HU,household,2026,2,9.37,entsog,True
HU,household,2026,3,6.99,entsog,True
HU,industry,2019,1,0.79,calculated,True
HU,industry,2019,2,0.92,calculated,True
HU,industry,2019,3,0.99,calculated,True
HU,industry,2019,4,1.18,calculated,True
HU,industry,2019,5,1.35,calculated,True
HU,industry,2019,6,0.76,calculated,True
HU,industry,2019,7,0.51,calculated,True
HU,industry,2019,8,0.95,calculated,True
HU,industry,2019,9,1.05,calculated,True
HU,industry,2019,10,0.95,calculated,True
HU,industry,2019,11,0.91,calculated,True
HU,industry,2019,12,1.09,calculated,True
HU,industry,2020,1,0.95,calculated,True
HU,industry,2020,2,0.83,calculated,True
HU,industry,2020,3,1.04,calculated,True
HU,industry,2020,4,0.9,calculated,True
HU,industry,2020,5,1.19,calculated,True
HU,industry,2020,6,0.8,calculated,True
HU,industry,2020,7,0.81,calculated,True
HU,industry,2020,8,0.85,calculated,True
HU,industry,2020,9,1.05,calculated,True
HU,industry,2020,10,1.01,calculated,True
HU,industry,2020,11,0.65,calculated,True
HU,industry,2020,12,0.87,calculated,True
HU,industry,2021,1,0.87,calculated,True
HU,industry,2021,2,0.76,calculated,True
HU,industry,2021,3,0.84,calculated,True
HU,industry,2021,4,0.78,calculated,True
HU,industry,2021,5,0.8,calculated,True
HU,industry,2021,6,0.34,calculated,True
HU,industry,2021,7,0.9,calculated,True
HU,industry,2021,8,1.04,calculated,True
HU,industry,2021,9,0.68,calculated,True
HU,industry,2021,10,0.72,calculated,True
HU,industry,2021,11,0.67,calculated,True
HU,industry,2021,12,0.74,calculated,True
HU,industry,2022,1,0.74,calculated,True
HU,industry,2022,2,0.6,calculated,True
HU,industry,2022,3,0.23,calculated,True
HU,industry,2022,4,0.81,calculated,True
HU,industry,2022,5,0.51,calculated,True
HU,industry,2022,6,0.51,calculated,True
HU,industry,2022,7,0.75,calculated,True
HU,industry,2022,8,0.25,calculated,True
HU,industry,2022,9,0.34,calculated,True
HU,industry,2022,10,0.07,calculated,True
HU,industry,2022,11,0.46,calculated,True
HU,industry,2022,12,0.36,calculated,True
HU,industry,2023,1,0.64,calculated,True
HU,industry,2023,2,0.63,calculated,True
HU,industry,2023,3,0.71,calculated,True
HU,industry,2023,4,0.95,calculated,True
HU,industry,2023,5,1.03,calculated,True
HU,industry,2023,6,0.99,calculated,True
HU,industry,2023,7,0.85,calculated,True
HU,industry,2023,8,0.7,calculated,True
HU,industry,2023,9,1.0,calculated,True
HU,industry,2023,10,1.19,calculated,True
HU,industry,2023,11,0.5,calculated,True
HU,industry,2023,12,0.43,calculated,True
HU,industry,2024,1,0.45,calculated,True
HU,industry,2024,2,0.75,calculated,True
HU,industry,2024,3,0.88,calculated,True
HU,industry,2024,4,1.07,calculated,True
HU,industry,2024,5,1.15,calculated,True
HU,industry,2024,6,1.17,calculated,True
HU,industry,2024,7,0.95,calculated,True
HU,industry,2024,8,0.72,calculated,True
HU,industry,2024,9,1.24,calculated,True
HU,industry,2024,10,1.19,calculated,True
HU,industry,2024,11,0.45,calculated,True
HU,industry,2024,12,0.72,calculated,True
HU,industry,2025,1,0.62,calculated,True
HU,industry,2025,2,0.56,calculated,True
HU,industry,2025,3,0.73,calculated,True
HU,industry,2025,4,1.23,calculated,True
HU,industry,2025,5,1.55,calculated,True
HU,industry,2025,6,0.81,calculated,True
HU,industry,2025,7,0.63,calculated,True
HU,industry,2025,8,0.42,calculated,True
HU,industry,2025,9,1.05,calculated,True
HU,industry,2025,10,0.84,calculated,True
HU,industry,2025,11,0.35,calculated,True
HU,industry,2025,12,0.51,calculated,True
HU,industry,2026,1,0.14,calculated,True
HU,industry,2026,2,0.44,calculated,True
HU,industry,2026,3,0.83,calculated,True
HU,industry-power,2019,1,2.76,entsog,False
HU,industry-power,2019,2,2.0,entsog,False
HU,industry-power,2019,3,1.93,entsog,False
HU,industry-power,2019,4,2.06,entsog,False
HU,industry-power,2019,5,2.09,entsog,False
HU,industry-power,2019,6,1.66,entsog,False
HU,industry-power,2019,7,1.76,entsog,False
HU,industry-power,2019,8,2.21,entsog,False
HU,industry-power,2019,9,2.43,entsog,False
HU,industry-power,2019,10,2.66,entsog,False
HU,industry-power,2019,11,2.42,entsog,False
HU,industry-power,2019,12,2.59,entsog,False
HU,industry-power,2020,1,2.75,entsog,False
HU,industry-power,2020,2,2.53,entsog,False
HU,industry-power,2020,3,2.3,entsog,False
HU,industry-power,2020,4,1.71,entsog,False
HU,industry-power,2020,5,1.96,entsog,False
HU,industry-power,2020,6,1.9,entsog,False
HU,industry-power,2020,7,2.05,entsog,False
HU,industry-power,2020,8,2.17,entsog,False
HU,industry-power,2020,9,2.37,entsog,False
HU,industry-power,2020,10,2.44,entsog,False
HU,industry-power,2020,11,2.47,entsog,False
HU,industry-power,2020,12,2.34,entsog,False
HU,industry-power,2021,1,2.73,entsog,False
HU,industry-power,2021,2,2.17,entsog,False
HU,industry-power,2021,3,2.26,entsog,False
HU,industry-power,2021,4,1.97,entsog,False
HU,industry-power,2021,5,1.96,entsog,False
HU,industry-power,2021,6,1.53,entsog,False
HU,industry-power,2021,7,2.17,entsog,False
HU,industry-power,2021,8,2.21,entsog,False
HU,industry-power,2021,9,1.85,entsog,False
HU,industry-power,2021,10,2.21,entsog,False
HU,industry-power,2021,11,2.61,entsog,False
HU,industry-power,2021,12,2.7,entsog,False
HU,industry-power,2022,1,2.57,entsog,False
HU,industry-power,2022,2,2.3,entsog,False
HU,industry-power,2022,3,1.79,entsog,False
HU,industry-power,2022,4,1.69,entsog,False
HU,industry-power,2022,5,1.44,entsog,False
HU,industry-power,2022,6,1.49,entsog,False
HU,industry-power,2022,7,1.95,entsog,False
HU,industry-power,2022,8,1.42,entsog,False
HU,industry-power,2022,9,1.48,entsog,False
HU,industry-power,2022,10,1.28,entsog,False
HU,industry-power,2022,11,1.91,entsog,False
HU,industry-power,2022,12,1.93,entsog,False
HU,industry-power,2023,1,1.95,entsog,False
HU,industry-power,2023,2,2.03,entsog,False
HU,industry-power,2023,3,1.84,entsog,False
HU,industry-power,2023,4,1.79,entsog,False
HU,industry-power,2023,5,1.84,entsog,False
HU,industry-power,2023,6,1.8,entsog,False
HU,industry-power,2023,7,1.95,entsog,False
HU,industry-power,2023,8,1.75,entsog,False
HU,industry-power,2023,9,1.96,entsog,False
HU,industry-power,2023,10,2.25,entsog,False
HU,industry-power,2023,11,1.81,entsog,False
HU,industry-power,2023,12,1.7,entsog,False
HU,industry-power,2024,1,1.95,entsog,False
HU,industry-power,2024,2,1.85,entsog,False
HU,industry-power,2024,3,1.91,entsog,False
HU,industry-power,2024,4,1.84,entsog,False
HU,industry-power,2024,5,1.89,entsog,False
HU,industry-power,2024,6,1.86,entsog,False
HU,industry-power,2024,7,1.79,entsog,False
HU,industry-power,2024,8,1.56,entsog,False
HU,industry-power,2024,9,2.07,entsog,False
HU,industry-power,2024,10,2.27,entsog,False
HU,industry-power,2024,11,2.12,entsog,False
HU,industry-power,2024,12,2.42,entsog,False
HU,industry-power,2025,1,2.5,entsog,False
HU,industry-power,2025,2,2.39,entsog,False
HU,industry-power,2025,3,1.91,entsog,False
HU,industry-power,2025,4,1.86,entsog,False
HU,industry-power,2025,5,1.84,entsog,False
HU,industry-power,2025,6,1.48,entsog,False
HU,industry-power,2025,7,1.59,entsog,False
HU,industry-power,2025,8,1.12,entsog,False
HU,industry-power,2025,9,1.83,entsog,False
HU,industry-power,2025,10,2.46,entsog,False
HU,industry-power,2025,11,2.28,entsog,False
HU,industry-power,2025,12,2.57,entsog,False
HU,industry-power,2026,1,2.73,entsog,False
HU,industry-power,2026,2,2.22,entsog,False
HU,industry-power,2026,3,1.74,entsog,False
HU,power,2019,1,1.97,energy-charts,True
HU,power,2019,2,1.08,energy-charts,True
HU,power,2019,3,0.94,energy-charts,True
HU,power,2019,4,0.87,energy-charts,True
HU,power,2019,5,0.73,energy-charts,True
HU,power,2019,6,0.91,energy-charts,True
HU,power,2019,7,1.24,energy-charts,True
HU,power,2019,8,1.26,energy-charts,True
HU,power,2019,9,1.37,energy-charts,True
HU,power,2019,10,1.71,energy-charts,True
HU,power,2019,11,1.5,energy-charts,True
HU,power,2019,12,1.49,energy-charts,True
HU,power,2020,1,1.81,energy-charts,True
HU,power,2020,2,1.7,energy-charts,True
HU,power,2020,3,1.26,energy-charts,True
HU,power,2020,4,0.8,energy-charts,True
HU,power,2020,5,0.77,energy-charts,True
HU,power,2020,6,1.09,energy-charts,True
HU,power,2020,7,1.24,energy-charts,True
HU,power,2020,8,1.32,energy-charts,True
HU,power,2020,9,1.32,energy-charts,True
HU,power,2020,10,1.43,energy-charts,True
HU,power,2020,11,1.82,energy-charts,True
HU,power,2020,12,1.48,energy-charts,True
HU,power,2021,1,1.86,energy-charts,True
HU,power,2021,2,1.42,energy-charts,True
HU,power,2021,3,1.41,energy-charts,True
HU,power,2021,4,1.19,energy-charts,True
HU,power,2021,5,1.16,energy-charts,True
HU,power,2021,6,1.19,energy-charts,True
HU,power,2021,7,1.27,energy-charts,True
HU,power,2021,8,1.17,energy-charts,True
HU,power,2021,9,1.17,energy-charts,True
HU,power,2021,10,1.49,energy-charts,True
HU,power,2021,11,1.93,energy-charts,True
HU,power,2021,12,1.96,energy-charts,True
HU,power,2022,1,1.83,energy-charts,True
HU,power,2022,2,1.7,energy-charts,True
HU,power,2022,3,1.55,energy-charts,True
HU,power,2022,4,0.88,energy-charts,True
HU,power,2022,5,0.93,energy-charts,True
HU,power,2022,6,0.99,energy-charts,True
HU,power,2022,7,1.2,energy-charts,True
HU,power,2022,8,1.17,energy-charts,True
HU,power,2022,9,1.14,energy-charts,True
HU,power,2022,10,1.21,energy-charts,True
HU,power,2022,11,1.45,energy-charts,True
HU,power,2022,12,1.57,energy-charts,True
HU,power,2023,1,1.32,energy-charts,True
HU,power,2023,2,1.4,energy-charts,True
HU,power,2023,3,1.14,energy-charts,True
HU,power,2023,4,0.84,energy-charts,True
HU,power,2023,5,0.82,energy-charts,True
HU,power,2023,6,0.81,energy-charts,True
HU,power,2023,7,1.1,energy-charts,True
HU,power,2023,8,1.04,energy-charts,True
HU,power,2023,9,0.96,energy-charts,True
HU,power,2023,10,1.06,energy-charts,True
HU,power,2023,11,1.32,energy-charts,True
HU,power,2023,12,1.27,energy-charts,True
HU,power,2024,1,1.5,energy-charts,True
HU,power,2024,2,1.1,energy-charts,True
HU,power,2024,3,1.03,energy-charts,True
HU,power,2024,4,0.77,energy-charts,True
HU,power,2024,5,0.74,energy-charts,True
HU,power,2024,6,0.69,energy-charts,True
HU,power,2024,7,0.83,energy-charts,True
HU,power,2024,8,0.84,energy-charts,True
HU,power,2024,9,0.84,energy-charts,True
HU,power,2024,10,1.08,energy-charts,True
HU,power,2024,11,1.68,energy-charts,True
HU,power,2024,12,1.71,energy-charts,True
HU,power,2025,1,1.88,energy-charts,True
HU,power,2025,2,1.83,energy-charts,True
HU,power,2025,3,1.18,energy-charts,True
HU,power,2025,4,0.63,energy-charts,True
HU,power,2025,5,0.3,energy-charts,True
HU,power,2025,6,0.67,energy-charts,True
HU,power,2025,7,0.96,energy-charts,True
HU,power,2025,8,0.7,energy-charts,True
HU,power,2025,9,0.78,energy-charts,True
HU,power,2025,10,1.62,energy-charts,True
HU,power,2025,11,1.93,energy-charts,True
HU,power,2025,12,2.05,energy-charts,True
HU,power,2026,1,2.6,energy-charts,True
HU,power,2026,2,1.77,energy-charts,True
HU,power,2026,3,0.91,energy-charts,True
HU,total,2019,1,17.58,calculated,True
HU,total,2019,2,12.81,calculated,True
HU,total,2019,3,10.33,calculated,True
HU,total,2019,4,7.34,calculated,True
HU,total,2019,5,6.61,calculated,True
HU,total,2019,6,3.92,calculated,True
HU,total,2019,7,4.17,calculated,True
HU,total,2019,8,4.58,calculated,True
HU,total,2019,9,5.44,calculated,True
HU,total,2019,10,8.4,calculated,True
HU,total,2019,11,10.78,calculated,True
HU,total,2019,12,14.51,calculated,True
HU,total,2020,1,17.61,calculated,True
HU,total,2020,2,13.13,calculated,True
HU,total,2020,3,11.86,calculated,True
HU,total,2020,4,7.34,calculated,True
HU,total,2020,5,5.48,calculated,True
HU,total,2020,6,4.51,calculated,True
HU,total,2020,7,4.73,calculated,True
HU,total,2020,8,4.49,calculated,True
HU,total,2020,9,5.29,calculated,True
HU,total,2020,10,9.23,calculated,True
HU,total,2020,11,13.06,calculated,True
HU,total,2020,12,14.37,calculated,True
HU,total,2021,1,16.29,calculated,True
HU,total,2021,2,13.93,calculated,True
HU,total,2021,3,12.91,calculated,True
HU,total,2021,4,10.04,calculated,True
HU,total,2021,5,6.49,calculated,True
HU,total,2021,6,4.43,calculated,True
HU,total,2021,7,4.63,calculated,True
HU,total,2021,8,4.59,calculated,True
HU,total,2021,9,4.85,calculated,True
HU,total,2021,10,9.84,calculated,True
HU,total,2021,11,13.12,calculated,True
HU,total,2021,12,16.37,calculated,True
HU,total,2022,1,16.37,calculated,True
HU,total,2022,2,13.07,calculated,True
HU,total,2022,3,12.75,calculated,True
HU,total,2022,4,8.87,calculated,True
HU,total,2022,5,4.41,calculated,True
HU,total,2022,6,3.95,calculated,True
HU,total,2022,7,4.16,calculated,True
HU,total,2022,8,3.56,calculated,True
HU,total,2022,9,4.42,calculated,True
HU,total,2022,10,5.71,calculated,True
HU,total,2022,11,9.7,calculated,True
HU,total,2022,12,12.44,calculated,True
HU,total,2023,1,11.85,calculated,True
HU,total,2023,2,11.53,calculated,True
HU,total,2023,3,9.46,calculated,True
HU,total,2023,4,7.57,calculated,True
HU,total,2023,5,4.79,calculated,True
HU,total,2023,6,3.94,calculated,True
HU,total,2023,7,4.04,calculated,True
HU,total,2023,8,3.76,calculated,True
HU,total,2023,9,3.94,calculated,True
HU,total,2023,10,6.0,calculated,True
HU,total,2023,11,9.78,calculated,True
HU,total,2023,12,12.43,calculated,True
HU,total,2024,1,13.73,calculated,True
HU,total,2024,2,9.31,calculated,True
HU,total,2024,3,8.49,calculated,True
HU,total,2024,4,5.98,calculated,True
HU,total,2024,5,4.41,calculated,True
HU,total,2024,6,3.77,calculated,True
HU,total,2024,7,3.74,calculated,True
HU,total,2024,8,3.57,calculated,True
HU,total,2024,9,4.45,calculated,True
HU,total,2024,10,7.17,calculated,True
HU,total,2024,11,11.65,calculated,True
HU,total,2024,12,13.29,calculated,True
HU,total,2025,1,13.17,calculated,True
HU,total,2025,2,12.72,calculated,True
HU,total,2025,3,8.91,calculated,True
HU,total,2025,4,6.18,calculated,True
HU,total,2025,5,4.97,calculated,True
HU,total,2025,6,3.23,calculated,True
HU,total,2025,7,3.4,calculated,True
HU,total,2025,8,2.81,calculated,True
HU,total,2025,9,4.03,calculated,True
HU,total,2025,10,8.31,calculated,True
HU,total,2025,11,10.45,calculated,True
HU,total,2025,12,12.93,calculated,True
HU,total,2026,1,15.95,calculated,True
HU,total,2026,2,11.59,calculated,True
HU,total,2026,3,8.73,calculated,True
IT,household,2019,1,66.69,entsog,True
IT,household,2019,2,48.58,entsog,True
IT,household,2019,3,35.17,entsog,True
IT,household,2019,4,23.51,entsog,True
IT,household,2019,5,18.0,entsog,True
IT,household,2019,6,10.68,entsog,True
IT,household,2019,7,10.39,entsog,True
IT,household,2019,8,8.41,entsog,True
IT,household,2019,9,11.55,entsog,True
IT,household,2019,10,15.9,entsog,True
IT,household,2019,11,35.35,entsog,True
IT,household,2019,12,50.58,entsog,True
IT,household,2020,1,59.46,entsog,True
IT,household,2020,2,43.73,entsog,True
IT,household,2020,3,38.83,entsog,True
IT,household,2020,4,18.83,entsog,True
IT,household,2020,5,11.65,entsog,True
IT,household,2020,6,10.64,entsog,True
IT,household,2020,7,10.38,entsog,True
IT,household,2020,8,8.63,entsog,True
IT,household,2020,9,11.53,entsog,True
IT,household,2020,10,22.16,entsog,True
IT,household,2020,11,35.91,entsog,True
IT,household,2020,12,53.96,entsog,True
IT,household,2021,1,63.63,entsog,True
IT,household,2021,2,45.8,entsog,True
IT,household,2021,3,41.22,entsog,True
IT,household,2021,4,27.97,entsog,True
IT,household,2021,5,14.7,entsog,True
IT,household,2021,6,10.87,entsog,True
IT,household,2021,7,10.69,entsog,True
IT,household,2021,8,9.03,entsog,True
IT,household,2021,9,11.88,entsog,True
IT,household,2021,10,20.85,entsog,True
IT,household,2021,11,36.95,entsog,True
IT,household,2021,12,58.11,entsog,True
IT,household,2022,1,59.83,entsog,True
IT,household,2022,2,44.63,entsog,True
IT,household,2022,3,42.44,entsog,True
IT,household,2022,4,23.0,entsog,True
IT,household,2022,5,12.46,entsog,True
IT,household,2022,6,9.99,entsog,True
IT,household,2022,7,9.62,entsog,True
IT,household,2022,8,8.28,entsog,True
IT,household,2022,9,10.61,entsog,True
IT,household,2022,10,11.18,entsog,True
IT,household,2022,11,27.18,entsog,True
IT,household,2022,12,43.69,entsog,True
IT,household,2023,1,47.95,entsog,True
IT,household,2023,2,42.93,entsog,True
IT,household,2023,3,30.88,entsog,True
IT,household,2023,4,20.09,entsog,True
IT,household,2023,5,12.88,entsog,True
IT,household,2023,6,9.98,entsog,True
IT,household,2023,7,9.43,entsog,True
IT,household,2023,8,8.15,entsog,True
IT,household,2023,9,10.38,entsog,True
IT,household,2023,10,13.06,entsog,True
IT,household,2023,11,30.79,entsog,True
IT,household,2023,12,44.79,entsog,True
IT,household,2024,1,50.7,entsog,True
IT,household,2024,2,37.82,entsog,True
IT,household,2024,3,31.26,entsog,True
IT,household,2024,4,18.62,entsog,True
IT,household,2024,5,13.02,entsog,True
IT,household,2024,6,10.09,entsog,True
IT,household,2024,7,9.65,entsog,True
IT,household,2024,8,7.72,entsog,True
IT,household,2024,9,10.65,entsog,True
IT,household,2024,10,14.82,entsog,True
IT,household,2024,11,33.51,entsog,True
IT,household,2024,12,49.44,entsog,True
IT,household,2025,1,49.52,entsog,True
IT,household,2025,2,41.95,entsog,True
IT,household,2025,3,32.38,entsog,True
IT,household,2025,4,18.23,entsog,True
IT,household,2025,5,12.11,entsog,True
IT,household,2025,6,9.53,entsog,True
IT,household,2025,7,9.68,entsog,True
IT,household,2025,8,7.94,entsog,True
IT,household,2025,9,10.75,entsog,True
IT,household,2025,10,17.57,entsog,True
IT,household,2025,11,32.72,entsog,True
IT,household,2025,12,43.29,entsog,True
IT,household,2026,1,53.46,entsog,True
IT,household,2026,2,37.56,entsog,True
IT,household,2026,3,32.17,entsog,True
IT,industry,2019,1,13.76,entsog,True
IT,industry,2019,2,13.1,entsog,True
IT,industry,2019,3,14.02,entsog,True
IT,industry,2019,4,12.26,entsog,True
IT,industry,2019,5,12.85,entsog,True
IT,industry,2019,6,11.84,entsog,True
IT,industry,2019,7,12.43,entsog,True
IT,industry,2019,8,9.33,entsog,True
IT,industry,2019,9,12.0,entsog,True
IT,industry,2019,10,12.36,entsog,True
IT,industry,2019,11,12.52,entsog,True
IT,industry,2019,12,11.72,entsog,True
IT,industry,2020,1,13.22,entsog,True
IT,industry,2020,2,12.87,entsog,True
IT,industry,2020,3,11.49,entsog,True
IT,industry,2020,4,8.64,entsog,True
IT,industry,2020,5,10.88,entsog,True
IT,industry,2020,6,11.27,entsog,True
IT,industry,2020,7,12.09,entsog,True
IT,industry,2020,8,9.33,entsog,True
IT,industry,2020,9,12.37,entsog,True
IT,industry,2020,10,12.89,entsog,True
IT,industry,2020,11,12.78,entsog,True
IT,industry,2020,12,11.87,entsog,True
IT,industry,2021,1,12.7,entsog,True
IT,industry,2021,2,12.73,entsog,True
IT,industry,2021,3,13.86,entsog,True
IT,industry,2021,4,12.5,entsog,True
IT,industry,2021,5,12.75,entsog,True
IT,industry,2021,6,11.66,entsog,True
IT,industry,2021,7,12.25,entsog,True
IT,industry,2021,8,9.92,entsog,True
IT,industry,2021,9,12.66,entsog,True
IT,industry,2021,10,12.56,entsog,True
IT,industry,2021,11,12.82,entsog,True
IT,industry,2021,12,12.22,entsog,True
IT,industry,2022,1,12.12,entsog,True
IT,industry,2022,2,11.58,entsog,True
IT,industry,2022,3,12.42,entsog,True
IT,industry,2022,4,11.36,entsog,True
IT,industry,2022,5,11.7,entsog,True
IT,industry,2022,6,10.47,entsog,True
IT,industry,2022,7,10.36,entsog,True
IT,industry,2022,8,7.31,entsog,True
IT,industry,2022,9,9.67,entsog,True
IT,industry,2022,10,9.81,entsog,True
IT,industry,2022,11,10.32,entsog,True
IT,industry,2022,12,8.86,entsog,True
IT,industry,2023,1,10.04,entsog,True
IT,industry,2023,2,10.48,entsog,True
IT,industry,2023,3,11.21,entsog,True
IT,industry,2023,4,9.97,entsog,True
IT,industry,2023,5,10.55,entsog,True
IT,industry,2023,6,9.88,entsog,True
IT,industry,2023,7,10.2,entsog,True
IT,industry,2023,8,7.39,entsog,True
IT,industry,2023,9,10.48,entsog,True
IT,industry,2023,10,10.77,entsog,True
IT,industry,2023,11,10.87,entsog,True
IT,industry,2023,12,9.08,entsog,True
IT,industry,2024,1,10.21,entsog,True
IT,industry,2024,2,10.49,entsog,True
IT,industry,2024,3,11.39,entsog,True
IT,industry,2024,4,10.49,entsog,True
IT,industry,2024,5,10.64,entsog,True
IT,industry,2024,6,9.88,entsog,True
IT,industry,2024,7,10.44,entsog,True
IT,industry,2024,8,7.56,entsog,True
IT,industry,2024,9,10.54,entsog,True
IT,industry,2024,10,11.2,entsog,True
IT,industry,2024,11,10.79,entsog,True
IT,industry,2024,12,9.22,entsog,True
IT,industry,2025,1,10.46,entsog,True
IT,industry,2025,2,10.42,entsog,True
IT,industry,2025,3,11.35,entsog,True
IT,industry,2025,4,10.38,entsog,True
IT,industry,2025,5,10.68,entsog,True
IT,industry,2025,6,10.03,entsog,True
IT,industry,2025,7,10.67,entsog,True
IT,industry,2025,8,7.54,entsog,True
IT,industry,2025,9,10.72,entsog,True
IT,industry,2025,10,11.0,entsog,True
IT,industry,2025,11,11.18,entsog,True
IT,industry,2025,12,9.35,entsog,True
IT,industry,2026,1,10.39,entsog,True
IT,industry,2026,2,10.38,entsog,True
IT,industry,2026,3,11.46,entsog,True
IT,power,2019,1,28.0,entsog,True
IT,power,2019,2,21.01,entsog,True
IT,power,2019,3,22.3,entsog,True
IT,power,2019,4,20.23,entsog,True
IT,power,2019,5,18.68,entsog,True
IT,power,2019,6,21.14,entsog,True
IT,power,2019,7,27.44,entsog,True
IT,power,2019,8,24.77,entsog,True
IT,power,2019,9,24.31,entsog,True
IT,power,2019,10,24.62,entsog,True
IT,power,2019,11,20.51,entsog,True
IT,power,2019,12,19.99,entsog,True
IT,power,2020,1,26.81,entsog,True
IT,power,2020,2,21.33,entsog,True
IT,power,2020,3,18.01,entsog,True
IT,power,2020,4,15.03,entsog,True
IT,power,2020,5,15.13,entsog,True
IT,power,2020,6,19.5,entsog,True
IT,power,2020,7,25.92,entsog,True
IT,power,2020,8,24.99,entsog,True
IT,power,2020,9,25.12,entsog,True
IT,power,2020,10,19.77,entsog,True
IT,power,2020,11,22.71,entsog,True
IT,power,2020,12,24.55,entsog,True
IT,power,2021,1,25.08,entsog,True
IT,power,2021,2,20.4,entsog,True
IT,power,2021,3,22.72,entsog,True
IT,power,2021,4,21.36,entsog,True
IT,power,2021,5,15.81,entsog,True
IT,power,2021,6,20.53,entsog,True
IT,power,2021,7,24.87,entsog,True
IT,power,2021,8,20.64,entsog,True
IT,power,2021,9,24.55,entsog,True
IT,power,2021,10,22.87,entsog,True
IT,power,2021,11,28.54,entsog,True
IT,power,2021,12,27.42,entsog,True
IT,power,2022,1,27.86,entsog,True
IT,power,2022,2,23.22,entsog,True
IT,power,2022,3,25.66,entsog,True
IT,power,2022,4,18.7,entsog,True
IT,power,2022,5,17.96,entsog,True
IT,power,2022,6,22.0,entsog,True
IT,power,2022,7,25.45,entsog,True
IT,power,2022,8,22.32,entsog,True
IT,power,2022,9,20.5,entsog,True
IT,power,2022,10,20.51,entsog,True
IT,power,2022,11,19.2,entsog,True
IT,power,2022,12,22.67,entsog,True
IT,power,2023,1,18.84,entsog,True
IT,power,2023,2,19.01,entsog,True
IT,power,2023,3,17.94,entsog,True
IT,power,2023,4,16.3,entsog,True
IT,power,2023,5,15.09,entsog,True
IT,power,2023,6,17.01,entsog,True
IT,power,2023,7,23.92,entsog,True
IT,power,2023,8,18.17,entsog,True
IT,power,2023,9,20.03,entsog,True
IT,power,2023,10,19.73,entsog,True
IT,power,2023,11,16.72,entsog,True
IT,power,2023,12,20.3,entsog,True
IT,power,2024,1,20.29,entsog,True
IT,power,2024,2,17.09,entsog,True
IT,power,2024,3,15.41,entsog,True
IT,power,2024,4,12.41,entsog,True
IT,power,2024,5,12.12,entsog,True
IT,power,2024,6,14.81,entsog,True
IT,power,2024,7,22.89,entsog,True
IT,power,2024,8,22.06,entsog,True
IT,power,2024,9,20.2,entsog,True
IT,power,2024,10,17.84,entsog,True
IT,power,2024,11,22.52,entsog,True
IT,power,2024,12,22.72,entsog,True
IT,power,2025,1,22.59,entsog,True
IT,power,2025,2,27.09,entsog,True
IT,power,2025,3,20.83,entsog,True
IT,power,2025,4,14.23,entsog,True
IT,power,2025,5,12.31,entsog,True
IT,power,2025,6,16.19,entsog,True
IT,power,2025,7,20.71,entsog,True
IT,power,2025,8,16.45,entsog,True
IT,power,2025,9,19.26,entsog,True
IT,power,2025,10,18.86,entsog,True
IT,power,2025,11,23.16,entsog,True
IT,power,2025,12,26.84,entsog,True
IT,power,2026,1,28.61,entsog,True
IT,power,2026,2,20.57,entsog,True
IT,power,2026,3,18.22,entsog,True
IT,total,2019,1,108.45,calculated,True
IT,total,2019,2,82.69,calculated,True
IT,total,2019,3,71.48,calculated,True
IT,total,2019,4,55.99,calculated,True
IT,total,2019,5,49.53,calculated,True
IT,total,2019,6,43.66,calculated,True
IT,total,2019,7,50.26,calculated,True
IT,total,2019,8,42.51,calculated,True
IT,total,2019,9,47.86,calculated,True
IT,total,2019,10,52.87,calculated,True
IT,total,2019,11,68.38,calculated,True
IT,total,2019,12,82.29,calculated,True
IT,total,2020,1,99.49,calculated,True
IT,total,2020,2,77.93,calculated,True
IT,total,2020,3,68.33,calculated,True
IT,total,2020,4,42.5,calculated,True
IT,total,2020,5,37.66,calculated,True
IT,total,2020,6,41.41,calculated,True
IT,total,2020,7,48.39,calculated,True
IT,total,2020,8,42.95,calculated,True
IT,total,2020,9,49.03,calculated,True
IT,total,2020,10,54.82,calculated,True
IT,total,2020,11,71.4,calculated,True
IT,total,2020,12,90.38,calculated,True
IT,total,2021,1,101.4,calculated,True
IT,total,2021,2,78.93,calculated,True
IT,total,2021,3,77.8,calculated,True
IT,total,2021,4,61.84,calculated,True
IT,total,2021,5,43.26,calculated,True
IT,total,2021,6,43.05,calculated,True
IT,total,2021,7,47.81,calculated,True
IT,total,2021,8,39.6,calculated,True
IT,total,2021,9,49.09,calculated,True
IT,total,2021,10,56.28,calculated,True
IT,total,2021,11,78.31,calculated,True
IT,total,2021,12,97.76,calculated,True
IT,total,2022,1,99.81,calculated,True
IT,total,2022,2,79.42,calculated,True
IT,total,2022,3,80.52,calculated,True
IT,total,2022,4,53.07,calculated,True
IT,total,2022,5,42.12,calculated,True
IT,total,2022,6,42.46,calculated,True
IT,total,2022,7,45.43,calculated,True
IT,total,2022,8,37.91,calculated,True
IT,total,2022,9,40.78,calculated,True
IT,total,2022,10,41.49,calculated,True
IT,total,2022,11,56.71,calculated,True
IT,total,2022,12,75.23,calculated,True
IT,total,2023,1,76.83,calculated,True
IT,total,2023,2,72.42,calculated,True
IT,total,2023,3,60.04,calculated,True
IT,total,2023,4,46.35,calculated,True
IT,total,2023,5,38.52,calculated,True
IT,total,2023,6,36.86,calculated,True
IT,total,2023,7,43.55,calculated,True
IT,total,2023,8,33.7,calculated,True
IT,total,2023,9,40.89,calculated,True
IT,total,2023,10,43.57,calculated,True
IT,total,2023,11,58.39,calculated,True
IT,total,2023,12,74.18,calculated,True
IT,total,2024,1,81.2,calculated,True
IT,total,2024,2,65.4,calculated,True
IT,total,2024,3,58.06,calculated,True
IT,total,2024,4,41.52,calculated,True
IT,total,2024,5,35.78,calculated,True
IT,total,2024,6,34.79,calculated,True
IT,total,2024,7,42.98,calculated,True
IT,total,2024,8,37.34,calculated,True
IT,total,2024,9,41.39,calculated,True
IT,total,2024,10,43.87,calculated,True
IT,total,2024,11,66.81,calculated,True
IT,total,2024,12,81.38,calculated,True
IT,total,2025,1,82.57,calculated,True
IT,total,2025,2,79.47,calculated,True
IT,total,2025,3,64.56,calculated,True
IT,total,2025,4,42.84,calculated,True
IT,total,2025,5,35.1,calculated,True
IT,total,2025,6,35.76,calculated,True
IT,total,2025,7,41.06,calculated,True
IT,total,2025,8,31.92,calculated,True
IT,total,2025,9,40.73,calculated,True
IT,total,2025,10,47.44,calculated,True
IT,total,2025,11,67.06,calculated,True
IT,total,2025,12,79.48,calculated,True
IT,total,2026,1,92.46,calculated,True
IT,total,2026,2,68.51,calculated,True
IT,total,2026,3,61.85,calculated,True
LT,power,2019,1,0.06,energy-charts,True
LT,power,2019,2,0.07,energy-charts,True
LT,power,2019,3,0.08,energy-charts,True
LT,power,2019,4,0.07,energy-charts,True
LT,power,2019,5,0.07,energy-charts,True
LT,power,2019,6,0.06,energy-charts,True
LT,power,2019,7,0.06,energy-charts,True
LT,power,2019,8,0.05,energy-charts,True
LT,power,2019,9,0.08,energy-charts,True
LT,power,2019,10,0.08,energy-charts,True
LT,power,2019,11,0.07,energy-charts,True
LT,power,2019,12,0.07,energy-charts,True
LT,power,2020,1,0.07,energy-charts,True
LT,power,2020,2,0.12,energy-charts,True
LT,power,2020,3,0.1,energy-charts,True
LT,power,2020,4,0.09,energy-charts,True
LT,power,2020,5,0.21,energy-charts,True
LT,power,2020,6,0.39,energy-charts,True
LT,power,2020,7,0.39,energy-charts,True
LT,power,2020,8,0.48,energy-charts,True
LT,power,2020,9,0.4,energy-charts,True
LT,power,2020,10,0.27,energy-charts,True
LT,power,2020,11,0.25,energy-charts,True
LT,power,2020,12,0.31,energy-charts,True
LT,power,2021,1,0.22,energy-charts,True
LT,power,2021,2,0.22,energy-charts,True
LT,power,2021,3,0.2,energy-charts,True
LT,power,2021,4,0.16,energy-charts,True
LT,power,2021,5,0.13,energy-charts,True
LT,power,2021,6,0.34,energy-charts,True
LT,power,2021,7,0.22,energy-charts,True
LT,power,2021,8,0.12,energy-charts,True
LT,power,2021,9,0.33,energy-charts,True
LT,power,2021,10,0.1,energy-charts,True
LT,power,2021,11,0.04,energy-charts,True
LT,power,2021,12,0.14,energy-charts,True
LT,power,2022,1,0.03,energy-charts,True
LT,power,2022,2,0.01,energy-charts,True
LT,power,2022,3,0.12,energy-charts,True
LT,power,2022,4,0.03,energy-charts,True
LT,power,2022,5,0.03,energy-charts,True
LT,power,2022,6,0.1,energy-charts,True
LT,power,2022,7,0.1,energy-charts,True
LT,power,2022,8,0.17,energy-charts,True
LT,power,2022,9,0.02,energy-charts,True
LT,power,2022,10,0.04,energy-charts,True
LT,power,2022,11,0.12,energy-charts,True
LT,power,2022,12,0.25,energy-charts,True
LT,power,2023,1,0.07,energy-charts,True
LT,power,2023,2,0.03,energy-charts,True
LT,power,2023,3,0.06,energy-charts,True
LT,power,2023,4,0.07,energy-charts,True
LT,power,2023,5,0.04,energy-charts,True
LT,power,2023,6,0.14,energy-charts,True
LT,power,2023,7,0.06,energy-charts,True
LT,power,2023,8,0.13,energy-charts,True
LT,power,2023,9,0.15,energy-charts,True
LT,power,2023,10,0.19,energy-charts,True
LT,power,2023,11,0.11,energy-charts,True
LT,power,2023,12,0.23,energy-charts,True
LT,power,2024,1,0.3,energy-charts,True
LT,power,2024,2,0.15,energy-charts,True
LT,power,2024,3,0.08,energy-charts,True
LT,power,2024,4,0.08,energy-charts,True
LT,power,2024,5,0.05,energy-charts,True
LT,power,2024,6,0.11,energy-charts,True
LT,power,2024,7,0.15,energy-charts,True
LT,power,2024,8,0.12,energy-charts,True
LT,power,2024,9,0.09,energy-charts,True
LT,power,2024,10,0.11,energy-charts,True
LT,power,2024,11,0.16,energy-charts,True
LT,power,2024,12,0.27,energy-charts,True
LT,power,2025,1,0.41,energy-charts,True
LT,power,2025,2,0.44,energy-charts,True
LT,power,2025,3,0.32,energy-charts,True
LT,power,2025,4,0.3,energy-charts,True
LT,power,2025,5,0.22,energy-charts,True
LT,power,2025,6,0.01,energy-charts,True
LT,power,2025,7,0.16,energy-charts,True
LT,power,2025,8,0.12,energy-charts,True
LT,power,2025,9,0.18,energy-charts,True
LT,power,2025,10,0.28,energy-charts,True
LT,power,2025,11,0.09,energy-charts,True
LT,power,2025,12,0.1,energy-charts,True
LT,power,2026,1,0.4,energy-charts,True
LT,power,2026,2,0.34,energy-charts,True
LT,power,2026,3,0.06,energy-charts,True
LT,total,2019,1,3.04,eurostat,True
LT,total,2019,2,2.3,eurostat,True
LT,total,2019,3,2.3,eurostat,True
LT,total,2019,4,2.16,eurostat,True
LT,total,2019,5,1.41,eurostat,True
LT,total,2019,6,1.78,eurostat,True
LT,total,2019,7,1.24,eurostat,True
LT,total,2019,8,1.08,eurostat,True
LT,total,2019,9,1.56,eurostat,True
LT,total,2019,10,2.13,eurostat,True
LT,total,2019,11,2.39,eurostat,True
LT,total,2019,12,2.56,eurostat,True
LT,total,2020,1,2.76,eurostat,True
LT,total,2020,2,2.48,eurostat,True
LT,total,2020,3,1.87,eurostat,True
LT,total,2020,4,2.35,eurostat,True
LT,total,2020,5,2.54,eurostat,True
LT,total,2020,6,1.88,eurostat,True
LT,total,2020,7,1.96,eurostat,True
LT,total,2020,8,1.63,eurostat,True
LT,total,2020,9,1.53,eurostat,True
LT,total,2020,10,2.07,eurostat,True
LT,total,2020,11,2.39,eurostat,True
LT,total,2020,12,2.76,eurostat,True
LT,total,2021,1,3.44,eurostat,True
LT,total,2021,2,2.92,eurostat,True
LT,total,2021,3,2.42,eurostat,True
LT,total,2021,4,2.31,eurostat,True
LT,total,2021,5,2.19,eurostat,True
LT,total,2021,6,1.63,eurostat,True
LT,total,2021,7,1.5,eurostat,True
LT,total,2021,8,1.16,eurostat,True
LT,total,2021,9,1.26,eurostat,True
LT,total,2021,10,1.73,eurostat,True
LT,total,2021,11,1.7,eurostat,True
LT,total,2021,12,2.49,eurostat,True
LT,total,2022,1,2.11,eurostat,True
LT,total,2022,2,1.68,eurostat,True
LT,total,2022,3,2.11,eurostat,True
LT,total,2022,4,1.62,eurostat,True
LT,total,2022,5,1.51,eurostat,True
LT,total,2022,6,1.56,eurostat,True
LT,total,2022,7,1.02,eurostat,True
LT,total,2022,8,0.71,eurostat,True
LT,total,2022,9,0.99,eurostat,True
LT,total,2022,10,1.0,eurostat,True
LT,total,2022,11,1.21,eurostat,True
LT,total,2022,12,2.34,eurostat,True
LT,total,2023,1,1.37,eurostat,True
LT,total,2023,2,1.07,eurostat,True
LT,total,2023,3,1.74,eurostat,True
LT,total,2023,4,1.35,eurostat,True
LT,total,2023,5,1.17,eurostat,True
LT,total,2023,6,1.11,eurostat,True
LT,total,2023,7,1.08,eurostat,True
LT,total,2023,8,1.21,eurostat,True
LT,total,2023,9,1.36,eurostat,True
LT,total,2023,10,1.89,eurostat,True
LT,total,2023,11,1.71,eurostat,True
LT,total,2023,12,2.21,eurostat,True
LT,total,2024,1,2.32,eurostat,True
LT,total,2024,2,1.81,eurostat,True
LT,total,2024,3,1.68,eurostat,True
LT,total,2024,4,2.1,eurostat,True
LT,total,2024,5,1.02,eurostat,True
LT,total,2024,6,0.97,eurostat,True
LT,total,2024,7,1.03,eurostat,True
LT,total,2024,8,1.0,eurostat,True
LT,total,2024,9,1.02,eurostat,True
LT,total,2024,10,1.65,eurostat,True
LT,total,2024,11,2.18,eurostat,True
LT,total,2024,12,2.08,eurostat,True
LT,total,2025,1,2.24,eurostat,True
LT,total,2025,2,2.28,eurostat,True
LT,total,2025,3,1.74,eurostat,True
LT,total,2025,4,1.69,eurostat,True
LT,total,2025,5,1.47,eurostat,True
LT,total,2025,6,0.93,eurostat,True
LT,total,2025,7,0.52,eurostat,True
LT,total,2025,8,0.95,eurostat,True
LT,total,2025,9,1.34,eurostat,True
LT,total,2025,10,1.54,eurostat,True
LT,total,2025,11,1.76,eurostat,True
LT,total,2025,12,2.05,eurostat,True
LT,total,2026,1,3.06,eurostat,True
LT,total,2026,2,2.57,eurostat,True
LT,total,2026,3,1.49,eurostat,True
LU,household,2019,1,0.86,entsog,True
LU,household,2019,2,0.64,entsog,True
LU,household,2019,3,0.59,entsog,True
LU,household,2019,4,0.41,entsog,True
LU,household,2019,5,0.33,entsog,True
LU,household,2019,6,0.16,entsog,True
LU,household,2019,7,0.14,entsog,True
LU,household,2019,8,0.14,entsog,True
LU,household,2019,9,0.21,entsog,True
LU,household,2019,10,0.38,entsog,True
LU,household,2019,11,0.63,entsog,True
LU,household,2019,12,0.7,entsog,True
LU,household,2020,1,0.74,entsog,True
LU,household,2020,2,0.64,entsog,True
LU,household,2020,3,0.6,entsog,True
LU,household,2020,4,0.3,entsog,True
LU,household,2020,5,0.26,entsog,True
LU,household,2020,6,0.17,entsog,True
LU,household,2020,7,0.15,entsog,True
LU,household,2020,8,0.12,entsog,True
LU,household,2020,9,0.19,entsog,True
LU,household,2020,10,0.43,entsog,True
LU,household,2020,11,0.57,entsog,True
LU,household,2020,12,0.72,entsog,True
LU,household,2021,1,0.85,entsog,True
LU,household,2021,2,0.66,entsog,True
LU,household,2021,3,0.63,entsog,True
LU,household,2021,4,0.51,entsog,True
LU,household,2021,5,0.39,entsog,True
LU,household,2021,6,0.16,entsog,True
LU,household,2021,7,0.17,entsog,True
LU,household,2021,8,0.16,entsog,True
LU,household,2021,9,0.2,entsog,True
LU,household,2021,10,0.43,entsog,True
LU,household,2021,11,0.65,entsog,True
LU,household,2021,12,0.73,entsog,True
LU,household,2022,1,0.79,entsog,True
LU,household,2022,2,0.63,entsog,True
LU,household,2022,3,0.55,entsog,True
LU,household,2022,4,0.4,entsog,True
LU,household,2022,5,0.19,entsog,True
LU,household,2022,6,0.14,entsog,True
LU,household,2022,7,0.12,entsog,True
LU,household,2022,8,0.1,entsog,True
LU,household,2022,9,0.19,entsog,True
LU,household,2022,10,0.27,entsog,True
LU,household,2022,11,0.43,entsog,True
LU,household,2022,12,0.66,entsog,True
LU,household,2023,1,0.65,entsog,True
LU,household,2023,2,0.56,entsog,True
LU,household,2023,3,0.53,entsog,True
LU,household,2023,4,0.39,entsog,True
LU,household,2023,5,0.21,entsog,True
LU,household,2023,6,0.11,entsog,True
LU,household,2023,7,0.11,entsog,True
LU,household,2023,8,0.11,entsog,True
LU,household,2023,9,0.02,entsog,True
LU,household,2023,10,0.25,entsog,True
LU,household,2023,11,0.51,entsog,True
LU,household,2023,12,0.61,entsog,True
LU,household,2024,1,0.72,entsog,True
LU,household,2024,2,0.49,entsog,True
LU,household,2024,3,0.42,entsog,True
LU,household,2024,4,0.33,entsog,True
LU,household,2024,5,0.21,entsog,True
LU,household,2024,6,0.16,entsog,True
LU,household,2024,7,0.12,entsog,True
LU,household,2024,8,0.1,entsog,True
LU,household,2024,9,0.17,entsog,True
LU,household,2024,10,0.3,entsog,True
LU,household,2024,11,0.51,entsog,True
LU,household,2024,12,0.66,entsog,True
LU,household,2025,1,0.72,entsog,True
LU,household,2025,2,0.58,entsog,True
LU,household,2025,3,0.46,entsog,True
LU,household,2025,4,0.3,entsog,True
LU,household,2025,5,0.2,entsog,True
LU,household,2025,6,0.13,entsog,True
LU,household,2025,7,0.12,entsog,True
LU,household,2025,8,0.11,entsog,True
LU,household,2025,9,0.19,entsog,True
LU,household,2025,10,0.34,entsog,True
LU,household,2025,11,0.5,entsog,True
LU,household,2025,12,0.59,entsog,True
LU,household,2026,1,0.73,entsog,True
LU,household,2026,2,0.53,entsog,True
LU,household,2026,3,0.46,entsog,True
LU,industry,2019,1,0.3,calculated,True
LU,industry,2019,2,0.27,calculated,True
LU,industry,2019,3,0.29,calculated,True
LU,industry,2019,4,0.28,calculated,True
LU,industry,2019,5,0.29,calculated,True
LU,industry,2019,6,0.28,calculated,True
LU,industry,2019,7,0.29,calculated,True
LU,industry,2019,8,0.22,calculated,True
LU,industry,2019,9,0.26,calculated,True
LU,industry,2019,10,0.28,calculated,True
LU,industry,2019,11,0.27,calculated,True
LU,industry,2019,12,0.21,calculated,True
LU,industry,2020,1,0.3,calculated,True
LU,industry,2020,2,0.27,calculated,True
LU,industry,2020,3,0.22,calculated,True
LU,industry,2020,4,0.22,calculated,True
LU,industry,2020,5,0.23,calculated,True
LU,industry,2020,6,0.23,calculated,True
LU,industry,2020,7,0.23,calculated,True
LU,industry,2020,8,0.2,calculated,True
LU,industry,2020,9,0.23,calculated,True
LU,industry,2020,10,0.23,calculated,True
LU,industry,2020,11,0.25,calculated,True
LU,industry,2020,12,0.18,calculated,True
LU,industry,2021,1,0.25,calculated,True
LU,industry,2021,2,0.24,calculated,True
LU,industry,2021,3,0.26,calculated,True
LU,industry,2021,4,0.24,calculated,True
LU,industry,2021,5,0.23,calculated,True
LU,industry,2021,6,0.24,calculated,True
LU,industry,2021,7,0.23,calculated,True
LU,industry,2021,8,0.2,calculated,True
LU,industry,2021,9,0.23,calculated,True
LU,industry,2021,10,0.24,calculated,True
LU,industry,2021,11,0.24,calculated,True
LU,industry,2021,12,0.18,calculated,True
LU,industry,2022,1,0.25,calculated,True
LU,industry,2022,2,0.21,calculated,True
LU,industry,2022,3,0.21,calculated,True
LU,industry,2022,4,0.18,calculated,True
LU,industry,2022,5,0.19,calculated,True
LU,industry,2022,6,0.16,calculated,True
LU,industry,2022,7,0.15,calculated,True
LU,industry,2022,8,0.13,calculated,True
LU,industry,2022,9,0.16,calculated,True
LU,industry,2022,10,0.16,calculated,True
LU,industry,2022,11,0.16,calculated,True
LU,industry,2022,12,0.1,calculated,True
LU,industry,2023,1,0.15,calculated,True
LU,industry,2023,2,0.17,calculated,True
LU,industry,2023,3,0.18,calculated,True
LU,industry,2023,4,0.17,calculated,True
LU,industry,2023,5,0.17,calculated,True
LU,industry,2023,6,0.16,calculated,True
LU,industry,2023,7,0.17,calculated,True
LU,industry,2023,8,0.13,calculated,True
LU,industry,2023,9,0.03,calculated,True
LU,industry,2023,10,0.16,calculated,True
LU,industry,2023,11,0.2,calculated,True
LU,industry,2023,12,0.16,calculated,True
LU,industry,2024,1,0.19,calculated,True
LU,industry,2024,2,0.22,calculated,True
LU,industry,2024,3,0.21,calculated,True
LU,industry,2024,4,0.2,calculated,True
LU,industry,2024,5,0.2,calculated,True
LU,industry,2024,6,0.2,calculated,True
LU,industry,2024,7,0.19,calculated,True
LU,industry,2024,8,0.12,calculated,True
LU,industry,2024,9,0.19,calculated,True
LU,industry,2024,10,0.21,calculated,True
LU,industry,2024,11,0.22,calculated,True
LU,industry,2024,12,0.17,calculated,True
LU,industry,2025,1,0.22,calculated,True
LU,industry,2025,2,0.21,calculated,True
LU,industry,2025,3,0.22,calculated,True
LU,industry,2025,4,0.22,calculated,True
LU,industry,2025,5,0.21,calculated,True
LU,industry,2025,6,0.2,calculated,True
LU,industry,2025,7,0.2,calculated,True
LU,industry,2025,8,0.15,calculated,True
LU,industry,2025,9,0.2,calculated,True
LU,industry,2025,10,0.21,calculated,True
LU,industry,2025,11,0.21,calculated,True
LU,industry,2025,12,0.17,calculated,True
LU,industry,2026,1,0.21,calculated,True
LU,industry,2026,2,0.21,calculated,True
LU,industry,2026,3,0.22,calculated,True
LU,industry-power,2019,1,0.36,entsog,False
LU,industry-power,2019,2,0.32,entsog,False
LU,industry-power,2019,3,0.35,entsog,False
LU,industry-power,2019,4,0.32,entsog,False
LU,industry-power,2019,5,0.32,entsog,False
LU,industry-power,2019,6,0.31,entsog,False
LU,industry-power,2019,7,0.31,entsog,False
LU,industry-power,2019,8,0.25,entsog,False
LU,industry-power,2019,9,0.29,entsog,False
LU,industry-power,2019,10,0.32,entsog,False
LU,industry-power,2019,11,0.32,entsog,False
LU,industry-power,2019,12,0.26,entsog,False
LU,industry-power,2020,1,0.35,entsog,False
LU,industry-power,2020,2,0.32,entsog,False
LU,industry-power,2020,3,0.27,entsog,False
LU,industry-power,2020,4,0.25,entsog,False
LU,industry-power,2020,5,0.26,entsog,False
LU,industry-power,2020,6,0.25,entsog,False
LU,industry-power,2020,7,0.25,entsog,False
LU,industry-power,2020,8,0.22,entsog,False
LU,industry-power,2020,9,0.26,entsog,False
LU,industry-power,2020,10,0.28,entsog,False
LU,industry-power,2020,11,0.29,entsog,False
LU,industry-power,2020,12,0.23,entsog,False
LU,industry-power,2021,1,0.3,entsog,False
LU,industry-power,2021,2,0.28,entsog,False
LU,industry-power,2021,3,0.31,entsog,False
LU,industry-power,2021,4,0.28,entsog,False
LU,industry-power,2021,5,0.27,entsog,False
LU,industry-power,2021,6,0.26,entsog,False
LU,industry-power,2021,7,0.25,entsog,False
LU,industry-power,2021,8,0.22,entsog,False
LU,industry-power,2021,9,0.25,entsog,False
LU,industry-power,2021,10,0.28,entsog,False
LU,industry-power,2021,11,0.29,entsog,False
LU,industry-power,2021,12,0.23,entsog,False
LU,industry-power,2022,1,0.3,entsog,False
LU,industry-power,2022,2,0.24,entsog,False
LU,industry-power,2022,3,0.25,entsog,False
LU,industry-power,2022,4,0.21,entsog,False
LU,industry-power,2022,5,0.2,entsog,False
LU,industry-power,2022,6,0.17,entsog,False
LU,industry-power,2022,7,0.16,entsog,False
LU,industry-power,2022,8,0.14,entsog,False
LU,industry-power,2022,9,0.17,entsog,False
LU,industry-power,2022,10,0.18,entsog,False
LU,industry-power,2022,11,0.18,entsog,False
LU,industry-power,2022,12,0.13,entsog,False
LU,industry-power,2023,1,0.18,entsog,False
LU,industry-power,2023,2,0.19,entsog,False
LU,industry-power,2023,3,0.2,entsog,False
LU,industry-power,2023,4,0.18,entsog,False
LU,industry-power,2023,5,0.18,entsog,False
LU,industry-power,2023,6,0.17,entsog,False
LU,industry-power,2023,7,0.18,entsog,False
LU,industry-power,2023,8,0.14,entsog,False
LU,industry-power,2023,9,0.04,entsog,False
LU,industry-power,2023,10,0.17,entsog,False
LU,industry-power,2023,11,0.22,entsog,False
LU,industry-power,2023,12,0.18,entsog,False
LU,industry-power,2024,1,0.21,entsog,False
LU,industry-power,2024,2,0.23,entsog,False
LU,industry-power,2024,3,0.23,entsog,False
LU,industry-power,2024,4,0.21,entsog,False
LU,industry-power,2024,5,0.21,entsog,False
LU,industry-power,2024,6,0.21,entsog,False
LU,industry-power,2024,7,0.2,entsog,False
LU,industry-power,2024,8,0.12,entsog,False
LU,industry-power,2024,9,0.2,entsog,False
LU,industry-power,2024,10,0.22,entsog,False
LU,industry-power,2024,11,0.23,entsog,False
LU,industry-power,2024,12,0.19,entsog,False
LU,industry-power,2025,1,0.24,entsog,False
LU,industry-power,2025,2,0.23,entsog,False
LU,industry-power,2025,3,0.23,entsog,False
LU,industry-power,2025,4,0.23,entsog,False
LU,industry-power,2025,5,0.22,entsog,False
LU,industry-power,2025,6,0.2,entsog,False
LU,industry-power,2025,7,0.21,entsog,False
LU,industry-power,2025,8,0.16,entsog,False
LU,industry-power,2025,9,0.21,entsog,False
LU,industry-power,2025,10,0.22,entsog,False
LU,industry-power,2025,11,0.22,entsog,False
LU,industry-power,2025,12,0.19,entsog,False
LU,industry-power,2026,1,0.23,entsog,False
LU,industry-power,2026,2,0.22,entsog,False
LU,industry-power,2026,3,0.23,entsog,False
LU,power,2019,1,0.06,energy-charts,True
LU,power,2019,2,0.05,energy-charts,True
LU,power,2019,3,0.05,energy-charts,True
LU,power,2019,4,0.04,energy-charts,True
LU,power,2019,5,0.04,energy-charts,True
LU,power,2019,6,0.03,energy-charts,True
LU,power,2019,7,0.02,energy-charts,True
LU,power,2019,8,0.02,energy-charts,True
LU,power,2019,9,0.03,energy-charts,True
LU,power,2019,10,0.04,energy-charts,True
LU,power,2019,11,0.05,energy-charts,True
LU,power,2019,12,0.05,energy-charts,True
LU,power,2020,1,0.05,energy-charts,True
LU,power,2020,2,0.05,energy-charts,True
LU,power,2020,3,0.05,energy-charts,True
LU,power,2020,4,0.03,energy-charts,True
LU,power,2020,5,0.03,energy-charts,True
LU,power,2020,6,0.02,energy-charts,True
LU,power,2020,7,0.02,energy-charts,True
LU,power,2020,8,0.02,energy-charts,True
LU,power,2020,9,0.03,energy-charts,True
LU,power,2020,10,0.04,energy-charts,True
LU,power,2020,11,0.05,energy-charts,True
LU,power,2020,12,0.05,energy-charts,True
LU,power,2021,1,0.05,energy-charts,True
LU,power,2021,2,0.05,energy-charts,True
LU,power,2021,3,0.04,energy-charts,True
LU,power,2021,4,0.04,energy-charts,True
LU,power,2021,5,0.04,energy-charts,True
LU,power,2021,6,0.02,energy-charts,True
LU,power,2021,7,0.02,energy-charts,True
LU,power,2021,8,0.02,energy-charts,True
LU,power,2021,9,0.02,energy-charts,True
LU,power,2021,10,0.04,energy-charts,True
LU,power,2021,11,0.04,energy-charts,True
LU,power,2021,12,0.05,energy-charts,True
LU,power,2022,1,0.05,energy-charts,True
LU,power,2022,2,0.03,energy-charts,True
LU,power,2022,3,0.03,energy-charts,True
LU,power,2022,4,0.03,energy-charts,True
LU,power,2022,5,0.02,energy-charts,True
LU,power,2022,6,0.01,energy-charts,True
LU,power,2022,7,0.01,energy-charts,True
LU,power,2022,8,0.01,energy-charts,True
LU,power,2022,9,0.01,energy-charts,True
LU,power,2022,10,0.02,energy-charts,True
LU,power,2022,11,0.02,energy-charts,True
LU,power,2022,12,0.03,energy-charts,True
LU,power,2023,1,0.02,energy-charts,True
LU,power,2023,2,0.02,energy-charts,True
LU,power,2023,3,0.02,energy-charts,True
LU,power,2023,4,0.01,energy-charts,True
LU,power,2023,5,0.01,energy-charts,True
LU,power,2023,6,0.01,energy-charts,True
LU,power,2023,7,0.01,energy-charts,True
LU,power,2023,8,0.01,energy-charts,True
LU,power,2023,9,0.01,energy-charts,True
LU,power,2023,10,0.01,energy-charts,True
LU,power,2023,11,0.02,energy-charts,True
LU,power,2023,12,0.02,energy-charts,True
LU,power,2024,1,0.02,energy-charts,True
LU,power,2024,2,0.01,energy-charts,True
LU,power,2024,3,0.01,energy-charts,True
LU,power,2024,4,0.01,energy-charts,True
LU,power,2024,5,0.01,energy-charts,True
LU,power,2024,6,0.01,energy-charts,True
LU,power,2024,7,0.01,energy-charts,True
LU,power,2024,8,0.01,energy-charts,True
LU,power,2024,9,0.01,energy-charts,True
LU,power,2024,10,0.01,energy-charts,True
LU,power,2024,11,0.02,energy-charts,True
LU,power,2024,12,0.02,energy-charts,True
LU,power,2025,1,0.02,energy-charts,True
LU,power,2025,2,0.02,energy-charts,True
LU,power,2025,3,0.01,energy-charts,True
LU,power,2025,4,0.01,energy-charts,True
LU,power,2025,5,0.0,energy-charts,True
LU,power,2025,6,0.0,energy-charts,True
LU,power,2025,7,0.0,energy-charts,True
LU,power,2025,8,0.0,energy-charts,True
LU,power,2025,9,0.01,energy-charts,True
LU,power,2025,10,0.01,energy-charts,True
LU,power,2025,11,0.01,energy-charts,True
LU,power,2025,12,0.02,energy-charts,True
LU,power,2026,1,0.01,energy-charts,True
LU,power,2026,2,0.01,energy-charts,True
LU,power,2026,3,0.01,energy-charts,True
LU,total,2019,1,1.22,calculated,True
LU,total,2019,2,0.97,calculated,True
LU,total,2019,3,0.93,calculated,True
LU,total,2019,4,0.73,calculated,True
LU,total,2019,5,0.65,calculated,True
LU,total,2019,6,0.47,calculated,True
LU,total,2019,7,0.45,calculated,True
LU,total,2019,8,0.39,calculated,True
LU,total,2019,9,0.5,calculated,True
LU,total,2019,10,0.69,calculated,True
LU,total,2019,11,0.95,calculated,True
LU,total,2019,12,0.97,calculated,True
LU,total,2020,1,1.09,calculated,True
LU,total,2020,2,0.96,calculated,True
LU,total,2020,3,0.87,calculated,True
LU,total,2020,4,0.55,calculated,True
LU,total,2020,5,0.52,calculated,True
LU,total,2020,6,0.42,calculated,True
LU,total,2020,7,0.4,calculated,True
LU,total,2020,8,0.35,calculated,True
LU,total,2020,9,0.45,calculated,True
LU,total,2020,10,0.71,calculated,True
LU,total,2020,11,0.86,calculated,True
LU,total,2020,12,0.94,calculated,True
LU,total,2021,1,1.15,calculated,True
LU,total,2021,2,0.94,calculated,True
LU,total,2021,3,0.94,calculated,True
LU,total,2021,4,0.79,calculated,True
LU,total,2021,5,0.66,calculated,True
LU,total,2021,6,0.42,calculated,True
LU,total,2021,7,0.42,calculated,True
LU,total,2021,8,0.38,calculated,True
LU,total,2021,9,0.45,calculated,True
LU,total,2021,10,0.71,calculated,True
LU,total,2021,11,0.93,calculated,True
LU,total,2021,12,0.96,calculated,True
LU,total,2022,1,1.09,calculated,True
LU,total,2022,2,0.87,calculated,True
LU,total,2022,3,0.8,calculated,True
LU,total,2022,4,0.6,calculated,True
LU,total,2022,5,0.4,calculated,True
LU,total,2022,6,0.31,calculated,True
LU,total,2022,7,0.28,calculated,True
LU,total,2022,8,0.24,calculated,True
LU,total,2022,9,0.37,calculated,True
LU,total,2022,10,0.45,calculated,True
LU,total,2022,11,0.61,calculated,True
LU,total,2022,12,0.8,calculated,True
LU,total,2023,1,0.83,calculated,True
LU,total,2023,2,0.75,calculated,True
LU,total,2023,3,0.73,calculated,True
LU,total,2023,4,0.57,calculated,True
LU,total,2023,5,0.39,calculated,True
LU,total,2023,6,0.28,calculated,True
LU,total,2023,7,0.29,calculated,True
LU,total,2023,8,0.26,calculated,True
LU,total,2023,9,0.06,calculated,True
LU,total,2023,10,0.42,calculated,True
LU,total,2023,11,0.73,calculated,True
LU,total,2023,12,0.8,calculated,True
LU,total,2024,1,0.93,calculated,True
LU,total,2024,2,0.72,calculated,True
LU,total,2024,3,0.65,calculated,True
LU,total,2024,4,0.55,calculated,True
LU,total,2024,5,0.42,calculated,True
LU,total,2024,6,0.37,calculated,True
LU,total,2024,7,0.32,calculated,True
LU,total,2024,8,0.23,calculated,True
LU,total,2024,9,0.37,calculated,True
LU,total,2024,10,0.51,calculated,True
LU,total,2024,11,0.74,calculated,True
LU,total,2024,12,0.85,calculated,True
LU,total,2025,1,0.96,calculated,True
LU,total,2025,2,0.81,calculated,True
LU,total,2025,3,0.7,calculated,True
LU,total,2025,4,0.52,calculated,True
LU,total,2025,5,0.42,calculated,True
LU,total,2025,6,0.33,calculated,True
LU,total,2025,7,0.32,calculated,True
LU,total,2025,8,0.26,calculated,True
LU,total,2025,9,0.4,calculated,True
LU,total,2025,10,0.56,calculated,True
LU,total,2025,11,0.73,calculated,True
LU,total,2025,12,0.78,calculated,True
LU,total,2026,1,0.96,calculated,True
LU,total,2026,2,0.75,calculated,True
LU,total,2026,3,0.69,calculated,True
LV,power,2019,1,0.76,energy-charts,True
LV,power,2019,2,0.38,energy-charts,True
LV,power,2019,3,0.32,energy-charts,True
LV,power,2019,4,0.17,energy-charts,True
LV,power,2019,5,0.29,energy-charts,True
LV,power,2019,6,0.49,energy-charts,True
LV,power,2019,7,0.42,energy-charts,True
LV,power,2019,8,0.71,energy-charts,True
LV,power,2019,9,0.76,energy-charts,True
LV,power,2019,10,0.49,energy-charts,True
LV,power,2019,11,0.41,energy-charts,True
LV,power,2019,12,0.31,energy-charts,True
LV,power,2020,1,0.22,energy-charts,True
LV,power,2020,2,0.24,energy-charts,True
LV,power,2020,3,0.14,energy-charts,True
LV,power,2020,4,0.11,energy-charts,True
LV,power,2020,5,0.25,energy-charts,True
LV,power,2020,6,0.46,energy-charts,True
LV,power,2020,7,0.12,energy-charts,True
LV,power,2020,8,0.48,energy-charts,True
LV,power,2020,9,0.28,energy-charts,True
LV,power,2020,10,0.23,energy-charts,True
LV,power,2020,11,0.4,energy-charts,True
LV,power,2020,12,0.43,energy-charts,True
LV,power,2021,1,0.6,energy-charts,True
LV,power,2021,2,0.59,energy-charts,True
LV,power,2021,3,0.38,energy-charts,True
LV,power,2021,4,0.08,energy-charts,True
LV,power,2021,5,0.01,energy-charts,True
LV,power,2021,6,0.19,energy-charts,True
LV,power,2021,7,0.32,energy-charts,True
LV,power,2021,8,0.03,energy-charts,True
LV,power,2021,9,0.33,energy-charts,True
LV,power,2021,10,0.19,energy-charts,True
LV,power,2021,11,0.32,energy-charts,True
LV,power,2021,12,0.6,energy-charts,True
LV,power,2022,1,0.37,energy-charts,True
LV,power,2022,2,0.09,energy-charts,True
LV,power,2022,3,0.02,energy-charts,True
LV,power,2022,4,0.02,energy-charts,True
LV,power,2022,5,0.03,energy-charts,True
LV,power,2022,6,0.0,energy-charts,True
LV,power,2022,7,0.0,energy-charts,True
LV,power,2022,8,0.23,energy-charts,True
LV,power,2022,9,0.16,energy-charts,True
LV,power,2022,10,0.02,energy-charts,True
LV,power,2022,11,0.51,energy-charts,True
LV,power,2022,12,0.75,energy-charts,True
LV,power,2023,1,0.34,energy-charts,True
LV,power,2023,2,0.47,energy-charts,True
LV,power,2023,3,0.36,energy-charts,True
LV,power,2023,4,0.03,energy-charts,True
LV,power,2023,5,0.0,energy-charts,True
LV,power,2023,6,0.12,energy-charts,True
LV,power,2023,7,0.02,energy-charts,True
LV,power,2023,8,0.18,energy-charts,True
LV,power,2023,9,0.28,energy-charts,True
LV,power,2023,10,0.2,energy-charts,True
LV,power,2023,11,0.35,energy-charts,True
LV,power,2023,12,0.36,energy-charts,True
LV,power,2024,1,0.82,energy-charts,True
LV,power,2024,2,0.63,energy-charts,True
LV,power,2024,3,0.32,energy-charts,True
LV,power,2024,4,0.08,energy-charts,True
LV,power,2024,5,0.01,energy-charts,True
LV,power,2024,6,0.01,energy-charts,True
LV,power,2024,7,0.16,energy-charts,True
LV,power,2024,8,0.21,energy-charts,True
LV,power,2024,9,0.28,energy-charts,True
LV,power,2024,10,0.13,energy-charts,True
LV,power,2024,11,0.31,energy-charts,True
LV,power,2024,12,0.26,energy-charts,True
LV,power,2025,1,0.4,energy-charts,True
LV,power,2025,2,0.84,energy-charts,True
LV,power,2025,3,0.33,energy-charts,True
LV,power,2025,4,0.09,energy-charts,True
LV,power,2025,5,0.02,energy-charts,True
LV,power,2025,6,0.02,energy-charts,True
LV,power,2025,7,0.13,energy-charts,True
LV,power,2025,8,0.13,energy-charts,True
LV,power,2025,9,0.17,energy-charts,True
LV,power,2025,10,0.28,energy-charts,True
LV,power,2025,11,0.41,energy-charts,True
LV,power,2025,12,0.27,energy-charts,True
LV,power,2026,1,1.07,energy-charts,True
LV,power,2026,2,1.0,energy-charts,True
LV,power,2026,3,0.13,energy-charts,True
LV,total,2020,1,1.29,entsog,True
LV,total,2020,2,1.28,entsog,True
LV,total,2020,3,1.16,entsog,True
LV,total,2020,4,0.86,entsog,True
LV,total,2020,5,0.71,entsog,True
LV,total,2020,6,0.73,entsog,True
LV,total,2020,7,0.42,entsog,True
LV,total,2020,8,0.81,entsog,True
LV,total,2020,9,0.65,entsog,True
LV,total,2020,10,0.84,entsog,True
LV,total,2020,11,1.22,entsog,True
LV,total,2020,12,1.59,entsog,True
LV,total,2021,1,1.94,entsog,True
LV,total,2021,2,1.9,entsog,True
LV,total,2021,3,1.45,entsog,True
LV,total,2021,4,0.85,entsog,True
LV,total,2021,5,0.46,entsog,True
LV,total,2021,6,0.45,entsog,True
LV,total,2021,7,0.57,entsog,True
LV,total,2021,8,0.31,entsog,True
LV,total,2021,9,0.73,entsog,True
LV,total,2021,10,0.8,entsog,True
LV,total,2021,11,1.16,entsog,True
LV,total,2021,12,1.91,entsog,True
LV,total,2022,1,1.53,entsog,True
LV,total,2022,2,1.1,entsog,True
LV,total,2022,3,0.99,entsog,True
LV,total,2022,4,0.67,entsog,True
LV,total,2022,5,0.32,entsog,True
LV,total,2022,6,0.19,entsog,True
LV,total,2022,7,0.18,entsog,True
LV,total,2022,8,0.43,entsog,True
LV,total,2022,9,0.37,entsog,True
LV,total,2022,10,0.29,entsog,True
LV,total,2022,11,1.09,entsog,True
LV,total,2022,12,1.6,entsog,True
LV,total,2023,1,1.12,entsog,True
LV,total,2023,2,1.2,entsog,True
LV,total,2023,3,1.03,entsog,True
LV,total,2023,4,0.4,entsog,True
LV,total,2023,5,0.2,entsog,True
LV,total,2023,6,0.31,entsog,True
LV,total,2023,7,0.19,entsog,True
LV,total,2023,8,0.37,entsog,True
LV,total,2023,9,0.49,entsog,True
LV,total,2023,10,0.67,entsog,True
LV,total,2023,11,1.01,entsog,True
LV,total,2023,12,1.22,entsog,True
LV,total,2024,1,1.93,entsog,True
LV,total,2024,2,1.33,entsog,True
LV,total,2024,3,0.91,entsog,True
LV,total,2024,4,0.51,entsog,True
LV,total,2024,5,0.21,entsog,True
LV,total,2024,6,0.15,entsog,True
LV,total,2024,7,0.35,entsog,True
LV,total,2024,8,0.43,entsog,True
LV,total,2024,9,0.5,entsog,True
LV,total,2024,10,0.57,entsog,True
LV,total,2024,11,0.93,entsog,True
LV,total,2024,12,1.02,entsog,True
LV,total,2025,1,0.92,entsog,True
LV,total,2025,2,1.65,entsog,True
LV,total,2025,3,0.95,entsog,True
LV,total,2025,4,0.55,entsog,True
LV,total,2025,5,0.33,entsog,True
LV,total,2025,6,0.18,entsog,True
LV,total,2025,7,0.32,entsog,True
LV,total,2025,8,0.35,entsog,True
LV,total,2025,9,0.4,entsog,True
LV,total,2025,10,0.75,entsog,True
LV,total,2025,11,1.05,entsog,True
LV,total,2025,12,1.01,entsog,True
LV,total,2026,1,2.34,entsog,True
LV,total,2026,2,2.14,entsog,True
LV,total,2026,3,0.7,entsog,True
NL,household,2019,1,30.32,entsog,True
NL,household,2019,2,21.57,entsog,True
NL,household,2019,3,20.42,entsog,True
NL,household,2019,4,12.45,entsog,True
NL,household,2019,5,10.61,entsog,True
NL,household,2019,6,5.43,entsog,True
NL,household,2019,7,5.14,entsog,True
NL,household,2019,8,5.02,entsog,True
NL,household,2019,9,7.1,entsog,True
NL,household,2019,10,13.3,entsog,True
NL,household,2019,11,21.57,entsog,True
NL,household,2019,12,24.71,entsog,True
NL,household,2020,1,25.02,entsog,True
NL,household,2020,2,22.87,entsog,True
NL,household,2020,3,20.84,entsog,True
NL,household,2020,4,10.58,entsog,True
NL,household,2020,5,8.28,entsog,True
NL,household,2020,6,5.8,entsog,True
NL,household,2020,7,5.74,entsog,True
NL,household,2020,8,4.77,entsog,True
NL,household,2020,9,6.91,entsog,True
NL,household,2020,10,14.04,entsog,True
NL,household,2020,11,17.39,entsog,True
NL,household,2020,12,24.82,entsog,True
NL,household,2021,1,29.44,entsog,True
NL,household,2021,2,25.28,entsog,True
NL,household,2021,3,22.08,entsog,True
NL,household,2021,4,18.19,entsog,True
NL,household,2021,5,11.88,entsog,True
NL,household,2021,6,5.46,entsog,True
NL,household,2021,7,5.45,entsog,True
NL,household,2021,8,5.59,entsog,True
NL,household,2021,9,6.18,entsog,True
NL,household,2021,10,11.82,entsog,True
NL,household,2021,11,18.48,entsog,True
NL,household,2021,12,23.88,entsog,True
NL,household,2022,1,24.66,entsog,True
NL,household,2022,2,20.59,entsog,True
NL,household,2022,3,16.4,entsog,True
NL,household,2022,4,12.57,entsog,True
NL,household,2022,5,6.29,entsog,True
NL,household,2022,6,4.82,entsog,True
NL,household,2022,7,4.32,entsog,True
NL,household,2022,8,3.82,entsog,True
NL,household,2022,9,5.72,entsog,True
NL,household,2022,10,7.37,entsog,True
NL,household,2022,11,13.36,entsog,True
NL,household,2022,12,21.89,entsog,True
NL,household,2023,1,20.51,entsog,True
NL,household,2023,2,17.52,entsog,True
NL,household,2023,3,17.46,entsog,True
NL,household,2023,4,12.07,entsog,True
NL,household,2023,5,6.65,entsog,True
NL,household,2023,6,4.49,entsog,True
NL,household,2023,7,4.53,entsog,True
NL,household,2023,8,4.7,entsog,True
NL,household,2023,9,4.93,entsog,True
NL,household,2023,10,8.56,entsog,True
NL,household,2023,11,15.57,entsog,True
NL,household,2023,12,19.1,entsog,True
NL,household,2024,1,24.22,entsog,True
NL,household,2024,2,16.51,entsog,True
NL,household,2024,3,14.27,entsog,True
NL,household,2024,4,10.73,entsog,True
NL,household,2024,5,5.7,entsog,True
NL,household,2024,6,5.39,entsog,True
NL,household,2024,7,4.57,entsog,True
NL,household,2024,8,4.01,entsog,True
NL,household,2024,9,5.48,entsog,True
NL,household,2024,10,9.15,entsog,True
NL,household,2024,11,16.15,entsog,True
NL,household,2024,12,19.63,entsog,True
NL,household,2025,1,23.7,entsog,True
NL,household,2025,2,20.39,entsog,True
NL,household,2025,3,14.27,entsog,True
NL,household,2025,4,8.39,entsog,True
NL,household,2025,5,5.98,entsog,True
NL,household,2025,6,4.39,entsog,True
NL,household,2025,7,4.06,entsog,True
NL,household,2025,8,4.17,entsog,True
NL,household,2025,9,5.66,entsog,True
NL,household,2025,10,9.64,entsog,True
NL,household,2025,11,15.01,entsog,True
NL,household,2025,12,18.93,entsog,True
NL,household,2026,1,25.05,entsog,True
NL,household,2026,2,18.53,entsog,True
NL,household,2026,3,13.47,entsog,True
NL,industry,2019,1,10.3,"entsog, CBS",True
NL,industry,2019,2,8.93,"entsog, CBS",True
NL,industry,2019,3,10.07,"entsog, CBS",True
NL,industry,2019,4,9.16,"entsog, CBS",True
NL,industry,2019,5,9.26,"entsog, CBS",True
NL,industry,2019,6,8.41,"entsog, CBS",True
NL,industry,2019,7,8.83,"entsog, CBS",True
NL,industry,2019,8,9.0,"entsog, CBS",True
NL,industry,2019,9,9.26,"entsog, CBS",True
NL,industry,2019,10,9.79,"entsog, CBS",True
NL,industry,2019,11,9.38,"entsog, CBS",True
NL,industry,2019,12,10.21,"entsog, CBS",True
NL,industry,2020,1,9.4,"entsog, CBS",True
NL,industry,2020,2,9.5,"entsog, CBS",True
NL,industry,2020,3,10.07,"entsog, CBS",True
NL,industry,2020,4,9.0,"entsog, CBS",True
NL,industry,2020,5,8.84,"entsog, CBS",True
NL,industry,2020,6,8.26,"entsog, CBS",True
NL,industry,2020,7,9.01,"entsog, CBS",True
NL,industry,2020,8,9.17,"entsog, CBS",True
NL,industry,2020,9,9.19,"entsog, CBS",True
NL,industry,2020,10,10.42,"entsog, CBS",True
NL,industry,2020,11,9.16,"entsog, CBS",True
NL,industry,2020,12,10.73,"entsog, CBS",True
NL,industry,2021,1,12.31,"entsog, CBS",True
NL,industry,2021,2,11.16,"entsog, CBS",True
NL,industry,2021,3,12.08,"entsog, CBS",True
NL,industry,2021,4,11.22,"entsog, CBS",True
NL,industry,2021,5,11.36,"entsog, CBS",True
NL,industry,2021,6,9.46,"entsog, CBS",True
NL,industry,2021,7,9.9,"entsog, CBS",True
NL,industry,2021,8,9.78,"entsog, CBS",True
NL,industry,2021,9,9.59,"entsog, CBS",True
NL,industry,2021,10,9.31,"entsog, CBS",True
NL,industry,2021,11,8.99,"entsog, CBS",True
NL,industry,2021,12,10.03,"entsog, CBS",True
NL,industry,2022,1,9.62,"entsog, CBS",True
NL,industry,2022,2,8.49,"entsog, CBS",True
NL,industry,2022,3,8.93,"entsog, CBS",True
NL,industry,2022,4,8.92,"entsog, CBS",True
NL,industry,2022,5,8.37,"entsog, CBS",True
NL,industry,2022,6,7.93,"entsog, CBS",True
NL,industry,2022,7,7.28,"entsog, CBS",True
NL,industry,2022,8,6.38,"entsog, CBS",True
NL,industry,2022,9,5.92,"entsog, CBS",True
NL,industry,2022,10,6.53,"entsog, CBS",True
NL,industry,2022,11,6.72,"entsog, CBS",True
NL,industry,2022,12,7.12,"entsog, CBS",True
NL,industry,2023,1,6.92,"entsog, CBS",True
NL,industry,2023,2,6.13,"entsog, CBS",True
NL,industry,2023,3,7.18,"entsog, CBS",True
NL,industry,2023,4,6.63,"entsog, CBS",True
NL,industry,2023,5,6.59,"entsog, CBS",True
NL,industry,2023,6,6.83,"entsog, CBS",True
NL,industry,2023,7,6.82,"entsog, CBS",True
NL,industry,2023,8,7.11,"entsog, CBS",True
NL,industry,2023,9,7.22,"entsog, CBS",True
NL,industry,2023,10,7.66,"entsog, CBS",True
NL,industry,2023,11,7.19,"entsog, CBS",True
NL,industry,2023,12,7.87,"entsog, CBS",True
NL,industry,2024,1,8.33,"entsog, CBS",True
NL,industry,2024,2,7.64,"entsog, CBS",True
NL,industry,2024,3,7.84,"entsog, CBS",True
NL,industry,2024,4,8.27,"entsog, CBS",True
NL,industry,2024,5,8.32,"entsog, CBS",True
NL,industry,2024,6,7.47,"entsog, CBS",True
NL,industry,2024,7,7.13,"entsog, CBS",True
NL,industry,2024,8,7.36,"entsog, CBS",True
NL,industry,2024,9,7.28,"entsog, CBS",True
NL,industry,2024,10,7.63,"entsog, CBS",True
NL,industry,2024,11,7.56,"entsog, CBS",True
NL,industry,2024,12,7.93,"entsog, CBS",True
NL,industry,2025,1,7.91,"entsog, CBS",True
NL,industry,2025,2,6.93,"entsog, CBS",True
NL,industry,2025,3,7.23,"entsog, CBS",True
NL,industry,2025,4,6.52,"entsog, CBS",True
NL,industry,2025,5,6.82,"entsog, CBS",True
NL,industry,2025,6,6.37,"entsog, CBS",True
NL,industry,2025,7,6.44,"entsog, CBS",True
NL,industry,2025,8,6.48,"entsog, CBS",True
NL,industry,2025,9,6.52,"entsog, CBS",True
NL,industry,2025,10,7.02,"entsog, CBS",True
NL,industry,2025,11,6.82,"entsog, CBS",True
NL,industry,2025,12,7.41,"entsog, CBS",True
NL,industry,2026,1,7.69,"entsog, CBS",True
NL,industry,2026,2,6.75,"entsog, CBS",True
NL,industry,2026,3,6.74,"entsog, CBS",True
NL,power,2019,1,9.17,CBS,True
NL,power,2019,2,8.16,CBS,True
NL,power,2019,3,7.89,CBS,True
NL,power,2019,4,6.51,CBS,True
NL,power,2019,5,8.32,CBS,True
NL,power,2019,6,7.39,CBS,True
NL,power,2019,7,8.83,CBS,True
NL,power,2019,8,8.91,CBS,True
NL,power,2019,9,9.19,CBS,True
NL,power,2019,10,9.59,CBS,True
NL,power,2019,11,9.15,CBS,True
NL,power,2019,12,7.64,CBS,True
NL,power,2020,1,11.02,CBS,True
NL,power,2020,2,8.15,CBS,True
NL,power,2020,3,7.23,CBS,True
NL,power,2020,4,6.09,CBS,True
NL,power,2020,5,7.72,CBS,True
NL,power,2020,6,8.66,CBS,True
NL,power,2020,7,10.54,CBS,True
NL,power,2020,8,11.25,CBS,True
NL,power,2020,9,8.73,CBS,True
NL,power,2020,10,7.47,CBS,True
NL,power,2020,11,8.69,CBS,True
NL,power,2020,12,8.58,CBS,True
NL,power,2021,1,8.14,CBS,True
NL,power,2021,2,8.19,CBS,True
NL,power,2021,3,8.33,CBS,True
NL,power,2021,4,5.93,CBS,True
NL,power,2021,5,5.33,CBS,True
NL,power,2021,6,7.16,CBS,True
NL,power,2021,7,5.4,CBS,True
NL,power,2021,8,2.33,CBS,True
NL,power,2021,9,4.79,CBS,True
NL,power,2021,10,3.74,CBS,True
NL,power,2021,11,7.7,CBS,True
NL,power,2021,12,6.78,CBS,True
NL,power,2022,1,6.61,CBS,True
NL,power,2022,2,3.82,CBS,True
NL,power,2022,3,5.93,CBS,True
NL,power,2022,4,4.01,CBS,True
NL,power,2022,5,5.15,CBS,True
NL,power,2022,6,5.73,CBS,True
NL,power,2022,7,5.13,entsog,True
NL,power,2022,8,5.75,entsog,True
NL,power,2022,9,4.81,entsog,True
NL,power,2022,10,6.12,entsog,True
NL,power,2022,11,4.75,entsog,True
NL,power,2022,12,7.42,entsog,True
NL,power,2023,1,4.95,entsog,True
NL,power,2023,2,5.8,entsog,True
NL,power,2023,3,5.27,entsog,True
NL,power,2023,4,4.58,entsog,True
NL,power,2023,5,4.73,entsog,True
NL,power,2023,6,6.48,entsog,True
NL,power,2023,7,4.91,entsog,True
NL,power,2023,8,6.58,entsog,True
NL,power,2023,9,6.26,entsog,True
NL,power,2023,10,4.26,entsog,True
NL,power,2023,11,4.41,entsog,True
NL,power,2023,12,5.34,entsog,True
NL,power,2024,1,6.81,entsog,True
NL,power,2024,2,4.52,entsog,True
NL,power,2024,3,5.04,entsog,True
NL,power,2024,4,3.48,entsog,True
NL,power,2024,5,3.93,entsog,True
NL,power,2024,6,4.13,entsog,True
NL,power,2024,7,4.28,entsog,True
NL,power,2024,8,4.53,entsog,True
NL,power,2024,9,4.27,entsog,True
NL,power,2024,10,4.8,entsog,True
NL,power,2024,11,7.9,entsog,True
NL,power,2024,12,5.56,entsog,True
NL,power,2025,1,7.5,entsog,True
NL,power,2025,2,6.82,entsog,True
NL,power,2025,3,5.44,entsog,True
NL,power,2025,4,4.77,entsog,True
NL,power,2025,5,3.65,entsog,True
NL,power,2025,6,3.39,entsog,True
NL,power,2025,7,5.72,entsog,True
NL,power,2025,8,5.83,entsog,True
NL,power,2025,9,4.51,entsog,True
NL,power,2025,10,6.03,entsog,True
NL,power,2025,11,7.13,entsog,True
NL,power,2025,12,8.44,entsog,True
NL,power,2026,1,10.2,entsog,True
NL,power,2026,2,6.79,entsog,True
NL,power,2026,3,3.77,entsog,True
NL,total,2019,1,49.79,calculated,True
NL,total,2019,2,38.67,calculated,True
NL,total,2019,3,38.39,calculated,True
NL,total,2019,4,28.11,calculated,True
NL,total,2019,5,28.19,calculated,True
NL,total,2019,6,21.23,calculated,True
NL,total,2019,7,22.8,calculated,True
NL,total,2019,8,22.93,calculated,True
NL,total,2019,9,25.55,calculated,True
NL,total,2019,10,32.68,calculated,True
NL,total,2019,11,40.11,calculated,True
NL,total,2019,12,42.55,calculated,True
NL,total,2020,1,45.44,calculated,True
NL,total,2020,2,40.52,calculated,True
NL,total,2020,3,38.14,calculated,True
NL,total,2020,4,25.66,calculated,True
NL,total,2020,5,24.83,calculated,True
NL,total,2020,6,22.72,calculated,True
NL,total,2020,7,25.3,calculated,True
NL,total,2020,8,25.2,calculated,True
NL,total,2020,9,24.83,calculated,True
NL,total,2020,10,31.94,calculated,True
NL,total,2020,11,35.24,calculated,True
NL,total,2020,12,44.12,calculated,True
NL,total,2021,1,49.89,calculated,True
NL,total,2021,2,44.63,calculated,True
NL,total,2021,3,42.49,calculated,True
NL,total,2021,4,35.34,calculated,True
NL,total,2021,5,28.57,calculated,True
NL,total,2021,6,22.08,calculated,True
NL,total,2021,7,20.75,calculated,True
NL,total,2021,8,17.71,calculated,True
NL,total,2021,9,20.56,calculated,True
NL,total,2021,10,24.87,calculated,True
NL,total,2021,11,35.17,calculated,True
NL,total,2021,12,40.69,calculated,True
NL,total,2022,1,40.89,calculated,True
NL,total,2022,2,32.9,calculated,True
NL,total,2022,3,31.27,calculated,True
NL,total,2022,4,25.5,calculated,True
NL,total,2022,5,19.81,calculated,True
NL,total,2022,6,18.49,calculated,True
NL,total,2022,7,16.73,calculated,True
NL,total,2022,8,15.95,calculated,True
NL,total,2022,9,16.45,calculated,True
NL,total,2022,10,20.02,calculated,True
NL,total,2022,11,24.83,calculated,True
NL,total,2022,12,36.43,calculated,True
NL,total,2023,1,32.38,calculated,True
NL,total,2023,2,29.45,calculated,True
NL,total,2023,3,29.91,calculated,True
NL,total,2023,4,23.28,calculated,True
NL,total,2023,5,17.96,calculated,True
NL,total,2023,6,17.8,calculated,True
NL,total,2023,7,16.26,calculated,True
NL,total,2023,8,18.39,calculated,True
NL,total,2023,9,18.41,calculated,True
NL,total,2023,10,20.48,calculated,True
NL,total,2023,11,27.17,calculated,True
NL,total,2023,12,32.31,calculated,True
NL,total,2024,1,39.35,calculated,True
NL,total,2024,2,28.68,calculated,True
NL,total,2024,3,27.15,calculated,True
NL,total,2024,4,22.48,calculated,True
NL,total,2024,5,17.95,calculated,True
NL,total,2024,6,16.99,calculated,True
NL,total,2024,7,15.98,calculated,True
NL,total,2024,8,15.89,calculated,True
NL,total,2024,9,17.03,calculated,True
NL,total,2024,10,21.58,calculated,True
NL,total,2024,11,31.61,calculated,True
NL,total,2024,12,33.13,calculated,True
NL,total,2025,1,39.1,calculated,True
NL,total,2025,2,34.14,calculated,True
NL,total,2025,3,26.94,calculated,True
NL,total,2025,4,19.67,calculated,True
NL,total,2025,5,16.44,calculated,True
NL,total,2025,6,14.15,calculated,True
NL,total,2025,7,16.22,calculated,True
NL,total,2025,8,16.48,calculated,True
NL,total,2025,9,16.69,calculated,True
NL,total,2025,10,22.69,calculated,True
NL,total,2025,11,28.96,calculated,True
NL,total,2025,12,34.78,calculated,True
NL,total,2026,1,42.95,calculated,True
NL,total,2026,2,32.07,calculated,True
NL,total,2026,3,23.98,calculated,True
PL,power,2019,1,1.73,energy-charts,True
PL,power,2019,2,1.55,energy-charts,True
PL,power,2019,3,1.82,energy-charts,True
PL,power,2019,4,2.03,energy-charts,True
PL,power,2019,5,1.79,energy-charts,True
PL,power,2019,6,1.39,energy-charts,True
PL,power,2019,7,1.69,energy-charts,True
PL,power,2019,8,1.9,energy-charts,True
PL,power,2019,9,1.25,energy-charts,True
PL,power,2019,10,1.84,energy-charts,True
PL,power,2019,11,2.01,energy-charts,True
PL,power,2019,12,2.15,energy-charts,True
PL,power,2020,1,1.98,energy-charts,True
PL,power,2020,2,1.83,energy-charts,True
PL,power,2020,3,1.98,energy-charts,True
PL,power,2020,4,1.97,energy-charts,True
PL,power,2020,5,1.97,energy-charts,True
PL,power,2020,6,1.61,energy-charts,True
PL,power,2020,7,2.14,energy-charts,True
PL,power,2020,8,1.82,energy-charts,True
PL,power,2020,9,2.16,energy-charts,True
PL,power,2020,10,2.16,energy-charts,True
PL,power,2020,11,2.57,energy-charts,True
PL,power,2020,12,2.74,energy-charts,True
PL,power,2021,1,2.54,energy-charts,True
PL,power,2021,2,1.87,energy-charts,True
PL,power,2021,3,1.75,energy-charts,True
PL,power,2021,4,1.62,energy-charts,True
PL,power,2021,5,1.82,energy-charts,True
PL,power,2021,6,2.03,energy-charts,True
PL,power,2021,7,2.06,energy-charts,True
PL,power,2021,8,1.88,energy-charts,True
PL,power,2021,9,1.84,energy-charts,True
PL,power,2021,10,2.24,energy-charts,True
PL,power,2021,11,2.46,energy-charts,True
PL,power,2021,12,2.44,energy-charts,True
PL,power,2022,1,2.2,energy-charts,True
PL,power,2022,2,1.78,energy-charts,True
PL,power,2022,3,1.7,energy-charts,True
PL,power,2022,4,1.32,energy-charts,True
PL,power,2022,5,1.58,energy-charts,True
PL,power,2022,6,1.54,energy-charts,True
PL,power,2022,7,1.13,energy-charts,True
PL,power,2022,8,0.96,energy-charts,True
PL,power,2022,9,0.89,energy-charts,True
PL,power,2022,10,1.38,energy-charts,True
PL,power,2022,11,1.79,energy-charts,True
PL,power,2022,12,1.84,energy-charts,True
PL,power,2023,1,2.41,energy-charts,True
PL,power,2023,2,2.1,energy-charts,True
PL,power,2023,3,2.68,energy-charts,True
PL,power,2023,4,2.15,energy-charts,True
PL,power,2023,5,1.51,energy-charts,True
PL,power,2023,6,1.7,energy-charts,True
PL,power,2023,7,1.78,energy-charts,True
PL,power,2023,8,1.8,energy-charts,True
PL,power,2023,9,0.99,energy-charts,True
PL,power,2023,10,2.07,energy-charts,True
PL,power,2023,11,2.77,energy-charts,True
PL,power,2023,12,2.89,energy-charts,True
PL,power,2024,1,3.09,energy-charts,True
PL,power,2024,2,2.67,energy-charts,True
PL,power,2024,3,2.66,energy-charts,True
PL,power,2024,4,2.03,energy-charts,True
PL,power,2024,5,1.28,energy-charts,True
PL,power,2024,6,1.79,energy-charts,True
PL,power,2024,7,2.68,energy-charts,True
PL,power,2024,8,2.94,energy-charts,True
PL,power,2024,9,3.0,energy-charts,True
PL,power,2024,10,3.26,energy-charts,True
PL,power,2024,11,3.93,energy-charts,True
PL,power,2024,12,3.68,energy-charts,True
PL,power,2025,1,3.79,energy-charts,True
PL,power,2025,2,3.47,energy-charts,True
PL,power,2025,3,3.43,energy-charts,True
PL,power,2025,4,2.65,energy-charts,True
PL,power,2025,5,0.22,energy-charts,True
PL,power,2025,6,2.37,energy-charts,True
PL,power,2025,7,3.12,energy-charts,True
PL,power,2025,8,2.81,energy-charts,True
PL,power,2025,9,3.06,energy-charts,True
PL,power,2025,10,3.85,energy-charts,True
PL,power,2025,11,4.46,energy-charts,True
PL,power,2025,12,5.12,energy-charts,True
PL,power,2026,1,5.17,energy-charts,True
PL,power,2026,2,4.71,energy-charts,True
PL,power,2026,3,3.64,energy-charts,True
PL,total,2019,1,23.43,entsog,True
PL,total,2019,2,18.83,entsog,True
PL,total,2019,3,18.91,entsog,True
PL,total,2019,4,15.24,entsog,True
PL,total,2019,5,13.34,entsog,True
PL,total,2019,6,10.26,entsog,True
PL,total,2019,7,10.82,entsog,True
PL,total,2019,8,11.21,entsog,True
PL,total,2019,9,11.6,entsog,True
PL,total,2019,10,15.34,entsog,True
PL,total,2019,11,18.1,entsog,True
PL,total,2019,12,21.06,entsog,True
PL,total,2020,1,22.1,entsog,True
PL,total,2020,2,20.02,entsog,True
PL,total,2020,3,19.97,entsog,True
PL,total,2020,4,14.8,entsog,True
PL,total,2020,5,13.64,entsog,True
PL,total,2020,6,11.37,entsog,True
PL,total,2020,7,12.13,entsog,True
PL,total,2020,8,11.36,entsog,True
PL,total,2020,9,12.64,entsog,True
PL,total,2020,10,16.46,entsog,True
PL,total,2020,11,19.86,entsog,True
PL,total,2020,12,23.34,entsog,True
PL,total,2021,1,25.24,entsog,True
PL,total,2021,2,23.17,entsog,True
PL,total,2021,3,21.83,entsog,True
PL,total,2021,4,18.25,entsog,True
PL,total,2021,5,14.05,entsog,True
PL,total,2021,6,11.58,entsog,True
PL,total,2021,7,11.88,entsog,True
PL,total,2021,8,12.19,entsog,True
PL,total,2021,9,12.64,entsog,True
PL,total,2021,10,16.48,entsog,True
PL,total,2021,11,19.65,entsog,True
PL,total,2021,12,24.49,entsog,True
PL,total,2022,1,23.2,entsog,True
PL,total,2022,2,19.09,entsog,True
PL,total,2022,3,18.84,entsog,True
PL,total,2022,4,16.15,entsog,True
PL,total,2022,5,11.51,entsog,True
PL,total,2022,6,10.15,entsog,True
PL,total,2022,7,9.3,entsog,True
PL,total,2022,8,8.28,entsog,True
PL,total,2022,9,8.59,entsog,True
PL,total,2022,10,11.72,entsog,True
PL,total,2022,11,17.2,entsog,True
PL,total,2022,12,20.83,entsog,True
PL,total,2023,1,20.19,entsog,True
PL,total,2023,2,19.34,entsog,True
PL,total,2023,3,18.77,entsog,True
PL,total,2023,4,14.8,entsog,True
PL,total,2023,5,11.11,entsog,True
PL,total,2023,6,9.7,entsog,True
PL,total,2023,7,9.59,entsog,True
PL,total,2023,8,10.32,entsog,True
PL,total,2023,9,9.57,entsog,True
PL,total,2023,10,14.0,entsog,True
PL,total,2023,11,19.7,entsog,True
PL,total,2023,12,22.8,entsog,True
PL,total,2024,1,25.04,entsog,True
PL,total,2024,2,19.52,entsog,True
PL,total,2024,3,19.17,entsog,True
PL,total,2024,4,14.99,entsog,True
PL,total,2024,5,11.17,entsog,True
PL,total,2024,6,10.21,entsog,True
PL,total,2024,7,11.35,entsog,True
PL,total,2024,8,11.64,entsog,True
PL,total,2024,9,12.72,entsog,True
PL,total,2024,10,16.67,entsog,True
PL,total,2024,11,21.88,entsog,True
PL,total,2024,12,23.08,entsog,True
PL,total,2025,1,22.42,entsog,True
PL,total,2025,2,22.93,entsog,True
PL,total,2025,3,18.8,entsog,True
PL,total,2025,4,14.41,entsog,True
PL,total,2025,5,13.91,entsog,True
PL,total,2025,6,10.55,entsog,True
PL,total,2025,7,11.8,entsog,True
PL,total,2025,8,11.21,entsog,True
PL,total,2025,9,12.76,entsog,True
PL,total,2025,10,19.0,entsog,True
PL,total,2025,11,21.77,entsog,True
PL,total,2025,12,25.59,entsog,True
PL,total,2026,1,29.55,entsog,True
PL,total,2026,2,26.12,entsog,True
PL,total,2026,3,18.98,entsog,True
PT,household,2019,1,2.5,entsog,True
PT,household,2019,2,2.21,entsog,True
PT,household,2019,3,2.26,entsog,True
PT,household,2019,4,2.13,entsog,True
PT,household,2019,5,2.06,entsog,True
PT,household,2019,6,1.88,entsog,True
PT,household,2019,7,1.96,entsog,True
PT,household,2019,8,1.67,entsog,True
PT,household,2019,9,1.96,entsog,True
PT,household,2019,10,2.12,entsog,True
PT,household,2019,11,2.22,entsog,True
PT,household,2019,12,2.18,entsog,True
PT,household,2020,1,2.48,entsog,True
PT,household,2020,2,2.18,entsog,True
PT,household,2020,3,2.22,entsog,True
PT,household,2020,4,1.72,entsog,True
PT,household,2020,5,1.69,entsog,True
PT,household,2020,6,1.69,entsog,True
PT,household,2020,7,1.84,entsog,True
PT,household,2020,8,1.69,entsog,True
PT,household,2020,9,1.98,entsog,True
PT,household,2020,10,2.12,entsog,True
PT,household,2020,11,2.17,entsog,True
PT,household,2020,12,2.21,entsog,True
PT,household,2021,1,2.53,entsog,True
PT,household,2021,2,2.1,entsog,True
PT,household,2021,3,2.26,entsog,True
PT,household,2021,4,2.06,entsog,True
PT,household,2021,5,2.1,entsog,True
PT,household,2021,6,1.92,entsog,True
PT,household,2021,7,1.98,entsog,True
PT,household,2021,8,1.71,entsog,True
PT,household,2021,9,2.0,entsog,True
PT,household,2021,10,1.97,entsog,True
PT,household,2021,11,2.23,entsog,True
PT,household,2021,12,2.15,entsog,True
PT,household,2022,1,2.13,entsog,True
PT,household,2022,2,2.01,entsog,True
PT,household,2022,3,2.21,entsog,True
PT,household,2022,4,1.92,entsog,True
PT,household,2022,5,1.85,entsog,True
PT,household,2022,6,1.77,entsog,True
PT,household,2022,7,1.68,entsog,True
PT,household,2022,8,1.46,entsog,True
PT,household,2022,9,1.7,entsog,True
PT,household,2022,10,1.68,entsog,True
PT,household,2022,11,1.86,entsog,True
PT,household,2022,12,1.8,entsog,True
PT,household,2023,1,2.05,entsog,True
PT,household,2023,2,1.86,entsog,True
PT,household,2023,3,2.0,entsog,True
PT,household,2023,4,1.62,entsog,True
PT,household,2023,5,1.74,entsog,True
PT,household,2023,6,1.61,entsog,True
PT,household,2023,7,1.63,entsog,True
PT,household,2023,8,1.42,entsog,True
PT,household,2023,9,1.67,entsog,True
PT,household,2023,10,1.65,entsog,True
PT,household,2023,11,1.78,entsog,True
PT,household,2023,12,1.78,entsog,True
PT,household,2024,1,1.98,entsog,True
PT,household,2024,2,1.8,entsog,True
PT,household,2024,3,1.94,entsog,True
PT,household,2024,4,1.73,entsog,True
PT,household,2024,5,1.76,entsog,True
PT,household,2024,6,1.6,entsog,True
PT,household,2024,7,1.62,entsog,True
PT,household,2024,8,1.34,entsog,True
PT,household,2024,9,1.68,entsog,True
PT,household,2024,10,1.74,entsog,True
PT,household,2024,11,1.71,entsog,True
PT,household,2024,12,1.75,entsog,True
PT,household,2025,1,1.81,entsog,True
PT,household,2025,2,1.69,entsog,True
PT,household,2025,3,1.8,entsog,True
PT,household,2025,4,1.53,entsog,True
PT,household,2025,5,1.68,entsog,True
PT,household,2025,6,1.42,entsog,True
PT,household,2025,7,1.52,entsog,True
PT,household,2025,8,1.19,entsog,True
PT,household,2025,9,1.63,entsog,True
PT,household,2025,10,1.69,entsog,True
PT,household,2025,11,1.69,entsog,True
PT,household,2025,12,1.77,entsog,True
PT,household,2026,1,1.9,entsog,True
PT,household,2026,2,1.76,entsog,True
PT,household,2026,3,1.76,entsog,True
PT,industry,2019,1,0.73,calculated,True
PT,industry,2019,2,0.66,calculated,True
PT,industry,2019,3,0.71,calculated,True
PT,industry,2019,4,0.68,calculated,True
PT,industry,2019,5,0.84,calculated,True
PT,industry,2019,6,0.8,calculated,True
PT,industry,2019,7,0.75,calculated,True
PT,industry,2019,8,0.72,calculated,True
PT,industry,2019,9,0.55,calculated,True
PT,industry,2019,10,0.81,calculated,True
PT,industry,2019,11,0.69,calculated,True
PT,industry,2019,12,0.74,calculated,True
PT,industry,2020,1,0.76,calculated,True
PT,industry,2020,2,0.55,calculated,True
PT,industry,2020,3,0.8,calculated,True
PT,industry,2020,4,0.65,calculated,True
PT,industry,2020,5,0.25,calculated,True
PT,industry,2020,6,0.54,calculated,True
PT,industry,2020,7,0.66,calculated,True
PT,industry,2020,8,0.8,calculated,True
PT,industry,2020,9,0.71,calculated,True
PT,industry,2020,10,0.7,calculated,True
PT,industry,2020,11,0.66,calculated,True
PT,industry,2020,12,0.67,calculated,True
PT,industry,2021,1,0.82,calculated,True
PT,industry,2021,2,0.74,calculated,True
PT,industry,2021,3,0.82,calculated,True
PT,industry,2021,4,0.74,calculated,True
PT,industry,2021,5,0.71,calculated,True
PT,industry,2021,6,0.66,calculated,True
PT,industry,2021,7,0.53,calculated,True
PT,industry,2021,8,0.67,calculated,True
PT,industry,2021,9,0.63,calculated,True
PT,industry,2021,10,0.52,calculated,True
PT,industry,2021,11,0.37,calculated,True
PT,industry,2021,12,0.39,calculated,True
PT,industry,2022,1,0.38,calculated,True
PT,industry,2022,2,0.28,calculated,True
PT,industry,2022,3,0.32,calculated,True
PT,industry,2022,4,0.37,calculated,True
PT,industry,2022,5,0.34,calculated,True
PT,industry,2022,6,0.48,calculated,True
PT,industry,2022,7,0.57,calculated,True
PT,industry,2022,8,0.62,calculated,True
PT,industry,2022,9,0.42,calculated,True
PT,industry,2022,10,0.35,calculated,True
PT,industry,2022,11,0.4,calculated,True
PT,industry,2022,12,0.34,calculated,True
PT,industry,2023,1,0.56,calculated,True
PT,industry,2023,2,0.23,calculated,True
PT,industry,2023,3,0.58,calculated,True
PT,industry,2023,4,0.61,calculated,True
PT,industry,2023,5,0.56,calculated,True
PT,industry,2023,6,0.52,calculated,True
PT,industry,2023,7,0.54,calculated,True
PT,industry,2023,8,0.58,calculated,True
PT,industry,2023,9,0.54,calculated,True
PT,industry,2023,10,0.42,calculated,True
PT,industry,2023,11,0.58,calculated,True
PT,industry,2023,12,0.75,calculated,True
PT,industry,2024,1,0.66,calculated,True
PT,industry,2024,2,0.77,calculated,True
PT,industry,2024,3,0.76,calculated,True
PT,industry,2024,4,0.65,calculated,True
PT,industry,2024,5,0.63,calculated,True
PT,industry,2024,6,0.6,calculated,True
PT,industry,2024,7,0.63,calculated,True
PT,industry,2024,8,0.65,calculated,True
PT,industry,2024,9,0.59,calculated,True
PT,industry,2024,10,0.68,calculated,True
PT,industry,2024,11,0.63,calculated,True
PT,industry,2024,12,0.7,calculated,True
PT,industry,2025,1,0.49,calculated,True
PT,industry,2025,2,0.52,calculated,True
PT,industry,2025,3,0.59,calculated,True
PT,industry,2025,4,0.63,calculated,True
PT,industry,2025,5,1.22,calculated,True
PT,industry,2025,6,0.5,calculated,True
PT,industry,2025,7,0.52,calculated,True
PT,industry,2025,8,0.59,calculated,True
PT,industry,2025,9,0.61,calculated,True
PT,industry,2025,10,0.64,calculated,True
PT,industry,2025,11,0.61,calculated,True
PT,industry,2025,12,0.69,calculated,True
PT,industry,2026,1,0.64,calculated,True
PT,industry,2026,2,0.65,calculated,True
PT,industry,2026,3,0.57,calculated,True
PT,industry-power,2019,1,3.06,entsog,False
PT,industry-power,2019,2,2.33,entsog,False
PT,industry-power,2019,3,2.03,entsog,False
PT,industry-power,2019,4,2.67,entsog,False
PT,industry-power,2019,5,3.59,entsog,False
PT,industry-power,2019,6,4.16,entsog,False
PT,industry-power,2019,7,4.56,entsog,False
PT,industry-power,2019,8,4.15,entsog,False
PT,industry-power,2019,9,3.82,entsog,False
PT,industry-power,2019,10,4.19,entsog,False
PT,industry-power,2019,11,3.44,entsog,False
PT,industry-power,2019,12,2.96,entsog,False
PT,industry-power,2020,1,4.07,entsog,False
PT,industry-power,2020,2,3.06,entsog,False
PT,industry-power,2020,3,2.94,entsog,False
PT,industry-power,2020,4,1.79,entsog,False
PT,industry-power,2020,5,2.11,entsog,False
PT,industry-power,2020,6,3.19,entsog,False
PT,industry-power,2020,7,4.54,entsog,False
PT,industry-power,2020,8,4.41,entsog,False
PT,industry-power,2020,9,4.59,entsog,False
PT,industry-power,2020,10,3.94,entsog,False
PT,industry-power,2020,11,3.62,entsog,False
PT,industry-power,2020,12,2.7,entsog,False
PT,industry-power,2021,1,3.25,entsog,False
PT,industry-power,2021,2,1.82,entsog,False
PT,industry-power,2021,3,2.56,entsog,False
PT,industry-power,2021,4,3.49,entsog,False
PT,industry-power,2021,5,2.62,entsog,False
PT,industry-power,2021,6,3.83,entsog,False
PT,industry-power,2021,7,3.2,entsog,False
PT,industry-power,2021,8,3.08,entsog,False
PT,industry-power,2021,9,3.79,entsog,False
PT,industry-power,2021,10,3.17,entsog,False
PT,industry-power,2021,11,3.19,entsog,False
PT,industry-power,2021,12,2.68,entsog,False
PT,industry-power,2022,1,3.27,entsog,False
PT,industry-power,2022,2,2.78,entsog,False
PT,industry-power,2022,3,2.97,entsog,False
PT,industry-power,2022,4,2.54,entsog,False
PT,industry-power,2022,5,3.05,entsog,False
PT,industry-power,2022,6,3.56,entsog,False
PT,industry-power,2022,7,3.81,entsog,False
PT,industry-power,2022,8,3.73,entsog,False
PT,industry-power,2022,9,3.26,entsog,False
PT,industry-power,2022,10,3.2,entsog,False
PT,industry-power,2022,11,3.31,entsog,False
PT,industry-power,2022,12,2.25,entsog,False
PT,industry-power,2023,1,1.75,entsog,False
PT,industry-power,2023,2,2.88,entsog,False
PT,industry-power,2023,3,1.88,entsog,False
PT,industry-power,2023,4,1.71,entsog,False
PT,industry-power,2023,5,1.91,entsog,False
PT,industry-power,2023,6,2.68,entsog,False
PT,industry-power,2023,7,2.94,entsog,False
PT,industry-power,2023,8,2.54,entsog,False
PT,industry-power,2023,9,2.65,entsog,False
PT,industry-power,2023,10,1.85,entsog,False
PT,industry-power,2023,11,1.71,entsog,False
PT,industry-power,2023,12,1.76,entsog,False
PT,industry-power,2024,1,2.04,entsog,False
PT,industry-power,2024,2,1.59,entsog,False
PT,industry-power,2024,3,1.68,entsog,False
PT,industry-power,2024,4,0.98,entsog,False
PT,industry-power,2024,5,0.88,entsog,False
PT,industry-power,2024,6,0.92,entsog,False
PT,industry-power,2024,7,1.39,entsog,False
PT,industry-power,2024,8,1.42,entsog,False
PT,industry-power,2024,9,1.41,entsog,False
PT,industry-power,2024,10,1.53,entsog,False
PT,industry-power,2024,11,1.78,entsog,False
PT,industry-power,2024,12,2.17,entsog,False
PT,industry-power,2025,1,1.86,entsog,False
PT,industry-power,2025,2,1.63,entsog,False
PT,industry-power,2025,3,1.46,entsog,False
PT,industry-power,2025,4,1.15,entsog,False
PT,industry-power,2025,5,2.07,entsog,False
PT,industry-power,2025,6,1.87,entsog,False
PT,industry-power,2025,7,2.02,entsog,False
PT,industry-power,2025,8,2.06,entsog,False
PT,industry-power,2025,9,2.03,entsog,False
PT,industry-power,2025,10,2.2,entsog,False
PT,industry-power,2025,11,2.08,entsog,False
PT,industry-power,2025,12,1.92,entsog,False
PT,industry-power,2026,1,2.14,entsog,False
PT,industry-power,2026,2,2.56,entsog,False
PT,industry-power,2026,3,1.91,entsog,False
PT,power,2019,1,2.33,energy-charts,True
PT,power,2019,2,1.67,energy-charts,True
PT,power,2019,3,1.32,energy-charts,True
PT,power,2019,4,1.98,energy-charts,True
PT,power,2019,5,2.75,energy-charts,True
PT,power,2019,6,3.36,energy-charts,True
PT,power,2019,7,3.8,energy-charts,True
PT,power,2019,8,3.43,energy-charts,True
PT,power,2019,9,3.26,energy-charts,True
PT,power,2019,10,3.38,energy-charts,True
PT,power,2019,11,2.76,energy-charts,True
PT,power,2019,12,2.22,energy-charts,True
PT,power,2020,1,3.31,energy-charts,True
PT,power,2020,2,2.51,energy-charts,True
PT,power,2020,3,2.14,energy-charts,True
PT,power,2020,4,1.14,energy-charts,True
PT,power,2020,5,1.86,energy-charts,True
PT,power,2020,6,2.65,energy-charts,True
PT,power,2020,7,3.88,energy-charts,True
PT,power,2020,8,3.62,energy-charts,True
PT,power,2020,9,3.88,energy-charts,True
PT,power,2020,10,3.24,energy-charts,True
PT,power,2020,11,2.95,energy-charts,True
PT,power,2020,12,2.03,energy-charts,True
PT,power,2021,1,2.42,energy-charts,True
PT,power,2021,2,1.08,energy-charts,True
PT,power,2021,3,1.74,energy-charts,True
PT,power,2021,4,2.75,energy-charts,True
PT,power,2021,5,1.92,energy-charts,True
PT,power,2021,6,3.18,energy-charts,True
PT,power,2021,7,2.67,energy-charts,True
PT,power,2021,8,2.41,energy-charts,True
PT,power,2021,9,3.15,energy-charts,True
PT,power,2021,10,2.64,energy-charts,True
PT,power,2021,11,2.82,energy-charts,True
PT,power,2021,12,2.29,energy-charts,True
PT,power,2022,1,2.89,energy-charts,True
PT,power,2022,2,2.49,energy-charts,True
PT,power,2022,3,2.64,energy-charts,True
PT,power,2022,4,2.17,energy-charts,True
PT,power,2022,5,2.71,energy-charts,True
PT,power,2022,6,3.09,energy-charts,True
PT,power,2022,7,3.25,energy-charts,True
PT,power,2022,8,3.11,energy-charts,True
PT,power,2022,9,2.84,energy-charts,True
PT,power,2022,10,2.85,energy-charts,True
PT,power,2022,11,2.91,energy-charts,True
PT,power,2022,12,1.91,energy-charts,True
PT,power,2023,1,1.18,energy-charts,True
PT,power,2023,2,2.65,energy-charts,True
PT,power,2023,3,1.3,energy-charts,True
PT,power,2023,4,1.1,energy-charts,True
PT,power,2023,5,1.36,energy-charts,True
PT,power,2023,6,2.16,energy-charts,True
PT,power,2023,7,2.39,energy-charts,True
PT,power,2023,8,1.96,energy-charts,True
PT,power,2023,9,2.11,energy-charts,True
PT,power,2023,10,1.43,energy-charts,True
PT,power,2023,11,1.13,energy-charts,True
PT,power,2023,12,1.01,energy-charts,True
PT,power,2024,1,1.37,energy-charts,True
PT,power,2024,2,0.82,energy-charts,True
PT,power,2024,3,0.92,energy-charts,True
PT,power,2024,4,0.33,energy-charts,True
PT,power,2024,5,0.25,energy-charts,True
PT,power,2024,6,0.31,energy-charts,True
PT,power,2024,7,0.76,energy-charts,True
PT,power,2024,8,0.77,energy-charts,True
PT,power,2024,9,0.82,energy-charts,True
PT,power,2024,10,0.86,energy-charts,True
PT,power,2024,11,1.15,energy-charts,True
PT,power,2024,12,1.47,energy-charts,True
PT,power,2025,1,1.37,energy-charts,True
PT,power,2025,2,1.12,energy-charts,True
PT,power,2025,3,0.88,energy-charts,True
PT,power,2025,4,0.52,energy-charts,True
PT,power,2025,5,0.86,energy-charts,True
PT,power,2025,6,1.37,energy-charts,True
PT,power,2025,7,1.5,energy-charts,True
PT,power,2025,8,1.47,energy-charts,True
PT,power,2025,9,1.42,energy-charts,True
PT,power,2025,10,1.56,energy-charts,True
PT,power,2025,11,1.47,energy-charts,True
PT,power,2025,12,1.23,energy-charts,True
PT,power,2026,1,1.5,energy-charts,True
PT,power,2026,2,1.9,energy-charts,True
PT,power,2026,3,1.34,energy-charts,True
PT,total,2019,1,5.56,calculated,True
PT,total,2019,2,4.54,calculated,True
PT,total,2019,3,4.29,calculated,True
PT,total,2019,4,4.79,calculated,True
PT,total,2019,5,5.65,calculated,True
PT,total,2019,6,6.03,calculated,True
PT,total,2019,7,6.51,calculated,True
PT,total,2019,8,5.82,calculated,True
PT,total,2019,9,5.78,calculated,True
PT,total,2019,10,6.31,calculated,True
PT,total,2019,11,5.66,calculated,True
PT,total,2019,12,5.14,calculated,True
PT,total,2020,1,6.55,calculated,True
PT,total,2020,2,5.24,calculated,True
PT,total,2020,3,5.16,calculated,True
PT,total,2020,4,3.51,calculated,True
PT,total,2020,5,3.81,calculated,True
PT,total,2020,6,4.88,calculated,True
PT,total,2020,7,6.38,calculated,True
PT,total,2020,8,6.1,calculated,True
PT,total,2020,9,6.57,calculated,True
PT,total,2020,10,6.05,calculated,True
PT,total,2020,11,5.79,calculated,True
PT,total,2020,12,4.91,calculated,True
PT,total,2021,1,5.77,calculated,True
PT,total,2021,2,3.92,calculated,True
PT,total,2021,3,4.82,calculated,True
PT,total,2021,4,5.55,calculated,True
PT,total,2021,5,4.73,calculated,True
PT,total,2021,6,5.76,calculated,True
PT,total,2021,7,5.18,calculated,True
PT,total,2021,8,4.79,calculated,True
PT,total,2021,9,5.79,calculated,True
PT,total,2021,10,5.13,calculated,True
PT,total,2021,11,5.42,calculated,True
PT,total,2021,12,4.83,calculated,True
PT,total,2022,1,5.39,calculated,True
PT,total,2022,2,4.78,calculated,True
PT,total,2022,3,5.18,calculated,True
PT,total,2022,4,4.45,calculated,True
PT,total,2022,5,4.9,calculated,True
PT,total,2022,6,5.34,calculated,True
PT,total,2022,7,5.49,calculated,True
PT,total,2022,8,5.19,calculated,True
PT,total,2022,9,4.96,calculated,True
PT,total,2022,10,4.88,calculated,True
PT,total,2022,11,5.17,calculated,True
PT,total,2022,12,4.05,calculated,True
PT,total,2023,1,3.79,calculated,True
PT,total,2023,2,4.74,calculated,True
PT,total,2023,3,3.88,calculated,True
PT,total,2023,4,3.33,calculated,True
PT,total,2023,5,3.66,calculated,True
PT,total,2023,6,4.29,calculated,True
PT,total,2023,7,4.57,calculated,True
PT,total,2023,8,3.96,calculated,True
PT,total,2023,9,4.32,calculated,True
PT,total,2023,10,3.51,calculated,True
PT,total,2023,11,3.49,calculated,True
PT,total,2023,12,3.54,calculated,True
PT,total,2024,1,4.02,calculated,True
PT,total,2024,2,3.39,calculated,True
PT,total,2024,3,3.62,calculated,True
PT,total,2024,4,2.71,calculated,True
PT,total,2024,5,2.64,calculated,True
PT,total,2024,6,2.51,calculated,True
PT,total,2024,7,3.01,calculated,True
PT,total,2024,8,2.76,calculated,True
PT,total,2024,9,3.09,calculated,True
PT,total,2024,10,3.27,calculated,True
PT,total,2024,11,3.49,calculated,True
PT,total,2024,12,3.93,calculated,True
PT,total,2025,1,3.67,calculated,True
PT,total,2025,2,3.32,calculated,True
PT,total,2025,3,3.27,calculated,True
PT,total,2025,4,2.68,calculated,True
PT,total,2025,5,3.75,calculated,True
PT,total,2025,6,3.29,calculated,True
PT,total,2025,7,3.54,calculated,True
PT,total,2025,8,3.24,calculated,True
PT,total,2025,9,3.66,calculated,True
PT,total,2025,10,3.89,calculated,True
PT,total,2025,11,3.77,calculated,True
PT,total,2025,12,3.7,calculated,True
PT,total,2026,1,4.05,calculated,True
PT,total,2026,2,4.32,calculated,True
PT,total,2026,3,3.67,calculated,True
RO,household,2019,1,14.15,entsog,True
RO,household,2019,2,10.86,entsog,True
RO,household,2019,3,8.4,entsog,True
RO,household,2019,4,5.96,entsog,True
RO,household,2019,5,3.59,entsog,True
RO,household,2019,6,2.29,entsog,True
RO,household,2019,7,2.38,entsog,True
RO,household,2019,8,2.27,entsog,True
RO,household,2019,9,2.49,entsog,True
RO,household,2019,10,4.66,entsog,True
RO,household,2019,11,7.26,entsog,True
RO,household,2019,12,11.38,entsog,True
RO,household,2020,1,13.38,entsog,True
RO,household,2020,2,10.42,entsog,True
RO,household,2020,3,8.71,entsog,True
RO,household,2020,4,5.28,entsog,True
RO,household,2020,5,3.13,entsog,True
RO,household,2020,6,2.47,entsog,True
RO,household,2020,7,2.34,entsog,True
RO,household,2020,8,2.21,entsog,True
RO,household,2020,9,2.35,entsog,True
RO,household,2020,10,4.63,entsog,True
RO,household,2020,11,9.35,entsog,True
RO,household,2020,12,11.39,entsog,True
RO,household,2021,1,12.88,entsog,True
RO,household,2021,2,11.28,entsog,True
RO,household,2021,3,11.12,entsog,True
RO,household,2021,4,7.66,entsog,True
RO,household,2021,5,3.43,entsog,True
RO,household,2021,6,2.73,entsog,True
RO,household,2021,7,2.28,entsog,True
RO,household,2021,8,2.21,entsog,True
RO,household,2021,9,2.93,entsog,True
RO,household,2021,10,6.49,entsog,True
RO,household,2021,11,8.88,entsog,True
RO,household,2021,12,12.18,entsog,True
RO,household,2022,1,13.03,entsog,True
RO,household,2022,2,10.05,entsog,True
RO,household,2022,3,10.65,entsog,True
RO,household,2022,4,5.52,entsog,True
RO,household,2022,5,2.9,entsog,True
RO,household,2022,6,2.21,entsog,True
RO,household,2022,7,2.12,entsog,True
RO,household,2022,8,2.12,entsog,True
RO,household,2022,9,2.54,entsog,True
RO,household,2022,10,3.94,entsog,True
RO,household,2022,11,7.13,entsog,True
RO,household,2022,12,10.88,entsog,True
RO,household,2023,1,10.47,entsog,True
RO,household,2023,2,10.68,entsog,True
RO,household,2023,3,8.38,entsog,True
RO,household,2023,4,6.22,entsog,True
RO,household,2023,5,3.31,entsog,True
RO,household,2023,6,2.07,entsog,True
RO,household,2023,7,1.97,entsog,True
RO,household,2023,8,1.76,entsog,True
RO,household,2023,9,2.05,entsog,True
RO,household,2023,10,3.41,entsog,True
RO,household,2023,11,7.75,entsog,True
RO,household,2023,12,11.19,entsog,True
RO,household,2024,1,12.62,entsog,True
RO,household,2024,2,8.5,entsog,True
RO,household,2024,3,8.02,entsog,True
RO,household,2024,4,3.56,entsog,True
RO,household,2024,5,2.71,entsog,True
RO,household,2024,6,1.89,entsog,True
RO,household,2024,7,1.9,entsog,True
RO,household,2024,8,1.84,entsog,True
RO,household,2024,9,2.23,entsog,True
RO,household,2024,10,4.85,entsog,True
RO,household,2024,11,9.93,entsog,True
RO,household,2024,12,11.5,entsog,True
RO,household,2025,1,11.56,entsog,True
RO,household,2025,2,12.06,entsog,True
RO,household,2025,3,7.89,entsog,True
RO,household,2025,4,5.32,entsog,True
RO,household,2025,5,3.37,entsog,True
RO,household,2025,6,1.97,entsog,True
RO,household,2025,7,1.96,entsog,True
RO,household,2025,8,1.99,entsog,True
RO,household,2025,9,2.29,entsog,True
RO,household,2025,10,6.07,entsog,True
RO,household,2025,11,7.89,entsog,True
RO,household,2025,12,11.17,entsog,True
RO,household,2026,1,13.75,entsog,True
RO,household,2026,2,10.97,entsog,True
RO,household,2026,3,8.55,entsog,True
RO,industry,2019,1,1.64,calculated,True
RO,industry,2019,2,1.29,calculated,True
RO,industry,2019,3,1.41,calculated,True
RO,industry,2019,4,1.25,calculated,True
RO,industry,2019,5,1.13,calculated,True
RO,industry,2019,6,0.45,calculated,True
RO,industry,2019,7,1.1,calculated,True
RO,industry,2019,8,1.62,calculated,True
RO,industry,2019,9,1.77,calculated,True
RO,industry,2019,10,1.92,calculated,True
RO,industry,2019,11,1.18,calculated,True
RO,industry,2019,12,0.98,calculated,True
RO,industry,2020,1,1.79,calculated,True
RO,industry,2020,2,1.45,calculated,True
RO,industry,2020,3,1.15,calculated,True
RO,industry,2020,4,1.44,calculated,True
RO,industry,2020,5,1.66,calculated,True
RO,industry,2020,6,1.74,calculated,True
RO,industry,2020,7,1.87,calculated,True
RO,industry,2020,8,2.13,calculated,True
RO,industry,2020,9,2.16,calculated,True
RO,industry,2020,10,1.86,calculated,True
RO,industry,2020,11,1.89,calculated,True
RO,industry,2020,12,1.97,calculated,True
RO,industry,2021,1,1.45,calculated,True
RO,industry,2021,2,1.55,calculated,True
RO,industry,2021,3,1.68,calculated,True
RO,industry,2021,4,1.4,calculated,True
RO,industry,2021,5,1.27,calculated,True
RO,industry,2021,6,0.81,calculated,True
RO,industry,2021,7,0.96,calculated,True
RO,industry,2021,8,1.06,calculated,True
RO,industry,2021,9,1.13,calculated,True
RO,industry,2021,10,1.16,calculated,True
RO,industry,2021,11,1.03,calculated,True
RO,industry,2021,12,0.96,calculated,True
RO,industry,2022,1,0.58,calculated,True
RO,industry,2022,2,0.44,calculated,True
RO,industry,2022,3,0.48,calculated,True
RO,industry,2022,4,0.53,calculated,True
RO,industry,2022,5,0.89,calculated,True
RO,industry,2022,6,0.75,calculated,True
RO,industry,2022,7,0.35,calculated,True
RO,industry,2022,8,0.23,calculated,True
RO,industry,2022,9,0.46,calculated,True
RO,industry,2022,10,0.43,calculated,True
RO,industry,2022,11,0.39,calculated,True
RO,industry,2022,12,0.13,calculated,True
RO,industry,2023,1,0.03,calculated,True
RO,industry,2023,2,0.13,calculated,True
RO,industry,2023,3,0.16,calculated,True
RO,industry,2023,4,0.21,calculated,True
RO,industry,2023,5,0.37,calculated,True
RO,industry,2023,6,0.59,calculated,True
RO,industry,2023,7,0.47,calculated,True
RO,industry,2023,8,0.45,calculated,True
RO,industry,2023,9,0.41,calculated,True
RO,industry,2023,10,0.79,calculated,True
RO,industry,2023,11,0.98,calculated,True
RO,industry,2023,12,0.29,calculated,True
RO,industry,2024,1,0.52,calculated,True
RO,industry,2024,2,0.7,calculated,True
RO,industry,2024,3,0.81,calculated,True
RO,industry,2024,4,1.06,calculated,True
RO,industry,2024,5,0.98,calculated,True
RO,industry,2024,6,0.48,calculated,True
RO,industry,2024,7,0.79,calculated,True
RO,industry,2024,8,0.39,calculated,True
RO,industry,2024,9,0.36,calculated,True
RO,industry,2024,10,0.38,calculated,True
RO,industry,2024,11,0.3,calculated,True
RO,industry,2024,12,0.33,calculated,True
RO,industry,2025,1,0.51,calculated,True
RO,industry,2025,2,0.58,calculated,True
RO,industry,2025,3,0.24,calculated,True
RO,industry,2025,4,0.42,calculated,True
RO,industry,2025,5,0.84,calculated,True
RO,industry,2025,6,0.57,calculated,True
RO,industry,2025,7,0.55,calculated,True
RO,industry,2025,8,0.69,calculated,True
RO,industry,2025,9,0.68,calculated,True
RO,industry,2025,10,0.46,calculated,True
RO,industry,2025,11,0.38,calculated,True
RO,industry,2025,12,0.3,calculated,True
RO,industry,2026,1,0.49,calculated,True
RO,industry,2026,2,0.29,calculated,True
RO,industry,2026,3,0.25,calculated,True
RO,industry-power,2019,1,4.25,entsog,False
RO,industry-power,2019,2,3.52,entsog,False
RO,industry-power,2019,3,3.05,entsog,False
RO,industry-power,2019,4,2.13,entsog,False
RO,industry-power,2019,5,1.83,entsog,False
RO,industry-power,2019,6,1.05,entsog,False
RO,industry-power,2019,7,2.36,entsog,False
RO,industry-power,2019,8,2.88,entsog,False
RO,industry-power,2019,9,3.19,entsog,False
RO,industry-power,2019,10,3.79,entsog,False
RO,industry-power,2019,11,3.18,entsog,False
RO,industry-power,2019,12,3.15,entsog,False
RO,industry-power,2020,1,4.5,entsog,False
RO,industry-power,2020,2,3.62,entsog,False
RO,industry-power,2020,3,2.87,entsog,False
RO,industry-power,2020,4,2.52,entsog,False
RO,industry-power,2020,5,2.61,entsog,False
RO,industry-power,2020,6,2.92,entsog,False
RO,industry-power,2020,7,3.53,entsog,False
RO,industry-power,2020,8,3.76,entsog,False
RO,industry-power,2020,9,3.77,entsog,False
RO,industry-power,2020,10,3.0,entsog,False
RO,industry-power,2020,11,4.06,entsog,False
RO,industry-power,2020,12,4.3,entsog,False
RO,industry-power,2021,1,3.73,entsog,False
RO,industry-power,2021,2,3.39,entsog,False
RO,industry-power,2021,3,3.69,entsog,False
RO,industry-power,2021,4,2.64,entsog,False
RO,industry-power,2021,5,2.36,entsog,False
RO,industry-power,2021,6,2.2,entsog,False
RO,industry-power,2021,7,2.66,entsog,False
RO,industry-power,2021,8,2.73,entsog,False
RO,industry-power,2021,9,2.73,entsog,False
RO,industry-power,2021,10,2.97,entsog,False
RO,industry-power,2021,11,3.22,entsog,False
RO,industry-power,2021,12,3.37,entsog,False
RO,industry-power,2022,1,3.0,entsog,False
RO,industry-power,2022,2,2.66,entsog,False
RO,industry-power,2022,3,1.84,entsog,False
RO,industry-power,2022,4,1.49,entsog,False
RO,industry-power,2022,5,2.55,entsog,False
RO,industry-power,2022,6,2.41,entsog,False
RO,industry-power,2022,7,2.07,entsog,False
RO,industry-power,2022,8,1.94,entsog,False
RO,industry-power,2022,9,2.11,entsog,False
RO,industry-power,2022,10,2.16,entsog,False
RO,industry-power,2022,11,2.45,entsog,False
RO,industry-power,2022,12,2.19,entsog,False
RO,industry-power,2023,1,2.47,entsog,False
RO,industry-power,2023,2,2.36,entsog,False
RO,industry-power,2023,3,1.48,entsog,False
RO,industry-power,2023,4,1.06,entsog,False
RO,industry-power,2023,5,1.1,entsog,False
RO,industry-power,2023,6,1.13,entsog,False
RO,industry-power,2023,7,1.93,entsog,False
RO,industry-power,2023,8,1.98,entsog,False
RO,industry-power,2023,9,1.98,entsog,False
RO,industry-power,2023,10,2.62,entsog,False
RO,industry-power,2023,11,3.1,entsog,False
RO,industry-power,2023,12,2.86,entsog,False
RO,industry-power,2024,1,3.14,entsog,False
RO,industry-power,2024,2,2.89,entsog,False
RO,industry-power,2024,3,2.96,entsog,False
RO,industry-power,2024,4,1.71,entsog,False
RO,industry-power,2024,5,1.61,entsog,False
RO,industry-power,2024,6,1.88,entsog,False
RO,industry-power,2024,7,2.51,entsog,False
RO,industry-power,2024,8,2.09,entsog,False
RO,industry-power,2024,9,1.86,entsog,False
RO,industry-power,2024,10,2.03,entsog,False
RO,industry-power,2024,11,2.39,entsog,False
RO,industry-power,2024,12,2.52,entsog,False
RO,industry-power,2025,1,2.85,entsog,False
RO,industry-power,2025,2,2.54,entsog,False
RO,industry-power,2025,3,1.88,entsog,False
RO,industry-power,2025,4,0.95,entsog,False
RO,industry-power,2025,5,1.49,entsog,False
RO,industry-power,2025,6,1.66,entsog,False
RO,industry-power,2025,7,1.94,entsog,False
RO,industry-power,2025,8,2.14,entsog,False
RO,industry-power,2025,9,2.05,entsog,False
RO,industry-power,2025,10,2.45,entsog,False
RO,industry-power,2025,11,2.45,entsog,False
RO,industry-power,2025,12,2.57,entsog,False
RO,industry-power,2026,1,3.06,entsog,False
RO,industry-power,2026,2,2.35,entsog,False
RO,industry-power,2026,3,2.29,entsog,False
RO,power,2019,1,2.6,energy-charts,True
RO,power,2019,2,2.23,energy-charts,True
RO,power,2019,3,1.64,energy-charts,True
RO,power,2019,4,0.89,energy-charts,True
RO,power,2019,5,0.7,energy-charts,True
RO,power,2019,6,0.61,energy-charts,True
RO,power,2019,7,1.27,energy-charts,True
RO,power,2019,8,1.26,energy-charts,True
RO,power,2019,9,1.42,energy-charts,True
RO,power,2019,10,1.87,energy-charts,True
RO,power,2019,11,1.99,energy-charts,True
RO,power,2019,12,2.17,energy-charts,True
RO,power,2020,1,2.71,energy-charts,True
RO,power,2020,2,2.17,energy-charts,True
RO,power,2020,3,1.72,energy-charts,True
RO,power,2020,4,1.09,energy-charts,True
RO,power,2020,5,0.95,energy-charts,True
RO,power,2020,6,1.18,energy-charts,True
RO,power,2020,7,1.66,energy-charts,True
RO,power,2020,8,1.62,energy-charts,True
RO,power,2020,9,1.61,energy-charts,True
RO,power,2020,10,1.14,energy-charts,True
RO,power,2020,11,2.17,energy-charts,True
RO,power,2020,12,2.33,energy-charts,True
RO,power,2021,1,2.28,energy-charts,True
RO,power,2021,2,1.84,energy-charts,True
RO,power,2021,3,2.01,energy-charts,True
RO,power,2021,4,1.24,energy-charts,True
RO,power,2021,5,1.08,energy-charts,True
RO,power,2021,6,1.38,energy-charts,True
RO,power,2021,7,1.7,energy-charts,True
RO,power,2021,8,1.67,energy-charts,True
RO,power,2021,9,1.61,energy-charts,True
RO,power,2021,10,1.81,energy-charts,True
RO,power,2021,11,2.19,energy-charts,True
RO,power,2021,12,2.42,energy-charts,True
RO,power,2022,1,2.42,energy-charts,True
RO,power,2022,2,2.22,energy-charts,True
RO,power,2022,3,1.35,energy-charts,True
RO,power,2022,4,0.96,energy-charts,True
RO,power,2022,5,1.66,energy-charts,True
RO,power,2022,6,1.66,energy-charts,True
RO,power,2022,7,1.73,energy-charts,True
RO,power,2022,8,1.72,energy-charts,True
RO,power,2022,9,1.66,energy-charts,True
RO,power,2022,10,1.73,energy-charts,True
RO,power,2022,11,2.06,energy-charts,True
RO,power,2022,12,2.06,energy-charts,True
RO,power,2023,1,2.44,energy-charts,True
RO,power,2023,2,2.23,energy-charts,True
RO,power,2023,3,1.32,energy-charts,True
RO,power,2023,4,0.86,energy-charts,True
RO,power,2023,5,0.72,energy-charts,True
RO,power,2023,6,0.54,energy-charts,True
RO,power,2023,7,1.46,energy-charts,True
RO,power,2023,8,1.54,energy-charts,True
RO,power,2023,9,1.57,energy-charts,True
RO,power,2023,10,1.83,energy-charts,True
RO,power,2023,11,2.11,energy-charts,True
RO,power,2023,12,2.57,energy-charts,True
RO,power,2024,1,2.62,energy-charts,True
RO,power,2024,2,2.2,energy-charts,True
RO,power,2024,3,2.16,energy-charts,True
RO,power,2024,4,0.65,energy-charts,True
RO,power,2024,5,0.64,energy-charts,True
RO,power,2024,6,1.39,energy-charts,True
RO,power,2024,7,1.72,energy-charts,True
RO,power,2024,8,1.7,energy-charts,True
RO,power,2024,9,1.5,energy-charts,True
RO,power,2024,10,1.65,energy-charts,True
RO,power,2024,11,2.09,energy-charts,True
RO,power,2024,12,2.2,energy-charts,True
RO,power,2025,1,2.34,energy-charts,True
RO,power,2025,2,1.96,energy-charts,True
RO,power,2025,3,1.64,energy-charts,True
RO,power,2025,4,0.53,energy-charts,True
RO,power,2025,5,0.65,energy-charts,True
RO,power,2025,6,1.09,energy-charts,True
RO,power,2025,7,1.4,energy-charts,True
RO,power,2025,8,1.45,energy-charts,True
RO,power,2025,9,1.37,energy-charts,True
RO,power,2025,10,1.99,energy-charts,True
RO,power,2025,11,2.07,energy-charts,True
RO,power,2025,12,2.27,energy-charts,True
RO,power,2026,1,2.57,energy-charts,True
RO,power,2026,2,2.06,energy-charts,True
RO,power,2026,3,2.03,energy-charts,True
RO,total,2019,1,18.4,calculated,True
RO,total,2019,2,14.38,calculated,True
RO,total,2019,3,11.44,calculated,True
RO,total,2019,4,8.1,calculated,True
RO,total,2019,5,5.42,calculated,True
RO,total,2019,6,3.34,calculated,True
RO,total,2019,7,4.74,calculated,True
RO,total,2019,8,5.15,calculated,True
RO,total,2019,9,5.68,calculated,True
RO,total,2019,10,8.45,calculated,True
RO,total,2019,11,10.44,calculated,True
RO,total,2019,12,14.53,calculated,True
RO,total,2020,1,17.88,calculated,True
RO,total,2020,2,14.04,calculated,True
RO,total,2020,3,11.58,calculated,True
RO,total,2020,4,7.8,calculated,True
RO,total,2020,5,5.74,calculated,True
RO,total,2020,6,5.39,calculated,True
RO,total,2020,7,5.88,calculated,True
RO,total,2020,8,5.96,calculated,True
RO,total,2020,9,6.12,calculated,True
RO,total,2020,10,7.63,calculated,True
RO,total,2020,11,13.41,calculated,True
RO,total,2020,12,15.68,calculated,True
RO,total,2021,1,16.61,calculated,True
RO,total,2021,2,14.67,calculated,True
RO,total,2021,3,14.81,calculated,True
RO,total,2021,4,10.3,calculated,True
RO,total,2021,5,5.79,calculated,True
RO,total,2021,6,4.93,calculated,True
RO,total,2021,7,4.94,calculated,True
RO,total,2021,8,4.94,calculated,True
RO,total,2021,9,5.66,calculated,True
RO,total,2021,10,9.46,calculated,True
RO,total,2021,11,12.1,calculated,True
RO,total,2021,12,15.55,calculated,True
RO,total,2022,1,16.03,calculated,True
RO,total,2022,2,12.71,calculated,True
RO,total,2022,3,12.49,calculated,True
RO,total,2022,4,7.02,calculated,True
RO,total,2022,5,5.45,calculated,True
RO,total,2022,6,4.61,calculated,True
RO,total,2022,7,4.19,calculated,True
RO,total,2022,8,4.07,calculated,True
RO,total,2022,9,4.65,calculated,True
RO,total,2022,10,6.1,calculated,True
RO,total,2022,11,9.58,calculated,True
RO,total,2022,12,13.08,calculated,True
RO,total,2023,1,12.95,calculated,True
RO,total,2023,2,13.04,calculated,True
RO,total,2023,3,9.86,calculated,True
RO,total,2023,4,7.28,calculated,True
RO,total,2023,5,4.41,calculated,True
RO,total,2023,6,3.2,calculated,True
RO,total,2023,7,3.9,calculated,True
RO,total,2023,8,3.74,calculated,True
RO,total,2023,9,4.03,calculated,True
RO,total,2023,10,6.03,calculated,True
RO,total,2023,11,10.84,calculated,True
RO,total,2023,12,14.05,calculated,True
RO,total,2024,1,15.76,calculated,True
RO,total,2024,2,11.4,calculated,True
RO,total,2024,3,10.98,calculated,True
RO,total,2024,4,5.27,calculated,True
RO,total,2024,5,4.33,calculated,True
RO,total,2024,6,3.77,calculated,True
RO,total,2024,7,4.41,calculated,True
RO,total,2024,8,3.93,calculated,True
RO,total,2024,9,4.09,calculated,True
RO,total,2024,10,6.88,calculated,True
RO,total,2024,11,12.32,calculated,True
RO,total,2024,12,14.03,calculated,True
RO,total,2025,1,14.4,calculated,True
RO,total,2025,2,14.61,calculated,True
RO,total,2025,3,9.77,calculated,True
RO,total,2025,4,6.27,calculated,True
RO,total,2025,5,4.85,calculated,True
RO,total,2025,6,3.63,calculated,True
RO,total,2025,7,3.9,calculated,True
RO,total,2025,8,4.12,calculated,True
RO,total,2025,9,4.34,calculated,True
RO,total,2025,10,8.52,calculated,True
RO,total,2025,11,10.34,calculated,True
RO,total,2025,12,13.74,calculated,True
RO,total,2026,1,16.81,calculated,True
RO,total,2026,2,13.31,calculated,True
RO,total,2026,3,10.84,calculated,True
SE,power,2019,1,0.0,energy-charts,True
SE,power,2019,2,0.0,energy-charts,True
SE,power,2019,3,0.0,energy-charts,True
SE,power,2019,4,0.0,energy-charts,True
SE,power,2019,5,0.0,energy-charts,True
SE,power,2019,6,0.0,energy-charts,True
SE,power,2019,7,0.0,energy-charts,True
SE,power,2019,8,0.0,energy-charts,True
SE,power,2019,9,0.0,energy-charts,True
SE,power,2019,10,0.0,energy-charts,True
SE,power,2019,11,0.0,energy-charts,True
SE,power,2019,12,0.0,energy-charts,True
SE,power,2020,1,0.0,energy-charts,True
SE,power,2020,2,0.0,energy-charts,True
SE,power,2020,3,0.0,energy-charts,True
SE,power,2020,4,0.0,energy-charts,True
SE,power,2020,5,0.0,energy-charts,True
SE,power,2020,6,0.0,energy-charts,True
SE,power,2020,7,0.0,energy-charts,True
SE,power,2020,8,0.0,energy-charts,True
SE,power,2020,9,0.0,energy-charts,True
SE,power,2020,10,0.0,energy-charts,True
SE,power,2020,11,0.0,energy-charts,True
SE,power,2020,12,0.0,energy-charts,True
SE,power,2021,1,0.0,energy-charts,True
SE,power,2021,2,0.0,energy-charts,True
SE,power,2021,3,0.0,energy-charts,True
SE,power,2021,4,0.0,energy-charts,True
SE,power,2021,5,0.0,energy-charts,True
SE,power,2021,6,0.0,energy-charts,True
SE,power,2021,7,0.0,energy-charts,True
SE,power,2021,8,0.0,energy-charts,True
SE,power,2021,9,0.0,energy-charts,True
SE,power,2021,10,0.0,energy-charts,True
SE,power,2021,11,0.0,energy-charts,True
SE,power,2021,12,0.01,energy-charts,True
SE,power,2022,1,0.0,energy-charts,True
SE,power,2022,2,0.0,energy-charts,True
SE,power,2022,3,0.0,energy-charts,True
SE,power,2022,4,0.0,energy-charts,True
SE,power,2022,5,0.0,energy-charts,True
SE,power,2022,6,0.0,energy-charts,True
SE,power,2022,7,0.0,energy-charts,True
SE,power,2022,8,0.0,energy-charts,True
SE,power,2022,9,0.0,energy-charts,True
SE,power,2022,10,0.0,energy-charts,True
SE,power,2022,11,0.0,energy-charts,True
SE,power,2022,12,0.0,energy-charts,True
SE,power,2023,1,0.0,energy-charts,True
SE,power,2023,2,0.0,energy-charts,True
SE,power,2023,3,0.0,energy-charts,True
SE,power,2023,4,0.0,energy-charts,True
SE,power,2023,5,0.0,energy-charts,True
SE,power,2023,6,0.0,energy-charts,True
SE,power,2023,7,0.0,energy-charts,True
SE,power,2023,8,0.0,energy-charts,True
SE,power,2023,9,0.0,energy-charts,True
SE,power,2023,10,0.0,energy-charts,True
SE,power,2023,11,0.0,energy-charts,True
SE,power,2023,12,0.0,energy-charts,True
SE,power,2024,1,0.0,energy-charts,True
SE,power,2024,2,0.0,energy-charts,True
SE,power,2024,3,0.0,energy-charts,True
SE,power,2024,4,0.0,energy-charts,True
SE,power,2024,5,0.0,energy-charts,True
SE,power,2024,6,0.0,energy-charts,True
SE,power,2024,7,0.0,energy-charts,True
SE,power,2024,8,0.0,energy-charts,True
SE,power,2024,9,0.0,energy-charts,True
SE,power,2024,10,0.0,energy-charts,True
SE,power,2024,11,0.0,energy-charts,True
SE,power,2024,12,0.0,energy-charts,True
SE,power,2025,1,0.0,energy-charts,True
SE,power,2025,2,0.0,energy-charts,True
SE,power,2025,3,0.0,energy-charts,True
SE,power,2025,4,0.0,energy-charts,True
SE,power,2025,5,0.0,energy-charts,True
SE,power,2025,6,0.0,energy-charts,True
SE,power,2025,7,0.0,energy-charts,True
SE,power,2025,8,0.0,energy-charts,True
SE,power,2025,9,0.0,energy-charts,True
SE,power,2025,10,0.0,energy-charts,True
SE,power,2025,11,0.0,energy-charts,True
SE,power,2025,12,0.0,energy-charts,True
SE,power,2026,1,0.0,energy-charts,True
SE,power,2026,2,0.0,energy-charts,True
SE,power,2026,3,0.01,energy-charts,True
SE,total,2019,1,1.53,eurostat,True
SE,total,2019,2,1.22,eurostat,True
SE,total,2019,3,1.5,eurostat,True
SE,total,2019,4,1.19,eurostat,True
SE,total,2019,5,1.2,eurostat,True
SE,total,2019,6,0.78,eurostat,True
SE,total,2019,7,1.08,eurostat,True
SE,total,2019,8,0.89,eurostat,True
SE,total,2019,9,0.8,eurostat,True
SE,total,2019,10,0.74,eurostat,True
SE,total,2019,11,1.04,eurostat,True
SE,total,2019,12,1.42,eurostat,True
SE,total,2020,1,1.4,eurostat,True
SE,total,2020,2,1.34,eurostat,True
SE,total,2020,3,1.08,eurostat,True
SE,total,2020,4,0.85,eurostat,True
SE,total,2020,5,0.88,eurostat,True
SE,total,2020,6,0.96,eurostat,True
SE,total,2020,7,0.58,eurostat,True
SE,total,2020,8,0.97,eurostat,True
SE,total,2020,9,0.9,eurostat,True
SE,total,2020,10,1.87,eurostat,True
SE,total,2020,11,1.69,eurostat,True
SE,total,2020,12,2.05,eurostat,True
SE,total,2021,1,2.1,eurostat,True
SE,total,2021,2,1.79,eurostat,True
SE,total,2021,3,1.35,eurostat,True
SE,total,2021,4,1.15,eurostat,True
SE,total,2021,5,0.7,eurostat,True
SE,total,2021,6,1.21,eurostat,True
SE,total,2021,7,0.71,eurostat,True
SE,total,2021,8,0.92,eurostat,True
SE,total,2021,9,0.83,eurostat,True
SE,total,2021,10,1.08,eurostat,True
SE,total,2021,11,1.16,eurostat,True
SE,total,2021,12,1.25,eurostat,True
SE,total,2022,1,1.2,eurostat,True
SE,total,2022,2,0.92,eurostat,True
SE,total,2022,3,0.65,eurostat,True
SE,total,2022,4,0.61,eurostat,True
SE,total,2022,5,0.55,eurostat,True
SE,total,2022,6,0.35,eurostat,True
SE,total,2022,7,0.59,eurostat,True
SE,total,2022,8,0.61,eurostat,True
SE,total,2022,9,0.48,eurostat,True
SE,total,2022,10,0.62,eurostat,True
SE,total,2022,11,0.6,eurostat,True
SE,total,2022,12,0.92,eurostat,True
SE,total,2023,1,0.89,eurostat,True
SE,total,2023,2,0.77,eurostat,True
SE,total,2023,3,0.98,eurostat,True
SE,total,2023,4,0.55,eurostat,True
SE,total,2023,5,0.61,eurostat,True
SE,total,2023,6,0.61,eurostat,True
SE,total,2023,7,0.56,eurostat,True
SE,total,2023,8,0.59,eurostat,True
SE,total,2023,9,0.74,eurostat,True
SE,total,2023,10,0.73,eurostat,True
SE,total,2023,11,0.95,eurostat,True
SE,total,2023,12,1.05,eurostat,True
SE,total,2024,1,1.44,eurostat,True
SE,total,2024,2,1.02,eurostat,True
SE,total,2024,3,0.81,eurostat,True
SE,total,2024,4,0.92,eurostat,True
SE,total,2024,5,0.68,eurostat,True
SE,total,2024,6,0.59,eurostat,True
SE,total,2024,7,0.59,eurostat,True
SE,total,2024,8,0.71,eurostat,True
SE,total,2024,9,0.68,eurostat,True
SE,total,2024,10,0.56,eurostat,True
SE,total,2024,11,0.92,eurostat,True
SE,total,2024,12,0.84,eurostat,True
SE,total,2025,1,0.93,eurostat,True
SE,total,2025,2,0.92,eurostat,True
SE,total,2025,3,0.62,eurostat,True
SE,total,2025,4,0.65,eurostat,True
SE,total,2025,5,0.54,eurostat,True
SE,total,2025,6,0.64,eurostat,True
SE,total,2025,7,0.58,eurostat,True
SE,total,2025,8,0.74,eurostat,True
SE,total,2025,9,0.52,eurostat,True
SE,total,2025,10,0.77,eurostat,True
SE,total,2025,11,1.06,eurostat,True
SE,total,2025,12,0.86,eurostat,True
SE,total,2026,1,0.95,eurostat,True
SE,total,2026,2,0.95,eurostat,True
SE,total,2026,3,0.0,eurostat,True
SI,power,2019,1,0.09,energy-charts,True
SI,power,2019,2,0.08,energy-charts,True
SI,power,2019,3,0.09,energy-charts,True
SI,power,2019,4,0.05,energy-charts,True
SI,power,2019,5,0.04,energy-charts,True
SI,power,2019,6,0.03,energy-charts,True
SI,power,2019,7,0.03,energy-charts,True
SI,power,2019,8,0.05,energy-charts,True
SI,power,2019,9,0.04,energy-charts,True
SI,power,2019,10,0.06,energy-charts,True
SI,power,2019,11,0.07,energy-charts,True
SI,power,2019,12,0.08,energy-charts,True
SI,power,2020,1,0.09,energy-charts,True
SI,power,2020,2,0.08,energy-charts,True
SI,power,2020,3,0.08,energy-charts,True
SI,power,2020,4,0.05,energy-charts,True
SI,power,2020,5,0.03,energy-charts,True
SI,power,2020,6,0.03,energy-charts,True
SI,power,2020,7,0.05,energy-charts,True
SI,power,2020,8,0.05,energy-charts,True
SI,power,2020,9,0.08,energy-charts,True
SI,power,2020,10,0.08,energy-charts,True
SI,power,2020,11,0.1,energy-charts,True
SI,power,2020,12,0.11,energy-charts,True
SI,power,2021,1,0.11,energy-charts,True
SI,power,2021,2,0.1,energy-charts,True
SI,power,2021,3,0.11,energy-charts,True
SI,power,2021,4,0.08,energy-charts,True
SI,power,2021,5,0.05,energy-charts,True
SI,power,2021,6,0.04,energy-charts,True
SI,power,2021,7,0.04,energy-charts,True
SI,power,2021,8,0.04,energy-charts,True
SI,power,2021,9,0.05,energy-charts,True
SI,power,2021,10,0.09,energy-charts,True
SI,power,2021,11,0.11,energy-charts,True
SI,power,2021,12,0.13,energy-charts,True
SI,power,2022,1,0.12,energy-charts,True
SI,power,2022,2,0.11,energy-charts,True
SI,power,2022,3,0.12,energy-charts,True
SI,power,2022,4,0.07,energy-charts,True
SI,power,2022,5,0.05,energy-charts,True
SI,power,2022,6,0.03,energy-charts,True
SI,power,2022,7,0.05,energy-charts,True
SI,power,2022,8,0.04,energy-charts,True
SI,power,2022,9,0.04,energy-charts,True
SI,power,2022,10,0.07,energy-charts,True
SI,power,2022,11,0.08,energy-charts,True
SI,power,2022,12,0.13,energy-charts,True
SI,power,2023,1,0.09,energy-charts,True
SI,power,2023,2,0.09,energy-charts,True
SI,power,2023,3,0.09,energy-charts,True
SI,power,2023,4,0.06,energy-charts,True
SI,power,2023,5,0.05,energy-charts,True
SI,power,2023,6,0.04,energy-charts,True
SI,power,2023,7,0.04,energy-charts,True
SI,power,2023,8,0.04,energy-charts,True
SI,power,2023,9,0.04,energy-charts,True
SI,power,2023,10,0.05,energy-charts,True
SI,power,2023,11,0.08,energy-charts,True
SI,power,2023,12,0.1,energy-charts,True
SI,power,2024,1,0.08,energy-charts,True
SI,power,2024,2,0.09,energy-charts,True
SI,power,2024,3,0.1,energy-charts,True
SI,power,2024,4,0.06,energy-charts,True
SI,power,2024,5,0.05,energy-charts,True
SI,power,2024,6,0.05,energy-charts,True
SI,power,2024,7,0.06,energy-charts,True
SI,power,2024,8,0.07,energy-charts,True
SI,power,2024,9,0.06,energy-charts,True
SI,power,2024,10,0.06,energy-charts,True
SI,power,2024,11,0.12,energy-charts,True
SI,power,2024,12,0.19,energy-charts,True
SI,power,2025,1,0.17,energy-charts,True
SI,power,2025,2,0.12,energy-charts,True
SI,power,2025,3,0.15,energy-charts,True
SI,power,2025,4,0.06,energy-charts,True
SI,power,2025,5,0.09,energy-charts,True
SI,power,2025,6,0.13,energy-charts,True
SI,power,2025,7,0.13,energy-charts,True
SI,power,2025,8,0.13,energy-charts,True
SI,power,2025,9,0.12,energy-charts,True
SI,power,2025,10,0.21,energy-charts,True
SI,power,2025,11,0.28,energy-charts,True
SI,power,2025,12,0.27,energy-charts,True
SI,power,2026,1,0.3,energy-charts,True
SI,power,2026,2,0.23,energy-charts,True
SI,power,2026,3,0.23,energy-charts,True
SI,total,2019,1,1.27,entsog,True
SI,total,2019,2,1.02,entsog,True
SI,total,2019,3,0.94,entsog,True
SI,total,2019,4,0.76,entsog,True
SI,total,2019,5,0.72,entsog,True
SI,total,2019,6,0.52,entsog,True
SI,total,2019,7,0.52,entsog,True
SI,total,2019,8,0.58,entsog,True
SI,total,2019,9,0.61,entsog,True
SI,total,2019,10,0.76,entsog,True
SI,total,2019,11,0.91,entsog,True
SI,total,2019,12,1.06,entsog,True
SI,total,2020,1,1.24,entsog,True
SI,total,2020,2,0.99,entsog,True
SI,total,2020,3,0.98,entsog,True
SI,total,2020,4,0.69,entsog,True
SI,total,2020,5,0.57,entsog,True
SI,total,2020,6,0.48,entsog,True
SI,total,2020,7,0.55,entsog,True
SI,total,2020,8,0.53,entsog,True
SI,total,2020,9,0.6,entsog,True
SI,total,2020,10,0.81,entsog,True
SI,total,2020,11,1.08,entsog,True
SI,total,2020,12,1.11,entsog,True
SI,total,2021,1,1.21,entsog,True
SI,total,2021,2,1.04,entsog,True
SI,total,2021,3,1.07,entsog,True
SI,total,2021,4,0.92,entsog,True
SI,total,2021,5,0.71,entsog,True
SI,total,2021,6,0.58,entsog,True
SI,total,2021,7,0.52,entsog,True
SI,total,2021,8,0.51,entsog,True
SI,total,2021,9,0.56,entsog,True
SI,total,2021,10,0.85,entsog,True
SI,total,2021,11,1.01,entsog,True
SI,total,2021,12,1.19,entsog,True
SI,total,2022,1,1.24,entsog,True
SI,total,2022,2,0.98,entsog,True
SI,total,2022,3,1.02,entsog,True
SI,total,2022,4,0.77,entsog,True
SI,total,2022,5,0.56,entsog,True
SI,total,2022,6,0.52,entsog,True
SI,total,2022,7,0.5,entsog,True
SI,total,2022,8,0.46,entsog,True
SI,total,2022,9,0.53,entsog,True
SI,total,2022,10,0.61,entsog,True
SI,total,2022,11,0.87,entsog,True
SI,total,2022,12,0.97,entsog,True
SI,total,2023,1,1.03,entsog,True
SI,total,2023,2,0.96,entsog,True
SI,total,2023,3,0.85,entsog,True
SI,total,2023,4,0.75,entsog,True
SI,total,2023,5,0.65,entsog,True
SI,total,2023,6,0.55,entsog,True
SI,total,2023,7,0.49,entsog,True
SI,total,2023,8,0.44,entsog,True
SI,total,2023,9,0.5,entsog,True
SI,total,2023,10,0.63,entsog,True
SI,total,2023,11,0.9,entsog,True
SI,total,2023,12,1.05,entsog,True
SI,total,2024,1,1.21,entsog,True
SI,total,2024,2,0.92,entsog,True
SI,total,2024,3,0.91,entsog,True
SI,total,2024,4,0.79,entsog,True
SI,total,2024,5,0.67,entsog,True
SI,total,2024,6,0.56,entsog,True
SI,total,2024,7,0.53,entsog,True
SI,total,2024,8,0.53,entsog,True
SI,total,2024,9,0.6,entsog,True
SI,total,2024,10,0.65,entsog,True
SI,total,2024,11,0.98,entsog,True
SI,total,2024,12,1.15,entsog,True
SI,total,2025,1,1.19,entsog,True
SI,total,2025,2,1.07,entsog,True
SI,total,2025,3,0.96,entsog,True
SI,total,2025,4,0.69,entsog,True
SI,total,2025,5,0.73,entsog,True
SI,total,2025,6,0.64,entsog,True
SI,total,2025,7,0.63,entsog,True
SI,total,2025,8,0.58,entsog,True
SI,total,2025,9,0.66,entsog,True
SI,total,2025,10,0.97,entsog,True
SI,total,2025,11,1.13,entsog,True
SI,total,2025,12,1.19,entsog,True
SI,total,2026,1,1.41,entsog,True
SI,total,2026,2,1.06,entsog,True
SI,total,2026,3,1.01,entsog,True
SK,power,2019,1,0.41,energy-charts,True
SK,power,2019,2,0.41,energy-charts,True
SK,power,2019,3,0.45,energy-charts,True
SK,power,2019,4,0.33,energy-charts,True
SK,power,2019,5,0.45,energy-charts,True
SK,power,2019,6,0.41,energy-charts,True
SK,power,2019,7,0.46,energy-charts,True
SK,power,2019,8,0.45,energy-charts,True
SK,power,2019,9,0.49,energy-charts,True
SK,power,2019,10,0.55,energy-charts,True
SK,power,2019,11,0.49,energy-charts,True
SK,power,2019,12,0.49,energy-charts,True
SK,power,2020,1,0.69,energy-charts,True
SK,power,2020,2,0.55,energy-charts,True
SK,power,2020,3,0.51,energy-charts,True
SK,power,2020,4,0.47,energy-charts,True
SK,power,2020,5,0.5,energy-charts,True
SK,power,2020,6,0.54,energy-charts,True
SK,power,2020,7,0.42,energy-charts,True
SK,power,2020,8,0.59,energy-charts,True
SK,power,2020,9,0.58,energy-charts,True
SK,power,2020,10,0.56,energy-charts,True
SK,power,2020,11,0.59,energy-charts,True
SK,power,2020,12,0.65,energy-charts,True
SK,power,2021,1,0.88,energy-charts,True
SK,power,2021,2,0.8,energy-charts,True
SK,power,2021,3,0.89,energy-charts,True
SK,power,2021,4,0.77,energy-charts,True
SK,power,2021,5,0.4,energy-charts,True
SK,power,2021,6,0.65,energy-charts,True
SK,power,2021,7,0.54,energy-charts,True
SK,power,2021,8,0.39,energy-charts,True
SK,power,2021,9,0.61,energy-charts,True
SK,power,2021,10,0.55,energy-charts,True
SK,power,2021,11,0.74,energy-charts,True
SK,power,2021,12,0.7,energy-charts,True
SK,power,2022,1,0.63,energy-charts,True
SK,power,2022,2,0.48,energy-charts,True
SK,power,2022,3,0.29,energy-charts,True
SK,power,2022,4,0.28,energy-charts,True
SK,power,2022,5,0.25,energy-charts,True
SK,power,2022,6,0.17,energy-charts,True
SK,power,2022,7,0.2,energy-charts,True
SK,power,2022,8,0.17,energy-charts,True
SK,power,2022,9,0.19,energy-charts,True
SK,power,2022,10,0.24,energy-charts,True
SK,power,2022,11,0.28,energy-charts,True
SK,power,2022,12,0.32,energy-charts,True
SK,power,2023,1,0.29,energy-charts,True
SK,power,2023,2,0.48,energy-charts,True
SK,power,2023,3,0.38,energy-charts,True
SK,power,2023,4,0.31,energy-charts,True
SK,power,2023,5,0.31,energy-charts,True
SK,power,2023,6,0.37,energy-charts,True
SK,power,2023,7,0.34,energy-charts,True
SK,power,2023,8,0.37,energy-charts,True
SK,power,2023,9,0.31,energy-charts,True
SK,power,2023,10,0.27,energy-charts,True
SK,power,2023,11,0.29,energy-charts,True
SK,power,2023,12,0.36,energy-charts,True
SK,power,2024,1,0.45,energy-charts,True
SK,power,2024,2,0.34,energy-charts,True
SK,power,2024,3,0.35,energy-charts,True
SK,power,2024,4,0.33,energy-charts,True
SK,power,2024,5,0.25,energy-charts,True
SK,power,2024,6,0.32,energy-charts,True
SK,power,2024,7,0.35,energy-charts,True
SK,power,2024,8,0.37,energy-charts,True
SK,power,2024,9,0.39,energy-charts,True
SK,power,2024,10,0.44,energy-charts,True
SK,power,2024,11,0.67,energy-charts,True
SK,power,2024,12,0.61,energy-charts,True
SK,power,2025,1,0.62,energy-charts,True
SK,power,2025,2,0.56,energy-charts,True
SK,power,2025,3,0.5,energy-charts,True
SK,power,2025,4,0.33,energy-charts,True
SK,power,2025,5,0.15,energy-charts,True
SK,power,2025,6,0.26,energy-charts,True
SK,power,2025,7,0.4,energy-charts,True
SK,power,2025,8,0.33,energy-charts,True
SK,power,2025,9,0.46,energy-charts,True
SK,power,2025,10,0.49,energy-charts,True
SK,power,2025,11,0.69,energy-charts,True
SK,power,2025,12,0.69,energy-charts,True
SK,total,2019,1,8.17,eurostat,True
SK,total,2019,2,6.22,eurostat,True
SK,total,2019,3,5.42,eurostat,True
SK,total,2019,4,3.74,eurostat,True
SK,total,2019,5,3.54,eurostat,True
SK,total,2019,6,2.07,eurostat,True
SK,total,2019,7,2.46,eurostat,True
SK,total,2019,8,2.42,eurostat,True
SK,total,2019,9,2.77,eurostat,True
SK,total,2019,10,4.13,eurostat,True
SK,total,2019,11,5.11,eurostat,True
SK,total,2019,12,6.79,eurostat,True
SK,total,2020,1,7.88,eurostat,True
SK,total,2020,2,6.15,eurostat,True
SK,total,2020,3,5.68,eurostat,True
SK,total,2020,4,3.77,eurostat,True
SK,total,2020,5,3.23,eurostat,True
SK,total,2020,6,2.61,eurostat,True
SK,total,2020,7,2.48,eurostat,True
SK,total,2020,8,2.37,eurostat,True
SK,total,2020,9,2.82,eurostat,True
SK,total,2020,10,4.63,eurostat,True
SK,total,2020,11,6.14,eurostat,True
SK,total,2020,12,6.98,eurostat,True
SK,total,2021,1,7.87,eurostat,True
SK,total,2021,2,7.12,eurostat,True
SK,total,2021,3,6.84,eurostat,True
SK,total,2021,4,5.39,eurostat,True
SK,total,2021,5,3.59,eurostat,True
SK,total,2021,6,2.71,eurostat,True
SK,total,2021,7,2.61,eurostat,True
SK,total,2021,8,2.53,eurostat,True
SK,total,2021,9,3.02,eurostat,True
SK,total,2021,10,4.73,eurostat,True
SK,total,2021,11,6.16,eurostat,True
SK,total,2021,12,7.58,eurostat,True
SK,total,2022,1,7.6,eurostat,True
SK,total,2022,2,5.98,eurostat,True
SK,total,2022,3,5.87,eurostat,True
SK,total,2022,4,4.51,eurostat,True
SK,total,2022,5,2.55,eurostat,True
SK,total,2022,6,2.05,eurostat,True
SK,total,2022,7,2.1,eurostat,True
SK,total,2022,8,1.8,eurostat,True
SK,total,2022,9,2.05,eurostat,True
SK,total,2022,10,3.22,eurostat,True
SK,total,2022,11,4.86,eurostat,True
SK,total,2022,12,6.32,eurostat,True
SK,total,2023,1,5.87,eurostat,True
SK,total,2023,2,5.82,eurostat,True
SK,total,2023,3,5.11,eurostat,True
SK,total,2023,4,4.09,eurostat,True
SK,total,2023,5,2.82,eurostat,True
SK,total,2023,6,2.2,eurostat,True
SK,total,2023,7,2.07,eurostat,True
SK,total,2023,8,1.74,eurostat,True
SK,total,2023,9,1.74,eurostat,True
SK,total,2023,10,3.17,eurostat,True
SK,total,2023,11,5.11,eurostat,True
SK,total,2023,12,6.47,eurostat,True
SK,total,2024,1,7.08,eurostat,True
SK,total,2024,2,4.95,eurostat,True
SK,total,2024,3,4.72,eurostat,True
SK,total,2024,4,3.43,eurostat,True
SK,total,2024,5,2.33,eurostat,True
SK,total,2024,6,2.1,eurostat,True
SK,total,2024,7,2.09,eurostat,True
SK,total,2024,8,2.21,eurostat,True
SK,total,2024,9,2.51,eurostat,True
SK,total,2024,10,3.91,eurostat,True
SK,total,2024,11,6.0,eurostat,True
SK,total,2024,12,6.62,eurostat,True
SK,total,2025,1,7.01,eurostat,True
SK,total,2025,2,6.32,eurostat,True
SK,total,2025,3,5.02,eurostat,True
SK,total,2025,4,3.61,eurostat,True
SK,total,2025,5,2.58,eurostat,True
SK,total,2025,6,1.74,eurostat,True
SK,total,2025,7,2.11,eurostat,True
SK,total,2025,8,2.14,eurostat,True
SK,total,2025,9,2.56,eurostat,True
SK,total,2025,10,4.42,eurostat,True
SK,total,2025,11,5.79,eurostat,True
SK,total,2025,12,6.47,eurostat,True
UK,household,2020,1,30.48,national-grid,True
UK,household,2020,2,67.17,national-grid,True
UK,household,2020,3,63.32,national-grid,True
UK,household,2020,4,34.78,national-grid,True
UK,household,2020,5,26.88,national-grid,True
UK,household,2020,6,21.37,national-grid,True
UK,household,2020,7,20.46,national-grid,True
UK,household,2020,8,18.99,national-grid,True
UK,household,2020,9,24.94,national-grid,True
UK,household,2020,10,45.0,national-grid,True
UK,household,2020,11,54.04,national-grid,True
UK,household,2020,12,71.25,national-grid,True
UK,household,2021,1,82.41,national-grid,True
UK,household,2021,2,67.93,national-grid,True
UK,household,2021,3,62.11,national-grid,True
UK,household,2021,4,51.51,national-grid,True
UK,household,2021,5,40.79,national-grid,True
UK,household,2021,6,20.01,national-grid,True
UK,household,2021,7,18.04,national-grid,True
UK,household,2021,8,19.17,national-grid,True
UK,household,2021,9,20.93,national-grid,True
UK,household,2021,10,36.3,national-grid,True
UK,household,2021,11,57.06,national-grid,True
UK,household,2021,12,66.53,national-grid,True
UK,household,2022,1,73.0,national-grid,True
UK,household,2022,2,59.5,national-grid,True
UK,household,2022,3,52.99,national-grid,True
UK,household,2022,4,39.08,national-grid,True
UK,household,2022,5,25.17,national-grid,True
UK,household,2022,6,18.88,national-grid,True
UK,household,2022,7,17.05,national-grid,True
UK,household,2022,8,16.28,national-grid,True
UK,household,2022,9,20.69,national-grid,True
UK,household,2022,10,28.92,national-grid,True
UK,household,2022,11,44.6,national-grid,True
UK,household,2022,12,67.59,national-grid,True
UK,household,2023,1,65.21,national-grid,True
UK,household,2023,2,52.16,national-grid,True
UK,household,2023,3,55.02,national-grid,True
UK,household,2023,4,38.63,national-grid,True
UK,household,2023,5,23.68,national-grid,True
UK,household,2023,6,16.68,national-grid,True
UK,household,2023,7,16.96,national-grid,True
UK,household,2023,8,16.61,national-grid,True
UK,household,2023,9,17.79,national-grid,True
UK,household,2023,10,30.93,national-grid,True
UK,household,2023,11,51.29,national-grid,True
UK,household,2023,12,58.0,national-grid,True
UK,household,2024,1,67.75,national-grid,True
UK,household,2024,2,51.38,national-grid,True
UK,household,2024,3,50.55,national-grid,True
UK,household,2024,4,38.62,national-grid,True
UK,household,2024,5,22.79,national-grid,True
UK,household,2024,6,19.34,national-grid,True
UK,household,2024,7,17.61,national-grid,True
UK,household,2024,8,16.24,national-grid,True
UK,household,2024,9,22.1,national-grid,True
UK,household,2024,10,34.37,national-grid,True
UK,household,2024,11,51.41,national-grid,True
UK,household,2024,12,58.02,national-grid,True
UK,household,2025,1,72.16,national-grid,True
UK,household,2025,2,59.38,national-grid,True
UK,household,2025,3,48.5,national-grid,True
UK,household,2025,4,30.24,national-grid,True
UK,household,2025,5,21.27,national-grid,True
UK,household,2025,6,16.71,national-grid,True
UK,household,2025,7,15.19,national-grid,True
UK,household,2025,8,15.46,national-grid,True
UK,household,2025,9,21.23,national-grid,True
UK,household,2025,10,34.14,national-grid,True
UK,household,2025,11,48.9,national-grid,True
UK,household,2025,12,57.8,national-grid,True
UK,household,2026,1,70.43,national-grid,True
UK,household,2026,2,53.91,national-grid,True
UK,household,2026,3,47.98,national-grid,True
UK,industry,2020,1,2.02,national-grid,True
UK,industry,2020,2,3.66,national-grid,True
UK,industry,2020,3,3.9,national-grid,True
UK,industry,2020,4,3.39,national-grid,True
UK,industry,2020,5,4.65,national-grid,True
UK,industry,2020,6,3.45,national-grid,True
UK,industry,2020,7,4.83,national-grid,True
UK,industry,2020,8,4.21,national-grid,True
UK,industry,2020,9,3.66,national-grid,True
UK,industry,2020,10,5.68,national-grid,True
UK,industry,2020,11,3.37,national-grid,True
UK,industry,2020,12,3.74,national-grid,True
UK,industry,2021,1,3.56,national-grid,True
UK,industry,2021,2,3.29,national-grid,True
UK,industry,2021,3,3.55,national-grid,True
UK,industry,2021,4,3.28,national-grid,True
UK,industry,2021,5,3.46,national-grid,True
UK,industry,2021,6,2.66,national-grid,True
UK,industry,2021,7,2.63,national-grid,True
UK,industry,2021,8,2.1,national-grid,True
UK,industry,2021,9,1.75,national-grid,True
UK,industry,2021,10,2.01,national-grid,True
UK,industry,2021,11,2.13,national-grid,True
UK,industry,2021,12,1.75,national-grid,True
UK,industry,2022,1,1.79,national-grid,True
UK,industry,2022,2,1.36,national-grid,True
UK,industry,2022,3,2.14,national-grid,True
UK,industry,2022,4,1.89,national-grid,True
UK,industry,2022,5,1.93,national-grid,True
UK,industry,2022,6,2.12,national-grid,True
UK,industry,2022,7,2.31,national-grid,True
UK,industry,2022,8,2.26,national-grid,True
UK,industry,2022,9,1.71,national-grid,True
UK,industry,2022,10,1.44,national-grid,True
UK,industry,2022,11,1.9,national-grid,True
UK,industry,2022,12,1.99,national-grid,True
UK,industry,2023,1,1.84,national-grid,True
UK,industry,2023,2,1.64,national-grid,True
UK,industry,2023,3,1.78,national-grid,True
UK,industry,2023,4,1.34,national-grid,True
UK,industry,2023,5,1.39,national-grid,True
UK,industry,2023,6,1.35,national-grid,True
UK,industry,2023,7,1.25,national-grid,True
UK,industry,2023,8,1.52,national-grid,True
UK,industry,2023,9,1.69,national-grid,True
UK,industry,2023,10,1.63,national-grid,True
UK,industry,2023,11,1.76,national-grid,True
UK,industry,2023,12,1.65,national-grid,True
UK,industry,2024,1,1.97,national-grid,True
UK,industry,2024,2,1.82,national-grid,True
UK,industry,2024,3,1.78,national-grid,True
UK,industry,2024,4,1.26,national-grid,True
UK,industry,2024,5,1.32,national-grid,True
UK,industry,2024,6,1.37,national-grid,True
UK,industry,2024,7,1.27,national-grid,True
UK,industry,2024,8,1.05,national-grid,True
UK,industry,2024,9,1.06,national-grid,True
UK,industry,2024,10,1.13,national-grid,True
UK,industry,2024,11,1.54,national-grid,True
UK,industry,2024,12,1.72,national-grid,True
UK,industry,2025,1,1.95,national-grid,True
UK,industry,2025,2,1.22,national-grid,True
UK,industry,2025,3,0.97,national-grid,True
UK,industry,2025,4,0.87,national-grid,True
UK,industry,2025,5,0.89,national-grid,True
UK,industry,2025,6,0.79,national-grid,True
UK,industry,2025,7,0.9,national-grid,True
UK,industry,2025,8,0.96,national-grid,True
UK,industry,2025,9,0.82,national-grid,True
UK,industry,2025,10,0.97,national-grid,True
UK,industry,2025,11,0.95,national-grid,True
UK,industry,2025,12,0.86,national-grid,True
UK,industry,2026,1,1.16,national-grid,True
UK,industry,2026,2,0.95,national-grid,True
UK,industry,2026,3,0.83,national-grid,True
UK,power,2020,1,8.17,national-grid,True
UK,power,2020,2,12.72,national-grid,True
UK,power,2020,3,15.87,national-grid,True
UK,power,2020,4,11.42,national-grid,True
UK,power,2020,5,10.32,national-grid,True
UK,power,2020,6,13.39,national-grid,True
UK,power,2020,7,15.43,national-grid,True
UK,power,2020,8,16.79,national-grid,True
UK,power,2020,9,16.86,national-grid,True
UK,power,2020,10,15.98,national-grid,True
UK,power,2020,11,16.56,national-grid,True
UK,power,2020,12,18.7,national-grid,True
UK,power,2021,1,20.91,national-grid,True
UK,power,2021,2,15.04,national-grid,True
UK,power,2021,3,17.39,national-grid,True
UK,power,2021,4,19.53,national-grid,True
UK,power,2021,5,16.91,national-grid,True
UK,power,2021,6,14.11,national-grid,True
UK,power,2021,7,16.42,national-grid,True
UK,power,2021,8,14.91,national-grid,True
UK,power,2021,9,17.65,national-grid,True
UK,power,2021,10,14.42,national-grid,True
UK,power,2021,11,17.84,national-grid,True
UK,power,2021,12,19.09,national-grid,True
UK,power,2022,1,19.79,national-grid,True
UK,power,2022,2,10.17,national-grid,True
UK,power,2022,3,17.18,national-grid,True
UK,power,2022,4,17.9,national-grid,True
UK,power,2022,5,19.91,national-grid,True
UK,power,2022,6,18.01,national-grid,True
UK,power,2022,7,19.01,national-grid,True
UK,power,2022,8,20.04,national-grid,True
UK,power,2022,9,18.6,national-grid,True
UK,power,2022,10,16.62,national-grid,True
UK,power,2022,11,18.33,national-grid,True
UK,power,2022,12,17.17,national-grid,True
UK,power,2023,1,13.71,national-grid,True
UK,power,2023,2,14.47,national-grid,True
UK,power,2023,3,15.97,national-grid,True
UK,power,2023,4,14.52,national-grid,True
UK,power,2023,5,13.52,national-grid,True
UK,power,2023,6,13.83,national-grid,True
UK,power,2023,7,11.89,national-grid,True
UK,power,2023,8,14.58,national-grid,True
UK,power,2023,9,13.23,national-grid,True
UK,power,2023,10,11.79,national-grid,True
UK,power,2023,11,14.65,national-grid,True
UK,power,2023,12,12.9,national-grid,True
UK,power,2024,1,18.17,national-grid,True
UK,power,2024,2,11.61,national-grid,True
UK,power,2024,3,10.93,national-grid,True
UK,power,2024,4,7.57,national-grid,True
UK,power,2024,5,9.93,national-grid,True
UK,power,2024,6,7.67,national-grid,True
UK,power,2024,7,9.37,national-grid,True
UK,power,2024,8,6.83,national-grid,True
UK,power,2024,9,10.45,national-grid,True
UK,power,2024,10,12.97,national-grid,True
UK,power,2024,11,17.81,national-grid,True
UK,power,2024,12,13.79,national-grid,True
UK,power,2025,1,20.52,national-grid,True
UK,power,2025,2,15.65,national-grid,True
UK,power,2025,3,14.91,national-grid,True
UK,power,2025,4,10.89,national-grid,True
UK,power,2025,5,8.48,national-grid,True
UK,power,2025,6,7.46,national-grid,True
UK,power,2025,7,10.29,national-grid,True
UK,power,2025,8,9.42,national-grid,True
UK,power,2025,9,9.08,national-grid,True
UK,power,2025,10,13.46,national-grid,True
UK,power,2025,11,13.71,national-grid,True
UK,power,2025,12,12.89,national-grid,True
UK,power,2026,1,17.17,national-grid,True
UK,power,2026,2,14.28,national-grid,True
UK,power,2026,3,11.34,national-grid,True
UK,total,2020,1,40.67,national-grid,True
UK,total,2020,2,83.55,national-grid,True
UK,total,2020,3,83.08,national-grid,True
UK,total,2020,4,49.59,national-grid,True
UK,total,2020,5,41.85,national-grid,True
UK,total,2020,6,38.21,national-grid,True
UK,total,2020,7,40.72,national-grid,True
UK,total,2020,8,39.99,national-grid,True
UK,total,2020,9,45.47,national-grid,True
UK,total,2020,10,66.66,national-grid,True
UK,total,2020,11,73.97,national-grid,True
UK,total,2020,12,93.68,national-grid,True
UK,total,2021,1,106.88,national-grid,True
UK,total,2021,2,86.26,national-grid,True
UK,total,2021,3,83.04,national-grid,True
UK,total,2021,4,74.31,national-grid,True
UK,total,2021,5,61.15,national-grid,True
UK,total,2021,6,36.79,national-grid,True
UK,total,2021,7,37.09,national-grid,True
UK,total,2021,8,36.18,national-grid,True
UK,total,2021,9,40.32,national-grid,True
UK,total,2021,10,52.73,national-grid,True
UK,total,2021,11,77.04,national-grid,True
UK,total,2021,12,87.37,national-grid,True
UK,total,2022,1,94.58,national-grid,True
UK,total,2022,2,71.03,national-grid,True
UK,total,2022,3,72.3,national-grid,True
UK,total,2022,4,58.88,national-grid,True
UK,total,2022,5,47.01,national-grid,True
UK,total,2022,6,39.01,national-grid,True
UK,total,2022,7,38.38,national-grid,True
UK,total,2022,8,38.57,national-grid,True
UK,total,2022,9,40.99,national-grid,True
UK,total,2022,10,46.98,national-grid,True
UK,total,2022,11,64.83,national-grid,True
UK,total,2022,12,86.74,national-grid,True
UK,total,2023,1,80.76,national-grid,True
UK,total,2023,2,68.27,national-grid,True
UK,total,2023,3,72.77,national-grid,True
UK,total,2023,4,54.49,national-grid,True
UK,total,2023,5,38.59,national-grid,True
UK,total,2023,6,31.86,national-grid,True
UK,total,2023,7,30.1,national-grid,True
UK,total,2023,8,32.72,national-grid,True
UK,total,2023,9,32.71,national-grid,True
UK,total,2023,10,44.35,national-grid,True
UK,total,2023,11,67.7,national-grid,True
UK,total,2023,12,72.55,national-grid,True
UK,total,2024,1,87.88,national-grid,True
UK,total,2024,2,64.81,national-grid,True
UK,total,2024,3,63.25,national-grid,True
UK,total,2024,4,47.46,national-grid,True
UK,total,2024,5,34.05,national-grid,True
UK,total,2024,6,28.38,national-grid,True
UK,total,2024,7,28.25,national-grid,True
UK,total,2024,8,24.12,national-grid,True
UK,total,2024,9,33.6,national-grid,True
UK,total,2024,10,48.47,national-grid,True
UK,total,2024,11,70.76,national-grid,True
UK,total,2024,12,73.53,national-grid,True
UK,total,2025,1,94.63,national-grid,True
UK,total,2025,2,76.24,national-grid,True
UK,total,2025,3,64.38,national-grid,True
UK,total,2025,4,42.0,national-grid,True
UK,total,2025,5,30.64,national-grid,True
UK,total,2025,6,24.96,national-grid,True
UK,total,2025,7,26.38,national-grid,True
UK,total,2025,8,25.84,national-grid,True
UK,total,2025,9,31.13,national-grid,True
UK,total,2025,10,48.57,national-grid,True
UK,total,2025,11,63.55,national-grid,True
UK,total,2025,12,71.55,national-grid,True
UK,total,2026,1,88.76,national-grid,True
UK,total,2026,2,69.15,national-grid,True
UK,total,2026,3,60.14,national-grid,True
DE,industry,2019,1,52.22,calculated,True
DE,industry,2019,2,44.19,calculated,True
DE,industry,2019,3,43.27,calculated,True
DE,industry,2019,4,40.08,calculated,True
DE,industry,2019,5,39.6,calculated,True
DE,industry,2019,6,31.53,calculated,True
DE,industry,2019,7,33.15,calculated,True
DE,industry,2019,8,31.36,calculated,True
DE,industry,2019,9,34.66,calculated,True
DE,industry,2019,10,37.43,calculated,True
DE,industry,2019,11,44.34,calculated,True
DE,industry,2019,12,45.39,calculated,True
DE,industry,2020,1,47.9,calculated,True
DE,industry,2020,2,42.29,calculated,True
DE,industry,2020,3,46.58,calculated,True
DE,industry,2020,4,37.19,calculated,True
DE,industry,2020,5,35.94,calculated,True
DE,industry,2020,6,31.31,calculated,True
DE,industry,2020,7,32.23,calculated,True
DE,industry,2020,8,31.49,calculated,True
DE,industry,2020,9,34.62,calculated,True
DE,industry,2020,10,39.66,calculated,True
DE,industry,2020,11,43.6,calculated,True
DE,industry,2020,12,49.34,calculated,True
DE,industry,2021,1,55.52,calculated,True
DE,industry,2021,2,47.97,calculated,True
DE,industry,2021,3,49.8,calculated,True
DE,industry,2021,4,44.42,calculated,True
DE,industry,2021,5,38.74,calculated,True
DE,industry,2021,6,32.18,calculated,True
DE,industry,2021,7,32.87,calculated,True
DE,industry,2021,8,32.67,calculated,True
DE,industry,2021,9,32.21,calculated,True
DE,industry,2021,10,38.43,calculated,True
DE,industry,2021,11,45.36,calculated,True
DE,industry,2021,12,47.43,calculated,True
DE,industry,2022,1,47.78,calculated,True
DE,industry,2022,2,41.56,calculated,True
DE,industry,2022,3,46.51,calculated,True
DE,industry,2022,4,39.28,calculated,True
DE,industry,2022,5,32.74,calculated,True
DE,industry,2022,6,28.38,calculated,True
DE,industry,2022,7,27.06,calculated,True
DE,industry,2022,8,24.93,calculated,True
DE,industry,2022,9,30.34,calculated,True
DE,industry,2022,10,30.71,calculated,True
DE,industry,2022,11,37.04,calculated,True
DE,industry,2022,12,40.28,calculated,True
DE,industry,2023,1,40.35,calculated,True
DE,industry,2023,2,37.79,calculated,True
DE,industry,2023,3,39.21,calculated,True
DE,industry,2023,4,34.61,calculated,True
DE,industry,2023,5,29.84,calculated,True
DE,industry,2023,6,26.28,calculated,True
DE,industry,2023,7,25.88,calculated,True
DE,industry,2023,8,26.36,calculated,True
DE,industry,2023,9,27.11,calculated,True
DE,industry,2023,10,32.27,calculated,True
DE,industry,2023,11,38.49,calculated,True
DE,industry,2023,12,39.25,calculated,True
DE,industry,2024,1,45.02,calculated,True
DE,industry,2024,2,36.22,calculated,True
DE,industry,2024,3,36.69,calculated,True
DE,industry,2024,4,34.19,calculated,True
DE,industry,2024,5,30.63,calculated,True
DE,industry,2024,6,29.31,calculated,True
DE,industry,2024,7,28.16,calculated,True
DE,industry,2024,8,26.53,calculated,True
DE,industry,2024,9,29.0,calculated,True
DE,industry,2024,10,31.95,calculated,True
DE,industry,2024,11,38.58,calculated,True
DE,industry,2024,12,41.06,calculated,True
DE,industry,2025,1,45.32,calculated,True
DE,industry,2025,2,40.53,calculated,True
DE,industry,2025,3,38.73,calculated,True
DE,industry,2025,4,32.77,calculated,True
DE,industry,2025,5,31.59,calculated,True
DE,industry,2025,6,24.87,calculated,True
DE,industry,2025,7,26.13,calculated,True
DE,industry,2025,8,25.99,calculated,True
DE,industry,2025,9,28.47,calculated,True
DE,industry,2025,10,31.98,calculated,True
DE,industry,2025,11,37.95,calculated,True
DE,industry,2025,12,40.41,calculated,True
DE,industry,2026,1,47.68,calculated,True
DE,industry,2026,2,40.89,calculated,True
DE,industry,2026,3,41.42,calculated,True
AT,industry-household,2019,1,10.64,calculated,True
AT,industry-household,2019,2,7.78,calculated,True
AT,industry-household,2019,3,5.28,calculated,True
AT,industry-household,2019,4,5.55,calculated,True
AT,industry-household,2019,5,5.6,calculated,True
AT,industry-household,2019,6,3.68,calculated,True
AT,industry-household,2019,7,3.38,calculated,True
AT,industry-household,2019,8,3.62,calculated,True
AT,industry-household,2019,9,4.56,calculated,True
AT,industry-household,2019,10,5.93,calculated,True
AT,industry-household,2019,11,7.4,calculated,True
AT,industry-household,2019,12,8.79,calculated,True
AT,industry-household,2020,1,9.76,calculated,True
AT,industry-household,2020,2,7.82,calculated,True
AT,industry-household,2020,3,7.4,calculated,True
AT,industry-household,2020,4,4.97,calculated,True
AT,industry-household,2020,5,4.59,calculated,True
AT,industry-household,2020,6,3.65,calculated,True
AT,industry-household,2020,7,3.32,calculated,True
AT,industry-household,2020,8,3.35,calculated,True
AT,industry-household,2020,9,4.08,calculated,True
AT,industry-household,2020,10,6.35,calculated,True
AT,industry-household,2020,11,8.15,calculated,True
AT,industry-household,2020,12,9.08,calculated,True
AT,industry-household,2021,1,10.11,calculated,True
AT,industry-household,2021,2,8.4,calculated,True
AT,industry-household,2021,3,8.16,calculated,True
AT,industry-household,2021,4,6.78,calculated,True
AT,industry-household,2021,5,5.16,calculated,True
AT,industry-household,2021,6,3.82,calculated,True
AT,industry-household,2021,7,3.79,calculated,True
AT,industry-household,2021,8,3.87,calculated,True
AT,industry-household,2021,9,4.28,calculated,True
AT,industry-household,2021,10,6.16,calculated,True
AT,industry-household,2021,11,8.07,calculated,True
AT,industry-household,2021,12,8.82,calculated,True
AT,industry-household,2022,1,9.7,calculated,True
AT,industry-household,2022,2,7.61,calculated,True
AT,industry-household,2022,3,7.35,calculated,True
AT,industry-household,2022,4,5.78,calculated,True
AT,industry-household,2022,5,3.6,calculated,True
AT,industry-household,2022,6,3.51,calculated,True
AT,industry-household,2022,7,3.12,calculated,True
AT,industry-household,2022,8,2.91,calculated,True
AT,industry-household,2022,9,3.45,calculated,True
AT,industry-household,2022,10,4.29,calculated,True
AT,industry-household,2022,11,6.16,calculated,True
AT,industry-household,2022,12,7.4,calculated,True
AT,industry-household,2023,1,7.85,calculated,True
AT,industry-household,2023,2,6.82,calculated,True
AT,industry-household,2023,3,6.01,calculated,True
AT,industry-household,2023,4,5.54,calculated,True
AT,industry-household,2023,5,4.16,calculated,True
AT,industry-household,2023,6,3.23,calculated,True
AT,industry-household,2023,7,3.12,calculated,True
AT,industry-household,2023,8,3.15,calculated,True
AT,industry-household,2023,9,3.27,calculated,True
AT,industry-household,2023,10,4.49,calculated,True
AT,industry-household,2023,11,6.77,calculated,True
AT,industry-household,2023,12,7.75,calculated,True
AT,industry-household,2024,1,8.92,calculated,True
AT,industry-household,2024,2,6.09,calculated,True
AT,industry-household,2024,3,5.56,calculated,True
AT,industry-household,2024,4,4.67,calculated,True
AT,industry-household,2024,5,3.65,calculated,True
AT,industry-household,2024,6,3.33,calculated,True
AT,industry-household,2024,7,3.13,calculated,True
AT,industry-household,2024,8,2.93,calculated,True
AT,industry-household,2024,9,3.88,calculated,True
AT,industry-household,2024,10,4.98,calculated,True
AT,industry-household,2024,11,7.38,calculated,True
AT,industry-household,2024,12,7.99,calculated,True
AT,industry-household,2025,1,8.74,calculated,True
AT,industry-household,2025,2,7.72,calculated,True
AT,industry-household,2025,3,6.46,calculated,True
AT,industry-household,2025,4,4.73,calculated,True
AT,industry-household,2025,5,4.2,calculated,True
AT,industry-household,2025,6,3.16,calculated,True
AT,industry-household,2025,7,3.14,calculated,True
AT,industry-household,2025,8,3.01,calculated,True
AT,industry-household,2025,9,3.54,calculated,True
AT,industry-household,2025,10,5.51,calculated,True
AT,industry-household,2025,11,7.64,calculated,True
AT,industry-household,2025,12,8.27,calculated,True
AT,industry-household,2026,1,10.15,calculated,True
AT,industry-household,2026,2,7.14,calculated,True
AT,industry-household,2026,3,6.45,calculated,True
BG,industry-household,2019,1,3.65,calculated,True
BG,industry-household,2019,2,2.9,calculated,True
BG,industry-household,2019,3,2.5,calculated,True
BG,industry-household,2019,4,2.21,calculated,True
BG,industry-household,2019,5,1.84,calculated,True
BG,industry-household,2019,6,1.58,calculated,True
BG,industry-household,2019,7,1.67,calculated,True
BG,industry-household,2019,8,1.36,calculated,True
BG,industry-household,2019,9,1.43,calculated,True
BG,industry-household,2019,10,1.65,calculated,True
BG,industry-household,2019,11,2.33,calculated,True
BG,industry-household,2019,12,2.95,calculated,True
BG,industry-household,2020,1,3.27,calculated,True
BG,industry-household,2020,2,2.84,calculated,True
BG,industry-household,2020,3,2.71,calculated,True
BG,industry-household,2020,4,2.11,calculated,True
BG,industry-household,2020,5,1.71,calculated,True
BG,industry-household,2020,6,1.71,calculated,True
BG,industry-household,2020,7,1.56,calculated,True
BG,industry-household,2020,8,1.37,calculated,True
BG,industry-household,2020,9,1.51,calculated,True
BG,industry-household,2020,10,2.22,calculated,True
BG,industry-household,2020,11,2.87,calculated,True
BG,industry-household,2020,12,3.09,calculated,True
BG,industry-household,2021,1,3.49,calculated,True
BG,industry-household,2021,2,3.16,calculated,True
BG,industry-household,2021,3,3.4,calculated,True
BG,industry-household,2021,4,2.59,calculated,True
BG,industry-household,2021,5,2.2,calculated,True
BG,industry-household,2021,6,2.09,calculated,True
BG,industry-household,2021,7,2.35,calculated,True
BG,industry-household,2021,8,1.63,calculated,True
BG,industry-household,2021,9,1.56,calculated,True
BG,industry-household,2021,10,1.94,calculated,True
BG,industry-household,2021,11,2.34,calculated,True
BG,industry-household,2021,12,2.99,calculated,True
BG,industry-household,2022,1,3.18,calculated,True
BG,industry-household,2022,2,2.58,calculated,True
BG,industry-household,2022,3,2.91,calculated,True
BG,industry-household,2022,4,1.8,calculated,True
BG,industry-household,2022,5,1.74,calculated,True
BG,industry-household,2022,6,1.63,calculated,True
BG,industry-household,2022,7,1.49,calculated,True
BG,industry-household,2022,8,1.09,calculated,True
BG,industry-household,2022,9,1.13,calculated,True
BG,industry-household,2022,10,1.15,calculated,True
BG,industry-household,2022,11,1.86,calculated,True
BG,industry-household,2022,12,2.36,calculated,True
BG,industry-household,2023,1,2.24,calculated,True
BG,industry-household,2023,2,2.2,calculated,True
BG,industry-household,2023,3,2.29,calculated,True
BG,industry-household,2023,4,1.83,calculated,True
BG,industry-household,2023,5,1.29,calculated,True
BG,industry-household,2023,6,1.23,calculated,True
BG,industry-household,2023,7,1.56,calculated,True
BG,industry-household,2023,8,1.43,calculated,True
BG,industry-household,2023,9,1.54,calculated,True
BG,industry-household,2023,10,1.62,calculated,True
BG,industry-household,2023,11,2.24,calculated,True
BG,industry-household,2023,12,2.52,calculated,True
BG,industry-household,2024,1,2.55,calculated,True
BG,industry-household,2024,2,2.02,calculated,True
BG,industry-household,2024,3,2.29,calculated,True
BG,industry-household,2024,4,1.76,calculated,True
BG,industry-household,2024,5,1.75,calculated,True
BG,industry-household,2024,6,1.58,calculated,True
BG,industry-household,2024,7,1.32,calculated,True
BG,industry-household,2024,8,1.56,calculated,True
BG,industry-household,2024,9,1.64,calculated,True
BG,industry-household,2024,10,1.92,calculated,True
BG,industry-household,2024,11,2.68,calculated,True
BG,industry-household,2024,12,2.63,calculated,True
BG,industry-household,2025,1,2.63,calculated,True
BG,industry-household,2025,2,2.72,calculated,True
BG,industry-household,2025,3,2.28,calculated,True
BG,industry-household,2025,4,1.99,calculated,True
BG,industry-household,2025,5,1.61,calculated,True
BG,industry-household,2025,6,1.31,calculated,True
BG,industry-household,2025,7,1.36,calculated,True
BG,industry-household,2025,8,1.33,calculated,True
BG,industry-household,2025,9,1.61,calculated,True
BG,industry-household,2025,10,2.03,calculated,True
BG,industry-household,2025,11,2.31,calculated,True
BG,industry-household,2025,12,2.81,calculated,True
BG,industry-household,2026,1,3.19,calculated,True
BG,industry-household,2026,2,2.84,calculated,True
BG,industry-household,2026,3,2.73,calculated,True
CZ,industry-household,2019,1,12.72,calculated,True
CZ,industry-household,2019,2,9.89,calculated,True
CZ,industry-household,2019,3,8.46,calculated,True
CZ,industry-household,2019,4,5.89,calculated,True
CZ,industry-household,2019,5,5.6,calculated,True
CZ,industry-household,2019,6,3.32,calculated,True
CZ,industry-household,2019,7,3.14,calculated,True
CZ,industry-household,2019,8,3.17,calculated,True
CZ,industry-household,2019,9,4.01,calculated,True
CZ,industry-household,2019,10,6.44,calculated,True
CZ,industry-household,2019,11,8.64,calculated,True
CZ,industry-household,2019,12,10.48,calculated,True
CZ,industry-household,2020,1,11.72,calculated,True
CZ,industry-household,2020,2,9.39,calculated,True
CZ,industry-household,2020,3,8.86,calculated,True
CZ,industry-household,2020,4,5.46,calculated,True
CZ,industry-household,2020,5,4.52,calculated,True
CZ,industry-household,2020,6,3.38,calculated,True
CZ,industry-household,2020,7,3.38,calculated,True
CZ,industry-household,2020,8,3.43,calculated,True
CZ,industry-household,2020,9,4.33,calculated,True
CZ,industry-household,2020,10,7.5,calculated,True
CZ,industry-household,2020,11,9.85,calculated,True
CZ,industry-household,2020,12,11.4,calculated,True
CZ,industry-household,2021,1,12.41,calculated,True
CZ,industry-household,2021,2,11.44,calculated,True
CZ,industry-household,2021,3,10.27,calculated,True
CZ,industry-household,2021,4,7.95,calculated,True
CZ,industry-household,2021,5,5.8,calculated,True
CZ,industry-household,2021,6,3.43,calculated,True
CZ,industry-household,2021,7,3.29,calculated,True
CZ,industry-household,2021,8,3.49,calculated,True
CZ,industry-household,2021,9,3.9,calculated,True
CZ,industry-household,2021,10,6.7,calculated,True
CZ,industry-household,2021,11,9.21,calculated,True
CZ,industry-household,2021,12,10.73,calculated,True
CZ,industry-household,2022,1,10.67,calculated,True
CZ,industry-household,2022,2,11.06,calculated,True
CZ,industry-household,2022,3,8.42,calculated,True
CZ,industry-household,2022,4,6.75,calculated,True
CZ,industry-household,2022,5,3.4,calculated,True
CZ,industry-household,2022,6,2.73,calculated,True
CZ,industry-household,2022,7,2.66,calculated,True
CZ,industry-household,2022,8,2.43,calculated,True
CZ,industry-household,2022,9,3.68,calculated,True
CZ,industry-household,2022,10,5.05,calculated,True
CZ,industry-household,2022,11,7.47,calculated,True
CZ,industry-household,2022,12,9.56,calculated,True
CZ,industry-household,2023,1,9.0,calculated,True
CZ,industry-household,2023,2,8.64,calculated,True
CZ,industry-household,2023,3,7.7,calculated,True
CZ,industry-household,2023,4,6.22,calculated,True
CZ,industry-household,2023,5,3.86,calculated,True
CZ,industry-household,2023,6,2.91,calculated,True
CZ,industry-household,2023,7,2.59,calculated,True
CZ,industry-household,2023,8,2.69,calculated,True
CZ,industry-household,2023,9,2.89,calculated,True
CZ,industry-household,2023,10,4.67,calculated,True
CZ,industry-household,2023,11,7.59,calculated,True
CZ,industry-household,2023,12,9.03,calculated,True
CZ,industry-household,2024,1,10.6,calculated,True
CZ,industry-household,2024,2,7.26,calculated,True
CZ,industry-household,2024,3,6.69,calculated,True
CZ,industry-household,2024,4,4.7,calculated,True
CZ,industry-household,2024,5,3.09,calculated,True
CZ,industry-household,2024,6,2.88,calculated,True
CZ,industry-household,2024,7,2.63,calculated,True
CZ,industry-household,2024,8,2.68,calculated,True
CZ,industry-household,2024,9,3.29,calculated,True
CZ,industry-household,2024,10,5.62,calculated,True
CZ,industry-household,2024,11,8.43,calculated,True
CZ,industry-household,2024,12,9.55,calculated,True
CZ,industry-household,2025,1,10.58,calculated,True
CZ,industry-household,2025,2,9.65,calculated,True
CZ,industry-household,2025,3,7.4,calculated,True
CZ,industry-household,2025,4,4.92,calculated,True
CZ,industry-household,2025,5,4.25,calculated,True
CZ,industry-household,2025,6,2.8,calculated,True
CZ,industry-household,2025,7,2.64,calculated,True
CZ,industry-household,2025,8,2.65,calculated,True
CZ,industry-household,2025,9,3.35,calculated,True
CZ,industry-household,2025,10,6.46,calculated,True
CZ,industry-household,2025,11,8.38,calculated,True
CZ,industry-household,2025,12,9.31,calculated,True
CZ,industry-household,2026,1,11.87,calculated,True
CZ,industry-household,2026,2,8.93,calculated,True
CZ,industry-household,2026,3,4.02,calculated,True
DK,industry-household,2019,1,3.34,calculated,True
DK,industry-household,2019,2,2.5,calculated,True
DK,industry-household,2019,3,2.46,calculated,True
DK,industry-household,2019,4,1.76,calculated,True
DK,industry-household,2019,5,1.65,calculated,True
DK,industry-household,2019,6,1.11,calculated,True
DK,industry-household,2019,7,1.02,calculated,True
DK,industry-household,2019,8,1.19,calculated,True
DK,industry-household,2019,9,1.37,calculated,True
DK,industry-household,2019,10,2.16,calculated,True
DK,industry-household,2019,11,2.57,calculated,True
DK,industry-household,2019,12,2.56,calculated,True
DK,industry-household,2020,1,2.52,calculated,True
DK,industry-household,2020,2,2.61,calculated,True
DK,industry-household,2020,3,2.46,calculated,True
DK,industry-household,2020,4,1.85,calculated,True
DK,industry-household,2020,5,1.48,calculated,True
DK,industry-household,2020,6,1.3,calculated,True
DK,industry-household,2020,7,1.06,calculated,True
DK,industry-household,2020,8,1.04,calculated,True
DK,industry-household,2020,9,1.34,calculated,True
DK,industry-household,2020,10,1.84,calculated,True
DK,industry-household,2020,11,2.3,calculated,True
DK,industry-household,2020,12,2.74,calculated,True
DK,industry-household,2021,1,3.18,calculated,True
DK,industry-household,2021,2,3.11,calculated,True
DK,industry-household,2021,3,2.48,calculated,True
DK,industry-household,2021,4,1.93,calculated,True
DK,industry-household,2021,5,1.48,calculated,True
DK,industry-household,2021,6,1.05,calculated,True
DK,industry-household,2021,7,0.82,calculated,True
DK,industry-household,2021,8,1.11,calculated,True
DK,industry-household,2021,9,1.21,calculated,True
DK,industry-household,2021,10,1.52,calculated,True
DK,industry-household,2021,11,1.97,calculated,True
DK,industry-household,2021,12,2.66,calculated,True
DK,industry-household,2022,1,2.38,calculated,True
DK,industry-household,2022,2,2.07,calculated,True
DK,industry-household,2022,3,2.04,calculated,True
DK,industry-household,2022,4,1.47,calculated,True
DK,industry-household,2022,5,1.04,calculated,True
DK,industry-household,2022,6,0.91,calculated,True
DK,industry-household,2022,7,0.65,calculated,True
DK,industry-household,2022,8,0.69,calculated,True
DK,industry-household,2022,9,0.8,calculated,True
DK,industry-household,2022,10,0.97,calculated,True
DK,industry-household,2022,11,1.4,calculated,True
DK,industry-household,2022,12,2.09,calculated,True
DK,industry-household,2023,1,1.97,calculated,True
DK,industry-household,2023,2,1.81,calculated,True
DK,industry-household,2023,3,1.83,calculated,True
DK,industry-household,2023,4,1.27,calculated,True
DK,industry-household,2023,5,0.97,calculated,True
DK,industry-household,2023,6,0.91,calculated,True
DK,industry-household,2023,7,0.8,calculated,True
DK,industry-household,2023,8,1.04,calculated,True
DK,industry-household,2023,9,0.89,calculated,True
DK,industry-household,2023,10,1.42,calculated,True
DK,industry-household,2023,11,1.97,calculated,True
DK,industry-household,2023,12,2.01,calculated,True
DK,industry-household,2024,1,2.86,calculated,True
DK,industry-household,2024,2,1.77,calculated,True
DK,industry-household,2024,3,1.72,calculated,True
DK,industry-household,2024,4,1.53,calculated,True
DK,industry-household,2024,5,0.92,calculated,True
DK,industry-household,2024,6,0.96,calculated,True
DK,industry-household,2024,7,0.65,calculated,True
DK,industry-household,2024,8,0.8,calculated,True
DK,industry-household,2024,9,0.99,calculated,True
DK,industry-household,2024,10,1.39,calculated,True
DK,industry-household,2024,11,1.88,calculated,True
DK,industry-household,2024,12,2.05,calculated,True
DK,industry-household,2025,1,2.59,calculated,True
DK,industry-household,2025,2,2.29,calculated,True
DK,industry-household,2025,3,1.64,calculated,True
DK,industry-household,2025,4,1.12,calculated,True
DK,industry-household,2025,5,0.98,calculated,True
DK,industry-household,2025,6,0.94,calculated,True
DK,industry-household,2025,7,0.71,calculated,True
DK,industry-household,2025,8,0.74,calculated,True
DK,industry-household,2025,9,1.08,calculated,True
DK,industry-household,2025,10,1.55,calculated,True
DK,industry-household,2025,11,1.87,calculated,True
DK,industry-household,2025,12,1.8,calculated,True
DK,industry-household,2026,1,3.46,calculated,True
DK,industry-household,2026,2,3.27,calculated,True
DK,industry-household,2026,3,1.76,calculated,True
EE,industry-household,2019,1,0.79,calculated,True
EE,industry-household,2019,2,0.57,calculated,True
EE,industry-household,2019,3,0.56,calculated,True
EE,industry-household,2019,4,0.35,calculated,True
EE,industry-household,2019,5,0.27,calculated,True
EE,industry-household,2019,6,0.17,calculated,True
EE,industry-household,2019,7,0.19,calculated,True
EE,industry-household,2019,8,0.2,calculated,True
EE,industry-household,2019,9,0.24,calculated,True
EE,industry-household,2019,10,0.37,calculated,True
EE,industry-household,2019,11,0.47,calculated,True
EE,industry-household,2019,12,0.56,calculated,True
EE,industry-household,2020,1,0.54,calculated,True
EE,industry-household,2020,2,0.5,calculated,True
EE,industry-household,2020,3,0.5,calculated,True
EE,industry-household,2020,4,0.39,calculated,True
EE,industry-household,2020,5,0.28,calculated,True
EE,industry-household,2020,6,0.18,calculated,True
EE,industry-household,2020,7,0.19,calculated,True
EE,industry-household,2020,8,0.21,calculated,True
EE,industry-household,2020,9,0.23,calculated,True
EE,industry-household,2020,10,0.31,calculated,True
EE,industry-household,2020,11,0.43,calculated,True
EE,industry-household,2020,12,0.61,calculated,True
EE,industry-household,2021,1,0.7,calculated,True
EE,industry-household,2021,2,0.75,calculated,True
EE,industry-household,2021,3,0.57,calculated,True
EE,industry-household,2021,4,0.39,calculated,True
EE,industry-household,2021,5,0.28,calculated,True
EE,industry-household,2021,6,0.17,calculated,True
EE,industry-household,2021,7,0.16,calculated,True
EE,industry-household,2021,8,0.21,calculated,True
EE,industry-household,2021,9,0.27,calculated,True
EE,industry-household,2021,10,0.32,calculated,True
EE,industry-household,2021,11,0.45,calculated,True
EE,industry-household,2021,12,0.76,calculated,True
EE,industry-household,2022,1,0.65,calculated,True
EE,industry-household,2022,2,0.52,calculated,True
EE,industry-household,2022,3,0.49,calculated,True
EE,industry-household,2022,4,0.32,calculated,True
EE,industry-household,2022,5,0.22,calculated,True
EE,industry-household,2022,6,0.15,calculated,True
EE,industry-household,2022,7,0.13,calculated,True
EE,industry-household,2022,8,0.13,calculated,True
EE,industry-household,2022,9,0.16,calculated,True
EE,industry-household,2022,10,0.19,calculated,True
EE,industry-household,2022,11,0.31,calculated,True
EE,industry-household,2022,12,0.44,calculated,True
EE,industry-household,2023,1,0.41,calculated,True
EE,industry-household,2023,2,0.36,calculated,True
EE,industry-household,2023,3,0.4,calculated,True
EE,industry-household,2023,4,0.25,calculated,True
EE,industry-household,2023,5,0.17,calculated,True
EE,industry-household,2023,6,0.13,calculated,True
EE,industry-household,2023,7,0.12,calculated,True
EE,industry-household,2023,8,0.13,calculated,True
EE,industry-household,2023,9,0.12,calculated,True
EE,industry-household,2023,10,0.31,calculated,True
EE,industry-household,2023,11,0.39,calculated,True
EE,industry-household,2023,12,0.54,calculated,True
EE,industry-household,2024,1,0.73,calculated,True
EE,industry-household,2024,2,0.47,calculated,True
EE,industry-household,2024,3,0.35,calculated,True
EE,industry-household,2024,4,0.34,calculated,True
EE,industry-household,2024,5,0.17,calculated,True
EE,industry-household,2024,6,0.12,calculated,True
EE,industry-household,2024,7,0.12,calculated,True
EE,industry-household,2024,8,0.12,calculated,True
EE,industry-household,2024,9,0.13,calculated,True
EE,industry-household,2024,10,0.24,calculated,True
EE,industry-household,2024,11,0.35,calculated,True
EE,industry-household,2024,12,0.48,calculated,True
EE,industry-household,2025,1,0.44,calculated,True
EE,industry-household,2025,2,0.47,calculated,True
EE,industry-household,2025,3,0.33,calculated,True
EE,industry-household,2025,4,0.25,calculated,True
EE,industry-household,2025,5,0.2,calculated,True
EE,industry-household,2025,6,0.13,calculated,True
EE,industry-household,2025,7,0.12,calculated,True
EE,industry-household,2025,8,0.14,calculated,True
EE,industry-household,2025,9,0.15,calculated,True
EE,industry-household,2025,10,0.25,calculated,True
EE,industry-household,2025,11,0.36,calculated,True
EE,industry-household,2025,12,0.43,calculated,True
EE,industry-household,2026,1,0.73,calculated,True
EE,industry-household,2026,2,0.65,calculated,True
EE,industry-household,2026,3,0.31,calculated,True
ES,industry-household,2019,1,33.35,calculated,True
ES,industry-household,2019,2,27.26,calculated,True
ES,industry-household,2019,3,26.21,calculated,True
ES,industry-household,2019,4,24.26,calculated,True
ES,industry-household,2019,5,21.67,calculated,True
ES,industry-household,2019,6,19.63,calculated,True
ES,industry-household,2019,7,19.62,calculated,True
ES,industry-household,2019,8,17.93,calculated,True
ES,industry-household,2019,9,19.56,calculated,True
ES,industry-household,2019,10,21.77,calculated,True
ES,industry-household,2019,11,27.34,calculated,True
ES,industry-household,2019,12,28.27,calculated,True
ES,industry-household,2020,1,32.34,calculated,True
ES,industry-household,2020,2,26.33,calculated,True
ES,industry-household,2020,3,25.85,calculated,True
ES,industry-household,2020,4,18.94,calculated,True
ES,industry-household,2020,5,17.44,calculated,True
ES,industry-household,2020,6,17.81,calculated,True
ES,industry-household,2020,7,18.54,calculated,True
ES,industry-household,2020,8,17.39,calculated,True
ES,industry-household,2020,9,19.26,calculated,True
ES,industry-household,2020,10,22.36,calculated,True
ES,industry-household,2020,11,25.06,calculated,True
ES,industry-household,2020,12,29.66,calculated,True
ES,industry-household,2021,1,33.16,calculated,True
ES,industry-household,2021,2,25.21,calculated,True
ES,industry-household,2021,3,27.79,calculated,True
ES,industry-household,2021,4,24.22,calculated,True
ES,industry-household,2021,5,21.98,calculated,True
ES,industry-household,2021,6,20.07,calculated,True
ES,industry-household,2021,7,20.23,calculated,True
ES,industry-household,2021,8,18.8,calculated,True
ES,industry-household,2021,9,20.08,calculated,True
ES,industry-household,2021,10,20.83,calculated,True
ES,industry-household,2021,11,27.23,calculated,True
ES,industry-household,2021,12,28.45,calculated,True
ES,industry-household,2022,1,30.23,calculated,True
ES,industry-household,2022,2,25.38,calculated,True
ES,industry-household,2022,3,26.44,calculated,True
ES,industry-household,2022,4,20.49,calculated,True
ES,industry-household,2022,5,18.22,calculated,True
ES,industry-household,2022,6,16.02,calculated,True
ES,industry-household,2022,7,13.98,calculated,True
ES,industry-household,2022,8,11.73,calculated,True
ES,industry-household,2022,9,12.41,calculated,True
ES,industry-household,2022,10,13.41,calculated,True
ES,industry-household,2022,11,18.51,calculated,True
ES,industry-household,2022,12,19.23,calculated,True
ES,industry-household,2023,1,23.91,calculated,True
ES,industry-household,2023,2,24.52,calculated,True
ES,industry-household,2023,3,22.31,calculated,True
ES,industry-household,2023,4,17.76,calculated,True
ES,industry-household,2023,5,17.6,calculated,True
ES,industry-household,2023,6,16.69,calculated,True
ES,industry-household,2023,7,15.78,calculated,True
ES,industry-household,2023,8,14.61,calculated,True
ES,industry-household,2023,9,16.33,calculated,True
ES,industry-household,2023,10,16.77,calculated,True
ES,industry-household,2023,11,19.97,calculated,True
ES,industry-household,2023,12,23.77,calculated,True
ES,industry-household,2024,1,26.74,calculated,True
ES,industry-household,2024,2,23.37,calculated,True
ES,industry-household,2024,3,22.02,calculated,True
ES,industry-household,2024,4,18.11,calculated,True
ES,industry-household,2024,5,18.18,calculated,True
ES,industry-household,2024,6,16.49,calculated,True
ES,industry-household,2024,7,16.6,calculated,True
ES,industry-household,2024,8,15.17,calculated,True
ES,industry-household,2024,9,16.64,calculated,True
ES,industry-household,2024,10,18.09,calculated,True
ES,industry-household,2024,11,21.11,calculated,True
ES,industry-household,2024,12,24.68,calculated,True
ES,industry-household,2025,1,23.94,calculated,True
ES,industry-household,2025,2,19.61,calculated,True
ES,industry-household,2025,3,21.89,calculated,True
ES,industry-household,2025,4,17.94,calculated,True
ES,industry-household,2025,5,18.0,calculated,True
ES,industry-household,2025,6,16.68,calculated,True
ES,industry-household,2025,7,17.34,calculated,True
ES,industry-household,2025,8,15.97,calculated,True
ES,industry-household,2025,9,17.41,calculated,True
ES,industry-household,2025,10,19.12,calculated,True
ES,industry-household,2025,11,21.73,calculated,True
ES,industry-household,2025,12,22.12,calculated,True
ES,industry-household,2026,1,18.16,calculated,True
ES,industry-household,2026,2,13.27,calculated,True
ES,industry-household,2026,3,22.52,calculated,True
FI,industry-household,2019,1,2.65,calculated,True
FI,industry-household,2019,2,1.83,calculated,True
FI,industry-household,2019,3,1.82,calculated,True
FI,industry-household,2019,4,1.64,calculated,True
FI,industry-household,2019,5,1.17,calculated,True
FI,industry-household,2019,6,1.33,calculated,True
FI,industry-household,2019,7,1.3,calculated,True
FI,industry-household,2019,8,1.23,calculated,True
FI,industry-household,2019,9,1.16,calculated,True
FI,industry-household,2019,10,1.39,calculated,True
FI,industry-household,2019,11,1.35,calculated,True
FI,industry-household,2019,12,1.54,calculated,True
FI,industry-household,2020,1,1.71,calculated,True
FI,industry-household,2020,2,1.6,calculated,True
FI,industry-household,2020,3,1.71,calculated,True
FI,industry-household,2020,4,1.36,calculated,True
FI,industry-household,2020,5,1.13,calculated,True
FI,industry-household,2020,6,1.28,calculated,True
FI,industry-household,2020,7,1.32,calculated,True
FI,industry-household,2020,8,1.29,calculated,True
FI,industry-household,2020,9,1.44,calculated,True
FI,industry-household,2020,10,1.3,calculated,True
FI,industry-household,2020,11,1.59,calculated,True
FI,industry-household,2020,12,1.76,calculated,True
FI,industry-household,2021,1,2.55,calculated,True
FI,industry-household,2021,2,2.62,calculated,True
FI,industry-household,2021,3,1.73,calculated,True
FI,industry-household,2021,4,1.69,calculated,True
FI,industry-household,2021,5,0.61,calculated,True
FI,industry-household,2021,6,0.89,calculated,True
FI,industry-household,2021,7,1.24,calculated,True
FI,industry-household,2021,8,1.11,calculated,True
FI,industry-household,2021,9,1.41,calculated,True
FI,industry-household,2021,10,1.15,calculated,True
FI,industry-household,2021,11,0.69,calculated,True
FI,industry-household,2021,12,1.74,calculated,True
FI,industry-household,2022,1,1.45,calculated,True
FI,industry-household,2022,2,1.25,calculated,True
FI,industry-household,2022,3,1.38,calculated,True
FI,industry-household,2022,4,0.8,calculated,True
FI,industry-household,2022,5,0.82,calculated,True
FI,industry-household,2022,6,0.75,calculated,True
FI,industry-household,2022,7,0.61,calculated,True
FI,industry-household,2022,8,0.84,calculated,True
FI,industry-household,2022,9,0.62,calculated,True
FI,industry-household,2022,10,0.47,calculated,True
FI,industry-household,2022,11,0.46,calculated,True
FI,industry-household,2022,12,0.58,calculated,True
FI,industry-household,2023,1,1.06,calculated,True
FI,industry-household,2023,2,1.13,calculated,True
FI,industry-household,2023,3,1.09,calculated,True
FI,industry-household,2023,4,0.5,calculated,True
FI,industry-household,2023,5,1.23,calculated,True
FI,industry-household,2023,6,0.84,calculated,True
FI,industry-household,2023,7,0.97,calculated,True
FI,industry-household,2023,8,1.18,calculated,True
FI,industry-household,2023,9,1.02,calculated,True
FI,industry-household,2023,10,2.99,calculated,True
FI,industry-household,2023,11,1.39,calculated,True
FI,industry-household,2023,12,1.62,calculated,True
FI,industry-household,2024,1,1.97,calculated,True
FI,industry-household,2024,2,1.77,calculated,True
FI,industry-household,2024,3,1.42,calculated,True
FI,industry-household,2024,4,1.02,calculated,True
FI,industry-household,2024,5,1.02,calculated,True
FI,industry-household,2024,6,1.29,calculated,True
FI,industry-household,2024,7,1.33,calculated,True
FI,industry-household,2024,8,1.02,calculated,True
FI,industry-household,2024,9,1.33,calculated,True
FI,industry-household,2024,10,1.44,calculated,True
FI,industry-household,2024,11,0.97,calculated,True
FI,industry-household,2024,12,1.64,calculated,True
FI,industry-household,2025,1,1.4,calculated,True
FI,industry-household,2025,2,1.3,calculated,True
FI,industry-household,2025,3,1.53,calculated,True
FI,industry-household,2025,4,1.33,calculated,True
FI,industry-household,2025,5,1.26,calculated,True
FI,industry-household,2025,6,0.9,calculated,True
FI,industry-household,2025,7,1.18,calculated,True
FI,industry-household,2025,8,0.94,calculated,True
FI,industry-household,2025,9,0.62,calculated,True
FI,industry-household,2025,10,1.0,calculated,True
FI,industry-household,2025,11,1.07,calculated,True
FI,industry-household,2025,12,1.19,calculated,True
FI,industry-household,2026,1,-0.23,calculated,True
FI,industry-household,2026,2,1.49,calculated,True
FI,industry-household,2026,3,0.96,calculated,True
GR,industry-household,2019,1,3.14,calculated,True
GR,industry-household,2019,2,2.59,calculated,True
GR,industry-household,2019,3,2.24,calculated,True
GR,industry-household,2019,4,1.86,calculated,True
GR,industry-household,2019,5,1.53,calculated,True
GR,industry-household,2019,6,1.38,calculated,True
GR,industry-household,2019,7,1.55,calculated,True
GR,industry-household,2019,8,1.36,calculated,True
GR,industry-household,2019,9,1.45,calculated,True
GR,industry-household,2019,10,1.41,calculated,True
GR,industry-household,2019,11,1.89,calculated,True
GR,industry-household,2019,12,2.7,calculated,True
GR,industry-household,2020,1,3.19,calculated,True
GR,industry-household,2020,2,2.71,calculated,True
GR,industry-household,2020,3,2.54,calculated,True
GR,industry-household,2020,4,1.79,calculated,True
GR,industry-household,2020,5,1.41,calculated,True
GR,industry-household,2020,6,1.87,calculated,True
GR,industry-household,2020,7,1.76,calculated,True
GR,industry-household,2020,8,1.68,calculated,True
GR,industry-household,2020,9,1.67,calculated,True
GR,industry-household,2020,10,1.75,calculated,True
GR,industry-household,2020,11,2.55,calculated,True
GR,industry-household,2020,12,2.91,calculated,True
GR,industry-household,2021,1,3.44,calculated,True
GR,industry-household,2021,2,3.05,calculated,True
GR,industry-household,2021,3,3.07,calculated,True
GR,industry-household,2021,4,2.55,calculated,True
GR,industry-household,2021,5,1.78,calculated,True
GR,industry-household,2021,6,1.77,calculated,True
GR,industry-household,2021,7,1.71,calculated,True
GR,industry-household,2021,8,1.63,calculated,True
GR,industry-household,2021,9,1.53,calculated,True
GR,industry-household,2021,10,1.42,calculated,True
GR,industry-household,2021,11,1.76,calculated,True
GR,industry-household,2021,12,2.58,calculated,True
GR,industry-household,2022,1,3.02,calculated,True
GR,industry-household,2022,2,2.36,calculated,True
GR,industry-household,2022,3,2.66,calculated,True
GR,industry-household,2022,4,1.43,calculated,True
GR,industry-household,2022,5,1.21,calculated,True
GR,industry-household,2022,6,1.19,calculated,True
GR,industry-household,2022,7,1.1,calculated,True
GR,industry-household,2022,8,0.89,calculated,True
GR,industry-household,2022,9,0.85,calculated,True
GR,industry-household,2022,10,0.94,calculated,True
GR,industry-household,2022,11,1.33,calculated,True
GR,industry-household,2022,12,1.87,calculated,True
GR,industry-household,2023,1,2.18,calculated,True
GR,industry-household,2023,2,2.36,calculated,True
GR,industry-household,2023,3,1.92,calculated,True
GR,industry-household,2023,4,1.56,calculated,True
GR,industry-household,2023,5,1.3,calculated,True
GR,industry-household,2023,6,1.33,calculated,True
GR,industry-household,2023,7,1.33,calculated,True
GR,industry-household,2023,8,1.23,calculated,True
GR,industry-household,2023,9,1.32,calculated,True
GR,industry-household,2023,10,1.55,calculated,True
GR,industry-household,2023,11,1.65,calculated,True
GR,industry-household,2023,12,2.37,calculated,True
GR,industry-household,2024,1,3.15,calculated,True
GR,industry-household,2024,2,2.5,calculated,True
GR,industry-household,2024,3,2.39,calculated,True
GR,industry-household,2024,4,1.77,calculated,True
GR,industry-household,2024,5,1.66,calculated,True
GR,industry-household,2024,6,1.38,calculated,True
GR,industry-household,2024,7,1.48,calculated,True
GR,industry-household,2024,8,1.41,calculated,True
GR,industry-household,2024,9,1.51,calculated,True
GR,industry-household,2024,10,1.87,calculated,True
GR,industry-household,2024,11,2.43,calculated,True
GR,industry-household,2024,12,2.84,calculated,True
GR,industry-household,2025,1,3.17,calculated,True
GR,industry-household,2025,2,3.12,calculated,True
GR,industry-household,2025,3,2.53,calculated,True
GR,industry-household,2025,4,2.2,calculated,True
GR,industry-household,2025,5,2.64,calculated,True
GR,industry-household,2025,6,1.55,calculated,True
GR,industry-household,2025,7,1.53,calculated,True
GR,industry-household,2025,8,1.38,calculated,True
GR,industry-household,2025,9,1.52,calculated,True
GR,industry-household,2025,10,2.03,calculated,True
GR,industry-household,2025,11,2.05,calculated,True
GR,industry-household,2025,12,2.87,calculated,True
HR,industry-household,2019,1,3.41,calculated,True
HR,industry-household,2019,2,2.6,calculated,True
HR,industry-household,2019,3,2.17,calculated,True
HR,industry-household,2019,4,1.82,calculated,True
HR,industry-household,2019,5,1.89,calculated,True
HR,industry-household,2019,6,1.31,calculated,True
HR,industry-household,2019,7,1.36,calculated,True
HR,industry-household,2019,8,1.36,calculated,True
HR,industry-household,2019,9,1.4,calculated,True
HR,industry-household,2019,10,2.02,calculated,True
HR,industry-household,2019,11,2.52,calculated,True
HR,industry-household,2019,12,3.07,calculated,True
HR,industry-household,2020,1,3.41,calculated,True
HR,industry-household,2020,2,2.56,calculated,True
HR,industry-household,2020,3,2.59,calculated,True
HR,industry-household,2020,4,1.8,calculated,True
HR,industry-household,2020,5,1.48,calculated,True
HR,industry-household,2020,6,1.39,calculated,True
HR,industry-household,2020,7,1.42,calculated,True
HR,industry-household,2020,8,1.37,calculated,True
HR,industry-household,2020,9,1.53,calculated,True
HR,industry-household,2020,10,2.2,calculated,True
HR,industry-household,2020,11,2.84,calculated,True
HR,industry-household,2020,12,3.0,calculated,True
HR,industry-household,2021,1,2.64,calculated,True
HR,industry-household,2021,2,2.59,calculated,True
HR,industry-household,2021,3,2.86,calculated,True
HR,industry-household,2021,4,2.42,calculated,True
HR,industry-household,2021,5,1.68,calculated,True
HR,industry-household,2021,6,1.08,calculated,True
HR,industry-household,2021,7,1.37,calculated,True
HR,industry-household,2021,8,1.35,calculated,True
HR,industry-household,2021,9,1.29,calculated,True
HR,industry-household,2021,10,1.85,calculated,True
HR,industry-household,2021,11,2.59,calculated,True
HR,industry-household,2021,12,2.56,calculated,True
HR,industry-household,2022,1,2.88,calculated,True
HR,industry-household,2022,2,2.48,calculated,True
HR,industry-household,2022,3,2.18,calculated,True
HR,industry-household,2022,4,1.53,calculated,True
HR,industry-household,2022,5,0.91,calculated,True
HR,industry-household,2022,6,0.76,calculated,True
HR,industry-household,2022,7,0.82,calculated,True
HR,industry-household,2022,8,0.76,calculated,True
HR,industry-household,2022,9,0.83,calculated,True
HR,industry-household,2022,10,1.11,calculated,True
HR,industry-household,2022,11,1.69,calculated,True
HR,industry-household,2022,12,2.1,calculated,True
HR,industry-household,2023,1,2.13,calculated,True
HR,industry-household,2023,2,2.07,calculated,True
HR,industry-household,2023,3,1.77,calculated,True
HR,industry-household,2023,4,1.48,calculated,True
HR,industry-household,2023,5,1.1,calculated,True
HR,industry-household,2023,6,0.83,calculated,True
HR,industry-household,2023,7,1.08,calculated,True
HR,industry-household,2023,8,1.14,calculated,True
HR,industry-household,2023,9,1.19,calculated,True
HR,industry-household,2023,10,1.58,calculated,True
HR,industry-household,2023,11,2.56,calculated,True
HR,industry-household,2023,12,2.34,calculated,True
HR,industry-household,2024,1,2.59,calculated,True
HR,industry-household,2024,2,1.72,calculated,True
HR,industry-household,2024,3,1.57,calculated,True
HR,industry-household,2024,4,1.2,calculated,True
HR,industry-household,2024,5,0.95,calculated,True
HR,industry-household,2024,6,0.76,calculated,True
HR,industry-household,2024,7,0.8,calculated,True
HR,industry-household,2024,8,0.95,calculated,True
HR,industry-household,2024,9,1.51,calculated,True
HR,industry-household,2024,10,1.95,calculated,True
HR,industry-household,2024,11,2.42,calculated,True
HR,industry-household,2024,12,2.66,calculated,True
HR,industry-household,2025,1,2.62,calculated,True
HR,industry-household,2025,2,2.42,calculated,True
HR,industry-household,2025,3,2.14,calculated,True
HR,industry-household,2025,4,1.89,calculated,True
HR,industry-household,2025,5,1.16,calculated,True
HR,industry-household,2025,6,0.69,calculated,True
HR,industry-household,2025,7,1.23,calculated,True
HR,industry-household,2025,8,1.22,calculated,True
HR,industry-household,2025,9,1.29,calculated,True
HR,industry-household,2025,10,2.14,calculated,True
HR,industry-household,2025,11,2.65,calculated,True
HR,industry-household,2025,12,3.19,calculated,True
HR,industry-household,2026,1,3.54,calculated,True
HR,industry-household,2026,2,2.41,calculated,True
HR,industry-household,2026,3,2.32,calculated,True
LT,industry-household,2019,1,2.98,calculated,True
LT,industry-household,2019,2,2.23,calculated,True
LT,industry-household,2019,3,2.22,calculated,True
LT,industry-household,2019,4,2.1,calculated,True
LT,industry-household,2019,5,1.34,calculated,True
LT,industry-household,2019,6,1.72,calculated,True
LT,industry-household,2019,7,1.18,calculated,True
LT,industry-household,2019,8,1.03,calculated,True
LT,industry-household,2019,9,1.48,calculated,True
LT,industry-household,2019,10,2.05,calculated,True
LT,industry-household,2019,11,2.32,calculated,True
LT,industry-household,2019,12,2.49,calculated,True
LT,industry-household,2020,1,2.69,calculated,True
LT,industry-household,2020,2,2.36,calculated,True
LT,industry-household,2020,3,1.77,calculated,True
LT,industry-household,2020,4,2.26,calculated,True
LT,industry-household,2020,5,2.33,calculated,True
LT,industry-household,2020,6,1.49,calculated,True
LT,industry-household,2020,7,1.57,calculated,True
LT,industry-household,2020,8,1.15,calculated,True
LT,industry-household,2020,9,1.13,calculated,True
LT,industry-household,2020,10,1.81,calculated,True
LT,industry-household,2020,11,2.14,calculated,True
LT,industry-household,2020,12,2.45,calculated,True
LT,industry-household,2021,1,3.22,calculated,True
LT,industry-household,2021,2,2.7,calculated,True
LT,industry-household,2021,3,2.23,calculated,True
LT,industry-household,2021,4,2.15,calculated,True
LT,industry-household,2021,5,2.06,calculated,True
LT,industry-household,2021,6,1.29,calculated,True
LT,industry-household,2021,7,1.28,calculated,True
LT,industry-household,2021,8,1.04,calculated,True
LT,industry-household,2021,9,0.93,calculated,True
LT,industry-household,2021,10,1.63,calculated,True
LT,industry-household,2021,11,1.66,calculated,True
LT,industry-household,2021,12,2.35,calculated,True
LT,industry-household,2022,1,2.08,calculated,True
LT,industry-household,2022,2,1.67,calculated,True
LT,industry-household,2022,3,1.99,calculated,True
LT,industry-household,2022,4,1.6,calculated,True
LT,industry-household,2022,5,1.49,calculated,True
LT,industry-household,2022,6,1.46,calculated,True
LT,industry-household,2022,7,0.93,calculated,True
LT,industry-household,2022,8,0.54,calculated,True
LT,industry-household,2022,9,0.97,calculated,True
LT,industry-household,2022,10,0.96,calculated,True
LT,industry-household,2022,11,1.1,calculated,True
LT,industry-household,2022,12,2.08,calculated,True
LT,industry-household,2023,1,1.3,calculated,True
LT,industry-household,2023,2,1.04,calculated,True
LT,industry-household,2023,3,1.68,calculated,True
LT,industry-household,2023,4,1.28,calculated,True
LT,industry-household,2023,5,1.13,calculated,True
LT,industry-household,2023,6,0.98,calculated,True
LT,industry-household,2023,7,1.01,calculated,True
LT,industry-household,2023,8,1.08,calculated,True
LT,industry-household,2023,9,1.21,calculated,True
LT,industry-household,2023,10,1.7,calculated,True
LT,industry-household,2023,11,1.6,calculated,True
LT,industry-household,2023,12,1.98,calculated,True
LT,industry-household,2024,1,2.02,calculated,True
LT,industry-household,2024,2,1.66,calculated,True
LT,industry-household,2024,3,1.6,calculated,True
LT,industry-household,2024,4,2.03,calculated,True
LT,industry-household,2024,5,0.98,calculated,True
LT,industry-household,2024,6,0.86,calculated,True
LT,industry-household,2024,7,0.88,calculated,True
LT,industry-household,2024,8,0.88,calculated,True
LT,industry-household,2024,9,0.94,calculated,True
LT,industry-household,2024,10,1.54,calculated,True
LT,industry-household,2024,11,2.01,calculated,True
LT,industry-household,2024,12,1.81,calculated,True
LT,industry-household,2025,1,1.84,calculated,True
LT,industry-household,2025,2,1.85,calculated,True
LT,industry-household,2025,3,1.42,calculated,True
LT,industry-household,2025,4,1.39,calculated,True
LT,industry-household,2025,5,1.25,calculated,True
LT,industry-household,2025,6,0.92,calculated,True
LT,industry-household,2025,7,0.36,calculated,True
LT,industry-household,2025,8,0.83,calculated,True
LT,industry-household,2025,9,1.17,calculated,True
LT,industry-household,2025,10,1.26,calculated,True
LT,industry-household,2025,11,1.67,calculated,True
LT,industry-household,2025,12,1.95,calculated,True
LT,industry-household,2026,1,2.66,calculated,True
LT,industry-household,2026,2,2.22,calculated,True
LT,industry-household,2026,3,1.44,calculated,True
LV,industry-household,2020,1,1.07,calculated,True
LV,industry-household,2020,2,1.04,calculated,True
LV,industry-household,2020,3,1.02,calculated,True
LV,industry-household,2020,4,0.75,calculated,True
LV,industry-household,2020,5,0.46,calculated,True
LV,industry-household,2020,6,0.27,calculated,True
LV,industry-household,2020,7,0.3,calculated,True
LV,industry-household,2020,8,0.33,calculated,True
LV,industry-household,2020,9,0.37,calculated,True
LV,industry-household,2020,10,0.6,calculated,True
LV,industry-household,2020,11,0.82,calculated,True
LV,industry-household,2020,12,1.16,calculated,True
LV,industry-household,2021,1,1.33,calculated,True
LV,industry-household,2021,2,1.31,calculated,True
LV,industry-household,2021,3,1.07,calculated,True
LV,industry-household,2021,4,0.77,calculated,True
LV,industry-household,2021,5,0.45,calculated,True
LV,industry-household,2021,6,0.25,calculated,True
LV,industry-household,2021,7,0.25,calculated,True
LV,industry-household,2021,8,0.28,calculated,True
LV,industry-household,2021,9,0.4,calculated,True
LV,industry-household,2021,10,0.61,calculated,True
LV,industry-household,2021,11,0.84,calculated,True
LV,industry-household,2021,12,1.31,calculated,True
LV,industry-household,2022,1,1.16,calculated,True
LV,industry-household,2022,2,1.01,calculated,True
LV,industry-household,2022,3,0.97,calculated,True
LV,industry-household,2022,4,0.66,calculated,True
LV,industry-household,2022,5,0.29,calculated,True
LV,industry-household,2022,6,0.19,calculated,True
LV,industry-household,2022,7,0.18,calculated,True
LV,industry-household,2022,8,0.2,calculated,True
LV,industry-household,2022,9,0.21,calculated,True
LV,industry-household,2022,10,0.27,calculated,True
LV,industry-household,2022,11,0.58,calculated,True
LV,industry-household,2022,12,0.84,calculated,True
LV,industry-household,2023,1,0.77,calculated,True
LV,industry-household,2023,2,0.73,calculated,True
LV,industry-household,2023,3,0.67,calculated,True
LV,industry-household,2023,4,0.38,calculated,True
LV,industry-household,2023,5,0.2,calculated,True
LV,industry-household,2023,6,0.19,calculated,True
LV,industry-household,2023,7,0.16,calculated,True
LV,industry-household,2023,8,0.2,calculated,True
LV,industry-household,2023,9,0.21,calculated,True
LV,industry-household,2023,10,0.46,calculated,True
LV,industry-household,2023,11,0.66,calculated,True
LV,industry-household,2023,12,0.86,calculated,True
LV,industry-household,2024,1,1.11,calculated,True
LV,industry-household,2024,2,0.7,calculated,True
LV,industry-household,2024,3,0.58,calculated,True
LV,industry-household,2024,4,0.43,calculated,True
LV,industry-household,2024,5,0.2,calculated,True
LV,industry-household,2024,6,0.15,calculated,True
LV,industry-household,2024,7,0.18,calculated,True
LV,industry-household,2024,8,0.22,calculated,True
LV,industry-household,2024,9,0.22,calculated,True
LV,industry-household,2024,10,0.44,calculated,True
LV,industry-household,2024,11,0.62,calculated,True
LV,industry-household,2024,12,0.76,calculated,True
LV,industry-household,2025,1,0.51,calculated,True
LV,industry-household,2025,2,0.81,calculated,True
LV,industry-household,2025,3,0.62,calculated,True
LV,industry-household,2025,4,0.46,calculated,True
LV,industry-household,2025,5,0.31,calculated,True
LV,industry-household,2025,6,0.17,calculated,True
LV,industry-household,2025,7,0.19,calculated,True
LV,industry-household,2025,8,0.22,calculated,True
LV,industry-household,2025,9,0.23,calculated,True
LV,industry-household,2025,10,0.47,calculated,True
LV,industry-household,2025,11,0.64,calculated,True
LV,industry-household,2025,12,0.74,calculated,True
LV,industry-household,2026,1,1.27,calculated,True
LV,industry-household,2026,2,1.14,calculated,True
LV,industry-household,2026,3,0.57,calculated,True
PL,industry-household,2019,1,21.7,calculated,True
PL,industry-household,2019,2,17.28,calculated,True
PL,industry-household,2019,3,17.09,calculated,True
PL,industry-household,2019,4,13.21,calculated,True
PL,industry-household,2019,5,11.56,calculated,True
PL,industry-household,2019,6,8.87,calculated,True
PL,industry-household,2019,7,9.13,calculated,True
PL,industry-household,2019,8,9.3,calculated,True
PL,industry-household,2019,9,10.35,calculated,True
PL,industry-household,2019,10,13.5,calculated,True
PL,industry-household,2019,11,16.1,calculated,True
PL,industry-household,2019,12,18.92,calculated,True
PL,industry-household,2020,1,20.12,calculated,True
PL,industry-household,2020,2,18.19,calculated,True
PL,industry-household,2020,3,17.99,calculated,True
PL,industry-household,2020,4,12.84,calculated,True
PL,industry-household,2020,5,11.68,calculated,True
PL,industry-household,2020,6,9.76,calculated,True
PL,industry-household,2020,7,9.99,calculated,True
PL,industry-household,2020,8,9.53,calculated,True
PL,industry-household,2020,9,10.48,calculated,True
PL,industry-household,2020,10,14.3,calculated,True
PL,industry-household,2020,11,17.29,calculated,True
PL,industry-household,2020,12,20.6,calculated,True
PL,industry-household,2021,1,22.7,calculated,True
PL,industry-household,2021,2,21.3,calculated,True
PL,industry-household,2021,3,20.08,calculated,True
PL,industry-household,2021,4,16.63,calculated,True
PL,industry-household,2021,5,12.23,calculated,True
PL,industry-household,2021,6,9.55,calculated,True
PL,industry-household,2021,7,9.82,calculated,True
PL,industry-household,2021,8,10.3,calculated,True
PL,industry-household,2021,9,10.8,calculated,True
PL,industry-household,2021,10,14.24,calculated,True
PL,industry-household,2021,11,17.19,calculated,True
PL,industry-household,2021,12,22.05,calculated,True
PL,industry-household,2022,1,21.01,calculated,True
PL,industry-household,2022,2,17.31,calculated,True
PL,industry-household,2022,3,17.14,calculated,True
PL,industry-household,2022,4,14.84,calculated,True
PL,industry-household,2022,5,9.93,calculated,True
PL,industry-household,2022,6,8.61,calculated,True
PL,industry-household,2022,7,8.18,calculated,True
PL,industry-household,2022,8,7.32,calculated,True
PL,industry-household,2022,9,7.7,calculated,True
PL,industry-household,2022,10,10.33,calculated,True
PL,industry-household,2022,11,15.41,calculated,True
PL,industry-household,2022,12,18.98,calculated,True
PL,industry-household,2023,1,17.78,calculated,True
PL,industry-household,2023,2,17.24,calculated,True
PL,industry-household,2023,3,16.09,calculated,True
PL,industry-household,2023,4,12.64,calculated,True
PL,industry-household,2023,5,9.6,calculated,True
PL,industry-household,2023,6,8.01,calculated,True
PL,industry-household,2023,7,7.81,calculated,True
PL,industry-household,2023,8,8.51,calculated,True
PL,industry-household,2023,9,8.58,calculated,True
PL,industry-household,2023,10,11.93,calculated,True
PL,industry-household,2023,11,16.93,calculated,True
PL,industry-household,2023,12,19.91,calculated,True
PL,industry-household,2024,1,21.95,calculated,True
PL,industry-household,2024,2,16.85,calculated,True
PL,industry-household,2024,3,16.51,calculated,True
PL,industry-household,2024,4,12.96,calculated,True
PL,industry-household,2024,5,9.89,calculated,True
PL,industry-household,2024,6,8.42,calculated,True
PL,industry-household,2024,7,8.67,calculated,True
PL,industry-household,2024,8,8.7,calculated,True
PL,industry-household,2024,9,9.72,calculated,True
PL,industry-household,2024,10,13.4,calculated,True
PL,industry-household,2024,11,17.95,calculated,True
PL,industry-household,2024,12,19.4,calculated,True
PL,industry-household,2025,1,18.62,calculated,True
PL,industry-household,2025,2,19.45,calculated,True
PL,industry-household,2025,3,15.37,calculated,True
PL,industry-household,2025,4,11.76,calculated,True
PL,industry-household,2025,5,13.69,calculated,True
PL,industry-household,2025,6,8.19,calculated,True
PL,industry-household,2025,7,8.69,calculated,True
PL,industry-household,2025,8,8.4,calculated,True
PL,industry-household,2025,9,9.69,calculated,True
PL,industry-household,2025,10,15.15,calculated,True
PL,industry-household,2025,11,17.31,calculated,True
PL,industry-household,2025,12,20.47,calculated,True
PL,industry-household,2026,1,24.39,calculated,True
PL,industry-household,2026,2,21.42,calculated,True
PL,industry-household,2026,3,15.34,calculated,True
SE,industry-household,2019,1,1.53,calculated,True
SE,industry-household,2019,2,1.22,calculated,True
SE,industry-household,2019,3,1.5,calculated,True
SE,industry-household,2019,4,1.19,calculated,True
SE,industry-household,2019,5,1.2,calculated,True
SE,industry-household,2019,6,0.78,calculated,True
SE,industry-household,2019,7,1.08,calculated,True
SE,industry-household,2019,8,0.89,calculated,True
SE,industry-household,2019,9,0.8,calculated,True
SE,industry-household,2019,10,0.74,calculated,True
SE,industry-household,2019,11,1.04,calculated,True
SE,industry-household,2019,12,1.42,calculated,True
SE,industry-household,2020,1,1.4,calculated,True
SE,industry-household,2020,2,1.34,calculated,True
SE,industry-household,2020,3,1.08,calculated,True
SE,industry-household,2020,4,0.85,calculated,True
SE,industry-household,2020,5,0.88,calculated,True
SE,industry-household,2020,6,0.96,calculated,True
SE,industry-household,2020,7,0.58,calculated,True
SE,industry-household,2020,8,0.97,calculated,True
SE,industry-household,2020,9,0.9,calculated,True
SE,industry-household,2020,10,1.87,calculated,True
SE,industry-household,2020,11,1.69,calculated,True
SE,industry-household,2020,12,2.05,calculated,True
SE,industry-household,2021,1,2.1,calculated,True
SE,industry-household,2021,2,1.79,calculated,True
SE,industry-household,2021,3,1.35,calculated,True
SE,industry-household,2021,4,1.15,calculated,True
SE,industry-household,2021,5,0.7,calculated,True
SE,industry-household,2021,6,1.21,calculated,True
SE,industry-household,2021,7,0.71,calculated,True
SE,industry-household,2021,8,0.92,calculated,True
SE,industry-household,2021,9,0.83,calculated,True
SE,industry-household,2021,10,1.08,calculated,True
SE,industry-household,2021,11,1.16,calculated,True
SE,industry-household,2021,12,1.24,calculated,True
SE,industry-household,2022,1,1.19,calculated,True
SE,industry-household,2022,2,0.92,calculated,True
SE,industry-household,2022,3,0.65,calculated,True
SE,industry-household,2022,4,0.61,calculated,True
SE,industry-household,2022,5,0.55,calculated,True
SE,industry-household,2022,6,0.35,calculated,True
SE,industry-household,2022,7,0.59,calculated,True
SE,industry-household,2022,8,0.61,calculated,True
SE,industry-household,2022,9,0.48,calculated,True
SE,industry-household,2022,10,0.62,calculated,True
SE,industry-household,2022,11,0.6,calculated,True
SE,industry-household,2022,12,0.92,calculated,True
SE,industry-household,2023,1,0.89,calculated,True
SE,industry-household,2023,2,0.77,calculated,True
SE,industry-household,2023,3,0.98,calculated,True
SE,industry-household,2023,4,0.55,calculated,True
SE,industry-household,2023,5,0.61,calculated,True
SE,industry-household,2023,6,0.61,calculated,True
SE,industry-household,2023,7,0.56,calculated,True
SE,industry-household,2023,8,0.59,calculated,True
SE,industry-household,2023,9,0.74,calculated,True
SE,industry-household,2023,10,0.73,calculated,True
SE,industry-household,2023,11,0.94,calculated,True
SE,industry-household,2023,12,1.05,calculated,True
SE,industry-household,2024,1,1.44,calculated,True
SE,industry-household,2024,2,1.02,calculated,True
SE,industry-household,2024,3,0.81,calculated,True
SE,industry-household,2024,4,0.92,calculated,True
SE,industry-household,2024,5,0.68,calculated,True
SE,industry-household,2024,6,0.59,calculated,True
SE,industry-household,2024,7,0.59,calculated,True
SE,industry-household,2024,8,0.7,calculated,True
SE,industry-household,2024,9,0.68,calculated,True
SE,industry-household,2024,10,0.56,calculated,True
SE,industry-household,2024,11,0.91,calculated,True
SE,industry-household,2024,12,0.84,calculated,True
SE,industry-household,2025,1,0.93,calculated,True
SE,industry-household,2025,2,0.92,calculated,True
SE,industry-household,2025,3,0.62,calculated,True
SE,industry-household,2025,4,0.65,calculated,True
SE,industry-household,2025,5,0.54,calculated,True
SE,industry-household,2025,6,0.63,calculated,True
SE,industry-household,2025,7,0.57,calculated,True
SE,industry-household,2025,8,0.74,calculated,True
SE,industry-household,2025,9,0.52,calculated,True
SE,industry-household,2025,10,0.76,calculated,True
SE,industry-household,2025,11,1.06,calculated,True
SE,industry-household,2025,12,0.86,calculated,True
SE,industry-household,2026,1,0.95,calculated,True
SE,industry-household,2026,2,0.94,calculated,True
SE,industry-household,2026,3,-0.01,calculated,True
SI,industry-household,2019,1,1.18,calculated,True
SI,industry-household,2019,2,0.93,calculated,True
SI,industry-household,2019,3,0.85,calculated,True
SI,industry-household,2019,4,0.7,calculated,True
SI,industry-household,2019,5,0.68,calculated,True
SI,industry-household,2019,6,0.5,calculated,True
SI,industry-household,2019,7,0.48,calculated,True
SI,industry-household,2019,8,0.53,calculated,True
SI,industry-household,2019,9,0.57,calculated,True
SI,industry-household,2019,10,0.7,calculated,True
SI,industry-household,2019,11,0.84,calculated,True
SI,industry-household,2019,12,0.98,calculated,True
SI,industry-household,2020,1,1.15,calculated,True
SI,industry-household,2020,2,0.91,calculated,True
SI,industry-household,2020,3,0.9,calculated,True
SI,industry-household,2020,4,0.64,calculated,True
SI,industry-household,2020,5,0.54,calculated,True
SI,industry-household,2020,6,0.45,calculated,True
SI,industry-household,2020,7,0.5,calculated,True
SI,industry-household,2020,8,0.48,calculated,True
SI,industry-household,2020,9,0.53,calculated,True
SI,industry-household,2020,10,0.73,calculated,True
SI,industry-household,2020,11,0.98,calculated,True
SI,industry-household,2020,12,1.0,calculated,True
SI,industry-household,2021,1,1.1,calculated,True
SI,industry-household,2021,2,0.94,calculated,True
SI,industry-household,2021,3,0.95,calculated,True
SI,industry-household,2021,4,0.84,calculated,True
SI,industry-household,2021,5,0.66,calculated,True
SI,industry-household,2021,6,0.54,calculated,True
SI,industry-household,2021,7,0.48,calculated,True
SI,industry-household,2021,8,0.47,calculated,True
SI,industry-household,2021,9,0.51,calculated,True
SI,industry-household,2021,10,0.76,calculated,True
SI,industry-household,2021,11,0.9,calculated,True
SI,industry-household,2021,12,1.06,calculated,True
SI,industry-household,2022,1,1.12,calculated,True
SI,industry-household,2022,2,0.88,calculated,True
SI,industry-household,2022,3,0.9,calculated,True
SI,industry-household,2022,4,0.7,calculated,True
SI,industry-household,2022,5,0.51,calculated,True
SI,industry-household,2022,6,0.48,calculated,True
SI,industry-household,2022,7,0.45,calculated,True
SI,industry-household,2022,8,0.41,calculated,True
SI,industry-household,2022,9,0.49,calculated,True
SI,industry-household,2022,10,0.55,calculated,True
SI,industry-household,2022,11,0.79,calculated,True
SI,industry-household,2022,12,0.85,calculated,True
SI,industry-household,2023,1,0.94,calculated,True
SI,industry-household,2023,2,0.87,calculated,True
SI,industry-household,2023,3,0.76,calculated,True
SI,industry-household,2023,4,0.69,calculated,True
SI,industry-household,2023,5,0.6,calculated,True
SI,industry-household,2023,6,0.5,calculated,True
SI,industry-household,2023,7,0.44,calculated,True
SI,industry-household,2023,8,0.4,calculated,True
SI,industry-household,2023,9,0.46,calculated,True
SI,industry-household,2023,10,0.58,calculated,True
SI,industry-household,2023,11,0.82,calculated,True
SI,industry-household,2023,12,0.95,calculated,True
SI,industry-household,2024,1,1.13,calculated,True
SI,industry-household,2024,2,0.83,calculated,True
SI,industry-household,2024,3,0.81,calculated,True
SI,industry-household,2024,4,0.73,calculated,True
SI,industry-household,2024,5,0.62,calculated,True
SI,industry-household,2024,6,0.51,calculated,True
SI,industry-household,2024,7,0.47,calculated,True
SI,industry-household,2024,8,0.46,calculated,True
SI,industry-household,2024,9,0.53,calculated,True
SI,industry-household,2024,10,0.59,calculated,True
SI,industry-household,2024,11,0.86,calculated,True
SI,industry-household,2024,12,0.96,calculated,True
SI,industry-household,2025,1,1.02,calculated,True
SI,industry-household,2025,2,0.95,calculated,True
SI,industry-household,2025,3,0.81,calculated,True
SI,industry-household,2025,4,0.64,calculated,True
SI,industry-household,2025,5,0.64,calculated,True
SI,industry-household,2025,6,0.51,calculated,True
SI,industry-household,2025,7,0.5,calculated,True
SI,industry-household,2025,8,0.46,calculated,True
SI,industry-household,2025,9,0.53,calculated,True
SI,industry-household,2025,10,0.75,calculated,True
SI,industry-household,2025,11,0.85,calculated,True
SI,industry-household,2025,12,0.92,calculated,True
SI,industry-household,2026,1,1.11,calculated,True
SI,industry-household,2026,2,0.84,calculated,True
SI,industry-household,2026,3,0.78,calculated,True
SK,industry-household,2019,1,7.76,calculated,True
SK,industry-household,2019,2,5.81,calculated,True
SK,industry-household,2019,3,4.97,calculated,True
SK,industry-household,2019,4,3.41,calculated,True
SK,industry-household,2019,5,3.09,calculated,True
SK,industry-household,2019,6,1.66,calculated,True
SK,industry-household,2019,7,1.99,calculated,True
SK,industry-household,2019,8,1.97,calculated,True
SK,industry-household,2019,9,2.28,calculated,True
SK,industry-household,2019,10,3.59,calculated,True
SK,industry-household,2019,11,4.62,calculated,True
SK,industry-household,2019,12,6.3,calculated,True
SK,industry-household,2020,1,7.2,calculated,True
SK,industry-household,2020,2,5.6,calculated,True
SK,industry-household,2020,3,5.18,calculated,True
SK,industry-household,2020,4,3.3,calculated,True
SK,industry-household,2020,5,2.73,calculated,True
SK,industry-household,2020,6,2.07,calculated,True
SK,industry-household,2020,7,2.06,calculated,True
SK,industry-household,2020,8,1.79,calculated,True
SK,industry-household,2020,9,2.24,calculated,True
SK,industry-household,2020,10,4.07,calculated,True
SK,industry-household,2020,11,5.54,calculated,True
SK,industry-household,2020,12,6.33,calculated,True
SK,industry-household,2021,1,6.99,calculated,True
SK,industry-household,2021,2,6.32,calculated,True
SK,industry-household,2021,3,5.95,calculated,True
SK,industry-household,2021,4,4.63,calculated,True
SK,industry-household,2021,5,3.19,calculated,True
SK,industry-household,2021,6,2.06,calculated,True
SK,industry-household,2021,7,2.08,calculated,True
SK,industry-household,2021,8,2.15,calculated,True
SK,industry-household,2021,9,2.42,calculated,True
SK,industry-household,2021,10,4.18,calculated,True
SK,industry-household,2021,11,5.42,calculated,True
SK,industry-household,2021,12,6.88,calculated,True
SK,industry-household,2022,1,6.97,calculated,True
SK,industry-household,2022,2,5.5,calculated,True
SK,industry-household,2022,3,5.58,calculated,True
SK,industry-household,2022,4,4.22,calculated,True
SK,industry-household,2022,5,2.3,calculated,True
SK,industry-household,2022,6,1.88,calculated,True
SK,industry-household,2022,7,1.9,calculated,True
SK,industry-household,2022,8,1.62,calculated,True
SK,industry-household,2022,9,1.86,calculated,True
SK,industry-household,2022,10,2.97,calculated,True
SK,industry-household,2022,11,4.58,calculated,True
SK,industry-household,2022,12,6.0,calculated,True
SK,industry-household,2023,1,5.58,calculated,True
SK,industry-household,2023,2,5.35,calculated,True
SK,industry-household,2023,3,4.73,calculated,True
SK,industry-household,2023,4,3.78,calculated,True
SK,industry-household,2023,5,2.51,calculated,True
SK,industry-household,2023,6,1.84,calculated,True
SK,industry-household,2023,7,1.73,calculated,True
SK,industry-household,2023,8,1.37,calculated,True
SK,industry-household,2023,9,1.42,calculated,True
SK,industry-household,2023,10,2.9,calculated,True
SK,industry-household,2023,11,4.82,calculated,True
SK,industry-household,2023,12,6.11,calculated,True
SK,industry-household,2024,1,6.63,calculated,True
SK,industry-household,2024,2,4.61,calculated,True
SK,industry-household,2024,3,4.37,calculated,True
SK,industry-household,2024,4,3.1,calculated,True
SK,industry-household,2024,5,2.08,calculated,True
SK,industry-household,2024,6,1.79,calculated,True
SK,industry-household,2024,7,1.73,calculated,True
SK,industry-household,2024,8,1.84,calculated,True
SK,industry-household,2024,9,2.12,calculated,True
SK,industry-household,2024,10,3.46,calculated,True
SK,industry-household,2024,11,5.33,calculated,True
SK,industry-household,2024,12,6.01,calculated,True
SK,industry-household,2025,1,6.38,calculated,True
SK,industry-household,2025,2,5.77,calculated,True
SK,industry-household,2025,3,4.51,calculated,True
SK,industry-household,2025,4,3.29,calculated,True
SK,industry-household,2025,5,2.44,calculated,True
SK,industry-household,2025,6,1.48,calculated,True
SK,industry-household,2025,7,1.7,calculated,True
SK,industry-household,2025,8,1.81,calculated,True
SK,industry-household,2025,9,2.1,calculated,True
SK,industry-household,2025,10,3.93,calculated,True
SK,industry-household,2025,11,5.1,calculated,True
SK,industry-household,2025,12,5.78,calculated,True
