country,year,unit,lv1_demand,lv1_fce,lv1_fcne,lv1_transformation_input,lv1_direct_energy_sector,lv1_losses,lv2_demand,lv2_fce_industry,lv2_fce_household,lv2_fce_commercial,lv2_fce_other,lv2_fce_transport,lv2_fcne_industry,lv2_fcne_other,lv2_ti_electricity,lv2_ti_chp,lv2_ti_heat,lv2_ti_other,lv2_direct_energy_sector,lv2_losses,check_lv1_sum,check_lv1_gap,check_reconciles_lv1,check_lv2_sum,check_lv2_gap,check_reconciles_lv2
AL,1990,TJ_GCV,9453.0,9453.0,0.0,0.0,0.0,0.0,9453.0,7610.0,423.0,0.0,1420.0,0.0,0.0,0.0,0.0,0.0,0.0,0.0,0.0,0.0,9453.0,0.0,True,9453.0,0.0,True
AL,1991,TJ_GCV,5500.0,5500.0,0.0,0.0,0.0,0.0,5500.0,4256.0,444.0,0.0,800.0,0.0,0.0,0.0,0.0,0.0,0.0,0.0,0.0,0.0,5500.0,0.0,True,5500.0,0.0,True
AL,1992,TJ_GCV,3984.0,3984.0,0.0,0.0,0.0,0.0,3984.0,2740.0,444.0,0.0,800.0,0.0,0.0,0.0,0.0,0.0,0.0,0.0,0.0,0.0,3984.0,0.0,True,3984.0,0.0,True
AL,1993,TJ_GCV,3184.0,3184.0,0.0,0.0,0.0,0.0,3184.0,2064.0,400.0,0.0,720.0,0.0,0.0,0.0,0.0,0.0,0.0,0.0,0.0,0.0,3184.0,0.0,True,3184.0,0.0,True
AL,1994,TJ_GCV,2027.0,2027.0,0.0,0.0,0.0,0.0,2027.0,1674.0,282.0,0.0,71.0,0.0,0.0,0.0,0.0,0.0,0.0,0.0,0.0,0.0,2027.0,0.0,True,2027.0,0.0,True
AL,1995,TJ_GCV,1077.0,1077.0,0.0,0.0,0.0,0.0,1077.0,883.0,155.0,0.0,39.0,0.0,0.0,0.0,0.0,0.0,0.0,0.0,0.0,0.0,1077.0,0.0,True,1077.0,0.0,True
AL,1996,TJ_GCV,894.0,894.0,0.0,0.0,0.0,0.0,894.0,733.0,129.0,0.0,32.0,0.0,0.0,0.0,0.0,0.0,0.0,0.0,0.0,0.0,894.0,0.0,True,894.0,0.0,True
AL,1997,TJ_GCV,711.0,65.0,0.0,0.0,644.0,2.0,711.0,0.0,0.0,0.0,65.0,0.0,0.0,0.0,0.0,0.0,0.0,0.0,644.0,2.0,711.0,0.0,True,711.0,0.0,True
AL,1998,TJ_GCV,644.0,36.0,0.0,0.0,606.0,2.0,644.0,0.0,0.0,0.0,36.0,0.0,0.0,0.0,0.0,0.0,0.0,0.0,606.0,2.0,644.0,0.0,True,644.0,0.0,True
AL,1999,TJ_GCV,629.0,128.0,0.0,0.0,501.0,0.0,629.0,128.0,0.0,0.0,0.0,0.0,0.0,0.0,0.0,0.0,0.0,0.0,501.0,0.0,629.0,0.0,True,629.0,0.0,True
AL,2000,TJ_GCV,419.0,42.0,0.0,0.0,377.0,0.0,419.0,42.0,0.0,0.0,0.0,0.0,0.0,0.0,0.0,0.0,0.0,0.0,377.0,0.0,419.0,0.0,True,419.0,0.0,True
AL,2001,TJ_GCV,327.0,38.0,0.0,0.0,289.0,0.0,327.0,38.0,0.0,0.0,0.0,0.0,0.0,0.0,0.0,0.0,0.0,0.0,289.0,0.0,327.0,0.0,True,327.0,0.0,True
AL,2002,TJ_GCV,544.0,0.0,0.0,0.0,544.0,0.0,544.0,0.0,0.0,0.0,0.0,0.0,0.0,0.0,0.0,0.0,0.0,0.0,544.0,0.0,544.0,0.0,True,544.0,0.0,True
AL,2003,TJ_GCV,502.0,0.0,0.0,0.0,502.0,0.0,502.0,0.0,0.0,0.0,0.0,0.0,0.0,0.0,0.0,0.0,0.0,0.0,502.0,0.0,502.0,0.0,True,502.0,0.0,True
AL,2004,TJ_GCV,385.0,0.0,0.0,0.0,385.0,0.0,385.0,0.0,0.0,0.0,0.0,0.0,0.0,0.0,0.0,0.0,0.0,0.0,385.0,0.0,385.0,0.0,True,385.0,0.0,True
AL,2005,TJ_GCV,418.0,0.0,0.0,0.0,418.0,0.0,418.0,0.0,0.0,0.0,0.0,0.0,0.0,0.0,0.0,0.0,0.0,0.0,418.0,0.0,418.0,0.0,True,418.0,0.0,True
AL,2006,TJ_GCV,418.0,0.0,0.0,0.0,418.0,0.0,418.0,0.0,0.0,0.0,0.0,0.0,0.0,0.0,0.0,0.0,0.0,0.0,418.0,0.0,418.0,0.0,True,418.0,0.0,True
AL,2007,TJ_GCV,670.0,84.0,0.0,0.0,586.0,0.0,670.0,0.0,0.0,84.0,0.0,0.0,0.0,0.0,0.0,0.0,0.0,0.0,586.0,0.0,670.0,0.0,True,670.0,0.0,True
AL,2008,TJ_GCV,335.0,0.0,0.0,0.0,335.0,0.0,335.0,0.0,0.0,0.0,0.0,0.0,0.0,0.0,0.0,0.0,0.0,0.0,335.0,0.0,335.0,0.0,True,335.0,0.0,True
AL,2009,TJ_GCV,341.0,38.0,0.0,0.0,303.0,0.0,341.0,38.0,0.0,0.0,0.0,0.0,0.0,0.0,0.0,0.0,0.0,0.0,303.0,0.0,341.0,0.0,True,341.0,0.0,True
AL,2010,TJ_GCV,535.0,33.0,0.0,0.0,502.0,0.0,535.0,33.0,0.0,0.0,0.0,0.0,0.0,0.0,0.0,0.0,0.0,0.0,502.0,0.0,535.0,0.0,True,535.0,0.0,True
AL,2011,TJ_GCV,558.0,72.0,0.0,0.0,486.0,0.0,558.0,0.0,0.0,72.0,0.0,0.0,0.0,0.0,0.0,0.0,0.0,0.0,486.0,0.0,558.0,0.0,True,558.0,0.0,True
AL,2012,TJ_GCV,615.0,155.0,0.0,0.0,460.0,0.0,615.0,155.0,0.0,0.0,0.0,0.0,0.0,0.0,0.0,0.0,0.0,0.0,460.0,0.0,615.0,0.0,True,615.0,0.0,True
AL,2013,TJ_GCV,678.0,260.0,0.0,0.0,418.0,0.0,678.0,260.0,0.0,0.0,0.0,0.0,0.0,0.0,0.0,0.0,0.0,0.0,418.0,0.0,678.0,0.0,True,678.0,0.0,True
AL,2014,TJ_GCV,1155.0,318.0,0.0,0.0,837.0,0.0,1155.0,318.0,0.0,0.0,0.0,0.0,0.0,0.0,0.0,0.0,0.0,0.0,837.0,0.0,1155.0,0.0,True,1155.0,0.0,True
AL,2015,TJ_GCV,1273.0,519.0,0.0,0.0,754.0,0.0,1273.0,519.0,0.0,0.0,0.0,0.0,0.0,0.0,0.0,0.0,0.0,0.0,754.0,0.0,1273.0,0.0,True,1273.0,0.0,True
AL,2016,TJ_GCV,1626.572,466.828,0.0,0.0,1159.744,0.0,1626.572,466.828,0.0,0.0,0.0,0.0,0.0,0.0,0.0,0.0,0.0,0.0,1159.744,0.0,1626.572,0.0,True,1626.572,0.0,True
AL,2017,TJ_GCV,1741.239,581.495,0.0,0.0,1159.744,0.0,1741.239,581.495,0.0,0.0,0.0,0.0,0.0,0.0,0.0,0.0,0.0,0.0,1159.744,0.0,1741.239,0.0,True,1741.239,0.0,True
AL,2018,TJ_GCV,1503.062,343.318,0.0,0.0,1159.744,0.0,1503.062,343.318,0.0,0.0,0.0,0.0,0.0,0.0,0.0,0.0,0.0,0.0,1159.744,0.0,1503.062,0.0,True,1503.062,0.0,True
AL,2019,TJ_GCV,2679.55,301.45,0.0,0.0,2378.1,0.0,2679.55,301.45,0.0,0.0,0.0,0.0,0.0,0.0,0.0,0.0,0.0,0.0,2378.1,0.0,2679.55,0.0,True,2679.55,0.0,True
AL,2020,TJ_GCV,1917.0,301.4,0.0,0.0,1615.6,0.0,1917.0,301.4,0.0,0.0,0.0,0.0,0.0,0.0,0.0,0.0,0.0,0.0,1615.6,0.0,1917.0,0.0,True,1917.0,0.0,True
AL,2021,TJ_GCV,2059.4,301.4,0.0,0.0,1758.0,0.0,2059.4,301.4,0.0,0.0,0.0,0.0,0.0,0.0,0.0,0.0,0.0,0.0,1758.0,0.0,2059.4,0.0,True,2059.4,0.0,True
AL,2022,TJ_GCV,1774.214,274.469,0.0,0.0,1499.745,0.0,1774.214,274.469,0.0,0.0,0.0,0.0,0.0,0.0,0.0,0.0,0.0,0.0,1499.745,0.0,1774.214,0.0,True,1774.214,0.0,True
AL,2023,TJ_GCV,1841.536,527.428,0.0,0.0,1314.108,0.0,1841.536,527.428,0.0,0.0,0.0,0.0,0.0,0.0,0.0,0.0,0.0,0.0,1314.108,0.0,1841.536,0.0,True,1841.536,0.0,True
AL,2024,TJ_GCV,2001.1,637.8,0.0,0.0,1363.3,0.0,2001.1,637.8,0.0,0.0,0.0,0.0,0.0,0.0,0.0,0.0,0.0,0.0,1363.3,0.0,2001.1,0.0,True,2001.1,0.0,True
AT,1990,TJ_GCV,243599.0,124480.0,16570.0,83011.0,19155.0,383.0,243599.0,75085.0,37042.0,7446.0,407.0,4500.0,16570.0,0.0,41884.0,32736.0,8391.0,0.0,19155.0,383.0,243599.0,0.0,True,243599.0,0.0,True
AT,1991,TJ_GCV,257550.0,134196.0,17739.0,85520.0,19761.0,334.0,257550.0,72687.0,44241.0,12261.0,489.0,4518.0,17739.0,0.0,42024.0,35496.0,8000.0,0.0,19761.0,334.0,257550.0,0.0,True,257550.0,0.0,True
AT,1992,TJ_GCV,252901.0,139571.0,11927.0,82460.0,18646.0,297.0,252901.0,72096.0,43098.0,19489.0,479.0,4409.0,11927.0,0.0,38320.0,36198.0,7942.0,0.0,18646.0,297.0,252901.0,0.0,True,252901.0,0.0,True
AT,1993,TJ_GCV,266716.0,142275.0,16673.0,89067.0,18423.0,278.0,266716.0,70723.0,47075.0,19656.0,527.0,4294.0,16673.0,0.0,40735.0,39293.0,9039.0,0.0,18423.0,278.0,266716.0,0.0,True,266716.0,0.0,True
AT,1994,TJ_GCV,274342.0,140379.0,11151.0,104456.0,18127.0,229.0,274342.0,73586.0,44639.0,17452.0,502.0,4200.0,11151.0,0.0,51033.0,45071.0,8352.0,0.0,18127.0,229.0,274342.0,0.0,True,274342.0,0.0,True
AT,1995,TJ_GCV,299534.0,158925.0,11686.0,106463.0,22199.0,261.0,299534.0,79904.0,47983.0,25949.0,542.0,4547.0,11686.0,0.0,47747.0,48073.0,10643.0,0.0,22199.0,261.0,299534.0,0.0,True,299534.0,0.0,True
AT,1996,TJ_GCV,318822.0,171180.0,11979.0,120755.0,14668.0,240.0,318822.0,84531.0,53976.0,27380.0,610.0,4683.0,11979.0,0.0,61255.0,49476.0,10024.0,0.0,14668.0,240.0,318822.0,0.0,True,318822.0,0.0,True
AT,1997,TJ_GCV,307279.0,171456.0,11854.0,107680.0,16093.0,196.0,307279.0,89399.0,53908.0,22858.0,627.0,4664.0,11854.0,0.0,54899.0,43180.0,9601.0,0.0,16093.0,196.0,307279.0,0.0,True,307279.0,0.0,True
AT,1998,TJ_GCV,315464.0,175263.0,11726.0,111743.0,16732.0,0.0,315464.0,86883.0,57076.0,23577.0,678.0,7049.0,11726.0,0.0,60597.0,41390.0,9756.0,0.0,16732.0,0.0,315464.0,0.0,True,315464.0,0.0,True
AT,1999,TJ_GCV,320972.0,179949.0,11827.0,114119.0,15029.0,48.0,320972.0,85636.0,56567.0,28398.0,641.0,8707.0,11827.0,0.0,60553.0,44738.0,8828.0,0.0,15029.0,48.0,320972.0,0.0,True,320972.0,0.0,True
AT,2000,TJ_GCV,306314.0,183908.0,14750.0,92545.0,15019.0,92.0,306314.0,95993.0,52768.0,27771.0,598.0,6778.0,14750.0,0.0,41522.0,40310.0,10713.0,0.0,15019.0,92.0,306314.0,0.0,True,306314.0,0.0,True
AT,2001,TJ_GCV,324632.0,207893.0,11050.0,89617.0,16008.0,64.0,324632.0,99523.0,59007.0,38729.0,669.0,9965.0,11050.0,0.0,39220.0,43788.0,6609.0,0.0,16008.0,64.0,324632.0,0.0,True,324632.0,0.0,True
AT,2002,TJ_GCV,323180.0,200842.0,11484.0,96541.0,14214.0,99.0,323180.0,104302.0,55170.0,35189.0,625.0,5556.0,11484.0,0.0,30845.0,55110.0,10586.0,0.0,14214.0,99.0,323180.0,0.0,True,323180.0,0.0,True
AT,2003,TJ_GCV,348886.0,211420.0,12893.0,110598.0,13883.0,92.0,348886.0,105254.0,58282.0,39778.0,661.0,7445.0,12893.0,0.0,49250.0,51997.0,9351.0,0.0,13883.0,92.0,348886.0,0.0,True,348886.0,0.0,True
AT,2004,TJ_GCV,357286.0,216685.0,13913.0,108051.0,18549.0,88.0,357286.0,104171.0,56883.0,47516.0,645.0,7470.0,13913.0,0.0,48777.0,51684.0,7590.0,0.0,18549.0,88.0,357286.0,0.0,True,357286.0,0.0,True
AT,2005,TJ_GCV,376148.463,217059.67,14703.689,127970.836,16321.884,92.384,376148.463,110243.931,73014.195,25736.754,855.977,7208.813,14703.689,0.0,61831.901,55370.562,10768.373,0.0,16321.884,92.384,376148.463,0.0,True,376148.463,0.0,True
AT,2006,TJ_GCV,352161.978,215913.462,14925.787,108156.088,13074.343,92.298,352161.978,107695.7,70544.35,27506.04,805.992,9361.38,14925.787,0.0,42705.901,55351.152,10099.035,0.0,13074.343,92.298,352161.978,0.0,True,352161.978,0.0,True
AT,2007,TJ_GCV,331834.498,204421.125,13372.023,101940.995,12007.078,93.277,331834.498,108291.129,63993.358,21452.681,820.778,9863.179,13372.023,0.0,34759.12,56641.057,10540.818,0.0,12007.078,93.277,331834.498,0.0,True,331834.498,0.0,True
AT,2008,TJ_GCV,350973.783,210794.252,15048.552,112033.836,12999.716,97.427,350973.783,111493.394,65732.773,23257.865,836.343,9473.877,15048.552,0.0,44521.039,53885.049,13627.748,0.0,12999.716,97.427,350973.783,0.0,True,350973.783,0.0,True
AT,2009,TJ_GCV,342869.917,204587.489,15822.282,114814.138,7551.205,94.803,342869.917,109456.136,67094.568,18105.951,826.288,9104.546,15822.282,0.0,47737.671,55133.776,11942.691,0.0,7551.205,94.803,342869.917,0.0,True,342869.917,0.0,True
AT,2010,TJ_GCV,377879.018,220531.258,17531.798,126340.278,13381.791,93.893,377879.018,118068.601,72743.304,19075.661,936.558,9707.134,17531.798,0.0,47387.81,67549.184,11403.284,0.0,13381.791,93.893,377879.018,0.0,True,377879.018,0.0,True
AT,2011,TJ_GCV,356647.604,211734.467,15411.893,112982.301,16408.965,109.978,356647.604,117802.502,64642.348,16554.235,795.835,11939.547,15411.893,0.0,39625.173,62187.009,11170.119,0.0,16408.965,109.978,356647.604,0.0,True,356647.604,0.0,True
AT,2012,TJ_GCV,340832.943,211823.637,14672.923,99012.391,15222.284,101.708,340832.943,117077.79,65800.192,18657.438,510.634,9777.583,14672.923,0.0,21142.774,64293.459,13576.158,0.0,15222.284,101.708,340832.943,0.0,True,340832.943,0.0,True
AT,2013,TJ_GCV,328455.492,219984.567,13801.375,79250.003,15302.466,117.081,328455.492,121236.624,66478.893,18812.966,564.38,12891.704,13801.375,0.0,6031.545,57294.151,15924.307,0.0,15302.466,117.081,328455.492,0.0,True,328455.492,0.0,True
AT,2014,TJ_GCV,300864.755,203734.807,16033.86,66756.016,14234.154,105.918,300864.755,118246.999,58221.521,15739.453,622.509,10904.325,16033.86,0.0,4802.451,47790.551,14163.014,0.0,14234.154,105.918,300864.755,0.0,True,300864.755,0.0,True
AT,2015,TJ_GCV,321376.346,212190.515,15455.485,83569.639,10054.847,105.86,321376.346,118942.719,63154.536,16856.76,687.517,12548.983,15455.485,0.0,20756.316,49788.778,13024.545,0.0,10054.847,105.86,321376.346,0.0,True,321376.346,0.0,True
AT,2016,TJ_GCV,336932.797,219960.844,15841.903,91653.537,9364.167,112.346,336932.797,121415.873,69798.963,15860.931,823.456,12061.621,15841.903,0.0,20819.39,57954.854,12879.293,0.0,9364.167,112.346,336932.797,0.0,True,336932.797,0.0,True
AT,2017,TJ_GCV,361759.621,222669.829,15388.308,113763.414,9813.352,124.718,361759.621,123012.065,68329.153,16683.782,1125.907,13518.922,15388.308,0.0,45950.882,54252.137,13560.395,0.0,9813.352,124.718,361759.621,0.0,True,361759.621,0.0,True
AT,2018,TJ_GCV,342506.979,216577.05,12855.478,101363.159,11593.282,118.01,342506.979,124692.877,62534.036,15789.015,1004.393,12556.729,12855.478,0.0,34749.504,56009.559,10604.096,0.0,11593.282,118.01,342506.979,0.0,True,342506.979,0.0,True
AT,2019,TJ_GCV,357663.032,222459.395,16518.236,106940.266,11621.772,123.363,357663.032,126318.554,66354.815,16888.856,1217.13,11680.04,16518.236,0.0,40347.26,58000.067,8592.939,0.0,11621.772,123.363,357663.032,0.0,True,357663.032,0.0,True
AT,2020,TJ_GCV,340970.592,218066.209,15752.127,97062.56,9965.042,124.654,340970.592,123580.445,66955.079,16183.244,1012.495,10334.946,15752.127,0.0,29930.332,59219.819,7912.409,0.0,9965.042,124.654,340970.592,0.0,True,340970.592,0.0,True
AT,2021,TJ_GCV,360176.124,229984.903,15319.362,103436.166,11336.261,99.432,360176.124,129957.797,72677.752,17921.613,1087.412,8340.329,15319.362,0.0,22452.443,71739.48,9244.243,0.0,11336.261,99.432,360176.124,0.0,True,360176.124,0.0,True
AT,2022,TJ_GCV,321003.921,202884.67,13652.687,95443.505,8780.773,242.286,321003.921,123522.978,60429.441,14139.87,942.72,3849.661,13652.687,0.0,28982.474,60171.683,6289.348,0.0,8780.773,242.286,321003.921,0.0,True,321003.921,0.0,True
AT,2023,TJ_GCV,274617.569,179765.31,14234.312,71889.407,8562.163,166.377,274617.569,107374.055,54902.267,15763.295,521.105,1204.588,14234.312,0.0,15566.043,49360.538,6962.826,0.0,8562.163,166.377,274617.569,0.0,True,274617.569,0.0,True
AT,2024,TJ_GCV,271926.397,175370.209,12256.696,73925.818,10231.643,142.031,271926.397,105667.95,50652.944,17322.624,573.207,1153.484,12256.696,0.0,15739.455,50272.657,7913.706,0.0,10231.643,142.031,271926.397,0.0,True,271926.397,0.0,True
BA,2014,TJ_GCV,7063.0,5169.0,0.0,1868.0,0.0,26.0,7063.0,2897.0,1250.0,1022.0,0.0,0.0,0.0,0.0,421.0,0.0,1447.0,0.0,0.0,26.0,7063.0,0.0,True,7063.0,0.0,True
BA,2015,TJ_GCV,8254.0,6132.0,0.0,2100.0,0.0,22.0,8254.0,3378.0,1543.0,1211.0,0.0,0.0,0.0,0.0,460.0,0.0,1640.0,0.0,0.0,22.0,8254.0,0.0,True,8254.0,0.0,True
BA,2016,TJ_GCV,8592.0,6321.0,0.0,2247.0,0.0,24.0,8592.0,3535.0,1607.0,1175.0,0.0,4.0,0.0,0.0,307.0,0.0,1940.0,0.0,0.0,24.0,8592.0,0.0,True,8592.0,0.0,True
BA,2017,TJ_GCV,9292.0,6933.0,0.0,2338.0,0.0,21.0,9292.0,3983.0,1757.0,1142.0,0.0,51.0,0.0,0.0,297.0,0.0,2041.0,0.0,0.0,21.0,9292.0,0.0,True,9292.0,0.0,True
BA,2018,TJ_GCV,9260.0,6888.0,0.0,2335.0,0.0,37.0,9260.0,4050.0,1674.0,1069.0,0.0,95.0,0.0,0.0,289.0,0.0,2046.0,0.0,0.0,37.0,9260.0,0.0,True,9260.0,0.0,True
BA,2019,TJ_GCV,8745.0,6512.0,0.0,2204.0,0.0,29.0,8745.0,3555.0,1803.0,1047.0,0.0,107.0,0.0,0.0,269.0,0.0,1935.0,0.0,0.0,29.0,8745.0,0.0,True,8745.0,0.0,True
BA,2020,TJ_GCV,7977.0,5824.0,0.0,2081.0,60.0,12.0,7977.0,2749.0,1889.0,1068.0,0.0,118.0,0.0,0.0,0.0,62.0,2019.0,0.0,60.0,12.0,7977.0,0.0,True,7977.0,0.0,True
BA,2021,TJ_GCV,9614.0,7336.0,0.0,2252.0,23.0,3.0,9614.0,3662.0,2148.0,1286.0,0.0,240.0,0.0,0.0,0.0,106.0,2146.0,0.0,23.0,3.0,9614.0,0.0,True,9614.0,0.0,True
BA,2022,TJ_GCV,9370.0,7251.0,0.0,2104.0,8.0,7.0,9370.0,3766.0,1924.0,1302.0,0.0,259.0,0.0,0.0,0.0,147.0,1957.0,0.0,8.0,7.0,9370.0,0.0,True,9370.0,0.0,True
BA,2023,TJ_GCV,8451.0,6409.0,0.0,2020.0,18.0,4.0,8451.0,3104.0,1717.0,1327.0,0.0,261.0,0.0,0.0,0.0,164.0,1856.0,0.0,18.0,4.0,8451.0,0.0,True,8451.0,0.0,True
BA,2024,TJ_GCV,8316.0,6258.0,0.0,2038.0,15.0,5.0,8316.0,2957.0,1674.0,1317.0,0.0,310.0,0.0,0.0,0.0,0.0,2038.0,0.0,15.0,5.0,8316.0,0.0,True,8316.0,0.0,True
BE,1990,TJ_GCV,382794.0,297760.0,19500.0,61349.0,4185.0,0.0,382794.0,134092.0,115525.0,48143.0,0.0,0.0,19500.0,0.0,53411.0,7938.0,0.0,0.0,4185.0,0.0,382794.0,0.0,True,382794.0,0.0,True
BE,1991,TJ_GCV,408312.0,313496.0,21050.0,69129.0,4637.0,0.0,408312.0,120785.0,135832.0,56879.0,0.0,0.0,21050.0,0.0,62028.0,7101.0,0.0,0.0,4637.0,0.0,408312.0,0.0,True,408312.0,0.0,True
BE,1992,TJ_GCV,420805.0,315514.0,28600.0,71652.0,5039.0,0.0,420805.0,125742.0,133898.0,55874.0,0.0,0.0,28600.0,0.0,66406.0,5246.0,0.0,0.0,5039.0,0.0,420805.0,0.0,True,420805.0,0.0,True
BE,1993,TJ_GCV,440372.0,332114.0,28900.0,74852.0,4506.0,0.0,440372.0,130557.0,141197.0,60360.0,0.0,0.0,28900.0,0.0,66621.0,8231.0,0.0,0.0,4506.0,0.0,440372.0,0.0,True,440372.0,0.0,True
BE,1994,TJ_GCV,450304.0,338838.0,29450.0,77893.0,4123.0,0.0,450304.0,142998.0,136311.0,59529.0,0.0,0.0,29450.0,0.0,70729.0,7164.0,0.0,0.0,4123.0,0.0,450304.0,0.0,True,450304.0,0.0,True
BE,1995,TJ_GCV,498102.0,365213.0,35587.0,94042.0,3260.0,0.0,498102.0,156632.0,145456.0,63125.0,0.0,0.0,35587.0,0.0,81478.0,12564.0,0.0,0.0,3260.0,0.0,498102.0,0.0,True,498102.0,0.0,True
BE,1996,TJ_GCV,553683.0,413019.0,36031.0,104537.0,96.0,0.0,553683.0,168210.0,170515.0,74294.0,0.0,0.0,36031.0,0.0,87062.0,17475.0,0.0,0.0,96.0,0.0,553683.0,0.0,True,553683.0,0.0,True
BE,1997,TJ_GCV,528179.0,382606.0,36744.0,108260.0,569.0,0.0,528179.0,165900.0,148670.0,68036.0,0.0,0.0,36744.0,0.0,90575.0,17685.0,0.0,0.0,569.0,0.0,528179.0,0.0,True,528179.0,0.0,True
BE,1998,TJ_GCV,581660.0,402937.0,33678.0,143779.0,1266.0,0.0,581660.0,175264.0,157086.0,70587.0,0.0,0.0,33678.0,0.0,117125.0,23570.0,3084.0,0.0,1266.0,0.0,581660.0,0.0,True,581660.0,0.0,True
BE,1999,TJ_GCV,619272.0,409986.0,40467.0,165538.0,3281.0,0.0,619272.0,188258.0,152293.0,69435.0,0.0,0.0,40467.0,0.0,137029.0,27078.0,1431.0,0.0,3281.0,0.0,619272.0,0.0,True,619272.0,0.0,True
BE,2000,TJ_GCV,622433.0,433981.0,37972.0,147618.0,2862.0,0.0,622433.0,208921.0,153172.0,71888.0,0.0,0.0,37972.0,0.0,103829.0,42407.0,1382.0,0.0,2862.0,0.0,622433.0,0.0,True,622433.0,0.0,True
BE,2001,TJ_GCV,614460.0,448608.0,28945.0,135123.0,1784.0,0.0,614460.0,203462.0,168496.0,76650.0,0.0,0.0,28945.0,0.0,91924.0,42243.0,956.0,0.0,1784.0,0.0,614460.0,0.0,True,614460.0,0.0,True
BE,2002,TJ_GCV,633301.0,452935.0,31037.0,147188.0,2141.0,0.0,633301.0,217065.0,160795.0,75075.0,0.0,0.0,31037.0,0.0,102500.0,44688.0,0.0,0.0,2141.0,0.0,633301.0,0.0,True,633301.0,0.0,True
BE,2003,TJ_GCV,674663.0,450058.0,37980.0,183960.0,2665.0,0.0,674663.0,205031.0,167411.0,77616.0,0.0,0.0,37980.0,0.0,133129.0,50831.0,0.0,0.0,2665.0,0.0,674663.0,0.0,True,674663.0,0.0,True
BE,2004,TJ_GCV,675167.9,440794.7,40494.9,189382.6,3421.1,1074.6,675167.9,191019.3,164731.5,75038.3,7402.2,2603.4,40494.9,0.0,120836.6,68262.2,283.8,0.0,3421.1,1074.6,675167.9,0.0,True,675167.9,0.0,True
BE,2005,TJ_GCV,683785.6,437446.4,43214.9,197099.7,4911.7,1112.9,683785.6,192459.2,161992.0,73762.0,7119.6,2113.6,43214.9,0.0,121126.0,75817.6,156.1,0.0,4911.7,1112.9,683785.6,0.0,True,683785.6,0.0,True
BE,2006,TJ_GCV,685496.3,439672.1,41193.6,198558.0,4959.5,1113.1,685496.3,194912.8,161689.7,74415.7,6418.1,2235.8,41193.6,0.0,110955.7,87481.2,121.1,0.0,4959.5,1113.1,685496.3,0.0,True,685496.3,0.0,True
BE,2007,TJ_GCV,688336.2,418449.9,46614.2,216426.8,5731.4,1113.9,688336.2,188311.4,151360.0,71839.5,4894.9,2044.1,46614.2,0.0,129243.3,87089.9,93.6,0.0,5731.4,1113.9,688336.2,0.0,True,688336.2,0.0,True
BE,2008,TJ_GCV,692728.6,430554.9,43809.5,207988.2,9308.3,1067.7,692728.6,180754.8,161385.8,81998.7,4344.7,2070.9,43809.5,0.0,117105.3,90824.1,58.8,0.0,9308.3,1067.7,692728.6,0.0,True,692728.6,0.0,True
BE,2009,TJ_GCV,708638.9,405873.4,37227.9,249085.6,15378.1,1073.9,708638.9,150004.4,161973.2,85711.9,5868.4,2315.5,37227.9,0.0,150952.9,98051.3,81.4,0.0,15378.1,1073.9,708638.9,0.0,True,708638.9,0.0,True
BE,2010,TJ_GCV,785302.3,464305.0,45613.1,255583.2,18621.3,1179.7,785302.3,175127.8,184796.6,93371.3,8594.9,2414.4,45613.1,0.0,152405.2,103089.6,88.4,0.0,18621.3,1179.7,785302.3,0.0,True,785302.3,0.0,True
BE,2011,TJ_GCV,671605.0,402088.1,45878.0,206019.1,16401.0,1218.8,671605.0,170875.1,144355.7,76097.9,8561.0,2198.4,45878.0,0.0,107522.3,97627.0,869.8,0.0,16401.0,1218.8,671605.0,0.0,True,671605.0,0.0,True
BE,2012,TJ_GCV,676260.3,430847.2,41592.2,185693.7,16962.9,1164.3,676260.3,173449.9,160871.0,84922.9,9502.0,2101.4,41592.2,0.0,83210.5,102351.3,131.9,0.0,16962.9,1164.3,676260.3,0.0,True,676260.3,0.0,True
BE,2013,TJ_GCV,676914.4,454323.1,43643.1,163551.2,14238.7,1158.3,676914.4,176364.0,173340.1,91998.7,10522.0,2098.3,43643.1,0.0,74565.7,88902.7,82.8,0.0,14238.7,1158.3,676914.4,0.0,True,676914.4,0.0,True
BE,2014,TJ_GCV,593688.1,386968.8,40075.8,149765.3,15564.6,1313.6,593688.1,169244.2,135143.8,72433.3,8954.7,1192.8,40075.8,0.0,71105.0,78488.8,171.5,0.0,15564.6,1313.6,593688.1,0.0,True,593688.1,0.0,True
BE,2015,TJ_GCV,649519.0,415212.7,45938.3,169567.4,17440.7,1359.9,649519.0,173122.2,148898.9,81175.9,10414.4,1601.3,45938.3,0.0,84209.1,85291.6,66.7,0.0,17440.7,1359.9,649519.0,0.0,True,649519.0,0.0,True
BE,2016,TJ_GCV,660732.3,431799.9,43551.6,167855.7,16205.7,1319.4,660732.3,175936.0,157399.5,85456.4,11253.0,1755.0,43551.6,0.0,82008.8,85706.5,140.4,0.0,16205.7,1319.4,660732.3,0.0,True,660732.3,0.0,True
BE,2017,TJ_GCV,676434.3,438819.9,50312.5,167292.5,18684.5,1324.9,676434.3,185770.7,154189.3,84454.7,12737.4,1667.8,50312.5,0.0,86586.3,80575.5,130.7,0.0,18684.5,1324.9,676434.3,0.0,True,676434.3,0.0,True
BE,2018,TJ_GCV,698038.9,441795.9,48664.4,176014.3,30283.1,1281.2,698038.9,187121.1,154164.5,85135.0,13334.7,2040.6,48664.4,0.0,89759.4,86107.7,147.2,0.0,30283.1,1281.2,698038.9,0.0,True,698038.9,0.0,True
BE,2019,TJ_GCV,707555.8,439291.8,47230.6,180413.9,39338.2,1281.3,707555.8,183925.5,153387.2,84471.2,14871.9,2636.0,47230.6,0.0,98125.0,82203.8,85.1,0.0,39338.2,1281.3,707555.8,0.0,True,707555.8,0.0,True
BE,2020,TJ_GCV,703751.7,433967.5,42085.6,190567.0,35909.7,1221.9,703751.7,191203.9,144858.1,79306.9,15360.9,3237.7,42085.6,0.0,106707.9,82474.5,84.6,1300.0,35909.7,1221.9,703751.7,0.0,True,703751.7,0.0,True
BE,2021,TJ_GCV,706535.7,481966.2,37155.5,158463.7,27760.6,1189.7,706535.7,197977.5,169680.2,91405.9,18192.1,4710.5,37155.5,0.0,79924.7,76417.3,121.7,2000.0,27760.6,1189.7,706535.7,0.0,True,706535.7,0.0,True
BE,2022,TJ_GCV,600797.3,392518.1,31987.1,157227.3,17924.5,1140.3,600797.3,167207.2,134864.8,72181.4,14233.3,4031.4,31987.1,0.0,84813.7,70132.6,81.0,2200.0,17924.5,1140.3,600797.3,0.0,True,600797.3,0.0,True
BE,2023,TJ_GCV,566410.2,385742.2,30828.7,125262.3,23457.0,1120.0,566410.2,167081.1,132413.0,66218.1,15961.4,4068.6,30828.7,0.0,59448.2,63835.1,79.0,1900.0,23457.0,1120.0,566410.2,0.0,True,566410.2,0.0,True
BE,2024,TJ_GCV,553682.6,402389.5,0.0,127168.5,23033.6,1091.0,553682.6,177667.1,135339.4,67887.2,17629.6,3866.2,0.0,0.0,34332.0,56092.6,80.9,36663.0,23033.6,1091.0,553682.6,0.0,True,553682.6,0.0,True
BG,1990,TJ_GCV,252070.0,90422.0,30424.0,126673.0,1419.0,3132.0,252070.0,89572.0,0.0,846.0,4.0,0.0,30424.0,0.0,0.0,101081.0,25592.0,0.0,1419.0,3132.0,252070.0,0.0,True,252070.0,0.0,True
BG,1991,TJ_GCV,212878.0,75351.0,15504.0,118576.0,1541.0,1906.0,212878.0,75119.0,0.0,232.0,0.0,0.0,15504.0,0.0,0.0,96329.0,22247.0,0.0,1541.0,1906.0,212878.0,0.0,True,212878.0,0.0,True
BG,1992,TJ_GCV,188485.0,63565.0,11531.0,108319.0,3181.0,1889.0,188485.0,63243.0,0.0,322.0,0.0,0.0,11531.0,0.0,0.0,88781.0,18375.0,1163.0,3181.0,1889.0,188485.0,0.0,True,188485.0,0.0,True
BG,1993,TJ_GCV,175383.0,46890.0,26968.0,95269.0,3494.0,2762.0,175383.0,46579.0,0.0,311.0,0.0,0.0,26968.0,0.0,0.0,72352.0,21740.0,1177.0,3494.0,2762.0,175383.0,0.0,True,175383.0,0.0,True
BG,1994,TJ_GCV,175451.0,56925.0,26340.0,84913.0,2799.0,4474.0,175451.0,56583.0,0.0,342.0,0.0,0.0,26340.0,0.0,0.0,61222.0,22737.0,954.0,2799.0,4474.0,175451.0,0.0,True,175451.0,0.0,True
BG,1995,TJ_GCV,211757.0,72289.0,25231.0,107061.0,3308.0,3868.0,211757.0,71354.0,0.0,935.0,0.0,0.0,25231.0,0.0,0.0,77050.0,29002.0,1009.0,3308.0,3868.0,211757.0,0.0,True,211757.0,0.0,True
BG,1996,TJ_GCV,216337.0,69152.0,29387.0,109736.0,3712.0,4350.0,216337.0,67514.0,0.0,1638.0,0.0,0.0,29387.0,0.0,0.0,75388.0,33292.0,1056.0,3712.0,4350.0,216337.0,0.0,True,216337.0,0.0,True
BG,1997,TJ_GCV,172589.0,91951.0,13350.0,62298.0,2990.0,2000.0,172589.0,90468.0,0.0,949.0,10.0,524.0,13350.0,0.0,0.0,44282.0,17006.0,1010.0,2990.0,2000.0,172589.0,0.0,True,172589.0,0.0,True
BG,1998,TJ_GCV,144406.0,73321.0,8401.0,59742.0,1843.0,1099.0,144406.0,68187.0,0.0,972.0,30.0,4132.0,8401.0,0.0,37.0,42633.0,16178.0,894.0,1843.0,1099.0,144406.0,0.0,True,144406.0,0.0,True
BG,1999,TJ_GCV,125114.0,52534.0,9023.0,57745.0,3788.0,2024.0,125114.0,47945.0,0.0,750.0,266.0,3573.0,9023.0,0.0,36.0,41745.0,14950.0,1014.0,3788.0,2024.0,125114.0,0.0,True,125114.0,0.0,True
BG,2000,TJ_GCV,136273.0,64541.0,14982.0,51392.0,3591.0,1767.0,136273.0,55710.0,9.0,570.0,600.0,7652.0,14982.0,0.0,98.0,37274.0,13065.0,955.0,3591.0,1767.0,136273.0,0.0,True,136273.0,0.0,True
BG,2001,TJ_GCV,126829.0,55816.0,14829.0,48466.0,3562.0,4156.0,126829.0,47876.0,37.0,816.0,668.0,6419.0,14829.0,0.0,890.0,33987.0,12550.0,1039.0,3562.0,4156.0,126829.0,0.0,True,126829.0,0.0,True
BG,2002,TJ_GCV,111095.0,49902.0,10024.0,44878.0,2999.0,3292.0,111095.0,41750.0,59.0,927.0,698.0,6468.0,10024.0,0.0,1486.0,30952.0,11477.0,963.0,2999.0,3292.0,111095.0,0.0,True,111095.0,0.0,True
BG,2003,TJ_GCV,115756.0,51195.0,10417.0,47118.0,3262.0,3764.0,115756.0,44902.0,144.0,1304.0,773.0,4072.0,10417.0,0.0,416.0,33242.0,12621.0,839.0,3262.0,3764.0,115756.0,0.0,True,115756.0,0.0,True
BG,2004,TJ_GCV,116174.0,53858.0,12342.0,42737.0,3533.0,3704.0,116174.0,44607.0,268.0,1456.0,1000.0,6527.0,12342.0,0.0,520.0,30088.0,11093.0,1036.0,3533.0,3704.0,116174.0,0.0,True,116174.0,0.0,True
BG,2005,TJ_GCV,129733.0,63602.0,14443.0,46436.0,2909.0,2343.0,129733.0,48750.0,655.0,2027.0,1235.0,10935.0,14443.0,0.0,902.0,29037.0,15529.0,968.0,2909.0,2343.0,129733.0,0.0,True,129733.0,0.0,True
BG,2006,TJ_GCV,132532.0,68161.0,11383.0,47964.0,3207.0,1817.0,132532.0,50760.0,1138.0,3001.0,1489.0,11773.0,11383.0,0.0,1391.0,30714.0,14852.0,1007.0,3207.0,1817.0,132532.0,0.0,True,132532.0,0.0,True
BG,2007,TJ_GCV,136060.0,72845.0,11357.0,46625.0,3162.0,2071.0,136060.0,52634.0,1524.0,3265.0,1509.0,13913.0,11357.0,0.0,418.0,35595.0,9437.0,1175.0,3162.0,2071.0,136060.0,0.0,True,136060.0,0.0,True
BG,2008,TJ_GCV,132542.0,69341.0,12608.0,47061.0,1765.0,1767.0,132542.0,48498.0,1810.0,3778.0,1616.0,13639.0,12608.0,0.0,342.0,34942.0,10367.0,1410.0,1765.0,1767.0,132542.0,0.0,True,132542.0,0.0,True
BG,2009,TJ_GCV,99293.0,46140.0,7268.0,43290.0,1823.0,772.0,99293.0,30717.0,2363.0,3072.0,1208.0,8780.0,7268.0,0.0,141.0,31570.0,10658.0,921.0,1823.0,772.0,99293.0,0.0,True,99293.0,0.0,True
BG,2010,TJ_GCV,106164.0,49226.0,8944.0,46136.0,1254.0,604.0,106164.0,32445.0,2295.0,3728.0,1140.0,9618.0,8944.0,0.0,215.0,31667.0,12673.0,1581.0,1254.0,604.0,106164.0,0.0,True,106164.0,0.0,True
BG,2011,TJ_GCV,121044.0,59259.0,11597.0,48078.0,1758.0,352.0,121044.0,39232.0,2603.0,3841.0,1282.0,12301.0,11597.0,0.0,174.0,35339.0,10967.0,1598.0,1758.0,352.0,121044.0,0.0,True,121044.0,0.0,True
BG,2012,TJ_GCV,113278.0,54995.0,8568.0,47527.0,1706.0,482.0,113278.0,35181.0,2486.0,3799.0,1049.0,12480.0,8568.0,0.0,145.0,36859.0,9040.0,1483.0,1706.0,482.0,113278.0,0.0,True,113278.0,0.0,True
BG,2013,TJ_GCV,109979.0,53774.0,9637.0,44852.0,1220.0,496.0,109979.0,35353.0,2091.0,3628.0,952.0,11750.0,9637.0,0.0,94.0,36434.0,6786.0,1538.0,1220.0,496.0,109979.0,0.0,True,109979.0,0.0,True
BG,2014,TJ_GCV,109209.0,54833.0,10247.0,42524.0,1074.0,531.0,109209.0,36404.0,2102.0,3869.0,989.0,11469.0,10247.0,0.0,68.0,32988.0,7934.0,1534.0,1074.0,531.0,109209.0,0.0,True,109209.0,0.0,True
BG,2015,TJ_GCV,119798.0,60459.0,12664.0,44096.0,1976.0,603.0,119798.0,42746.0,2408.0,4143.0,721.0,10441.0,12664.0,0.0,49.0,28802.0,9848.0,5397.0,1976.0,603.0,119798.0,0.0,True,119798.0,0.0,True
BG,2016,TJ_GCV,123439.0,60503.0,13397.0,47679.0,1441.0,419.0,123439.0,42788.0,2740.0,4169.0,678.0,10128.0,13397.0,0.0,702.0,28106.0,9647.0,9224.0,1441.0,419.0,123439.0,0.0,True,123439.0,0.0,True
BG,2017,TJ_GCV,127025.235,62931.488,12932.293,49052.876,1588.33,520.248,127025.235,43211.552,3166.337,4406.441,704.346,11442.812,12932.293,0.0,589.531,27012.605,11238.274,10212.466,1588.33,520.248,127025.235,0.0,True,127025.235,0.0,True
BG,2018,TJ_GCV,119713.077,60558.354,9671.833,46891.867,2229.723,361.3,119713.077,41709.757,3595.082,4549.282,666.003,10038.23,9671.833,0.0,1167.99,27432.854,10020.344,8270.679,2229.723,361.3,119713.077,0.0,True,119713.077,0.0,True
BG,2019,TJ_GCV,110853.716,53348.684,7025.67,47951.36,2175.67,352.332,110853.716,38463.517,3664.228,4169.836,462.402,6588.701,7025.67,0.0,503.603,29943.905,7568.982,9934.87,2175.67,352.332,110853.716,0.0,True,110853.716,0.0,True
BG,2020,TJ_GCV,112204.73,54061.207,6956.762,48611.577,2140.106,435.078,112204.73,39479.501,4469.116,3949.873,511.086,5651.631,6956.762,0.0,2292.551,29147.168,8089.321,9082.537,2140.106,435.078,112204.73,0.0,True,112204.73,0.0,True
BG,2021,TJ_GCV,128326.123,61258.429,7486.856,56531.614,2350.471,698.753,128326.123,43635.736,5276.456,4906.131,581.304,6858.802,7486.856,0.0,8359.972,33048.787,7730.269,7392.586,2350.471,698.753,128326.123,0.0,True,128326.123,0.0,True
BG,2022,TJ_GCV,105277.235,51673.58,5970.327,46001.97,895.266,736.092,105277.235,35722.522,4046.728,4567.749,473.782,6862.799,5970.327,0.0,906.469,27895.367,8427.694,8772.44,895.266,736.092,105277.235,0.0,True,105277.235,0.0,True
BG,2023,TJ_GCV,97600.99,47152.317,5516.913,43432.13,962.987,536.643,97600.99,32519.628,3307.363,3813.311,529.991,6982.024,5516.913,0.0,71.274,26680.167,8675.215,8005.474,962.987,536.643,97600.99,0.0,True,97600.99,0.0,True
BG,2024,TJ_GCV,104638.963,51108.157,5717.409,46263.709,1208.524,341.164,104638.963,34155.109,3775.63,3928.473,551.906,8697.039,5717.409,0.0,113.333,27140.879,9572.417,9437.08,1208.524,341.164,104638.963,0.0,True,104638.963,0.0,True
CY,1990,TJ_GCV,0.0,0.0,0.0,0.0,0.0,0.0,0.0,0.0,0.0,0.0,0.0,0.0,0.0,0.0,0.0,0.0,0.0,0.0,0.0,0.0,0.0,0.0,True,0.0,0.0,True
CY,1991,TJ_GCV,0.0,0.0,0.0,0.0,0.0,0.0,0.0,0.0,0.0,0.0,0.0,0.0,0.0,0.0,0.0,0.0,0.0,0.0,0.0,0.0,0.0,0.0,True,0.0,0.0,True
CY,1992,TJ_GCV,0.0,0.0,0.0,0.0,0.0,0.0,0.0,0.0,0.0,0.0,0.0,0.0,0.0,0.0,0.0,0.0,0.0,0.0,0.0,0.0,0.0,0.0,True,0.0,0.0,True
CY,1993,TJ_GCV,0.0,0.0,0.0,0.0,0.0,0.0,0.0,0.0,0.0,0.0,0.0,0.0,0.0,0.0,0.0,0.0,0.0,0.0,0.0,0.0,0.0,0.0,True,0.0,0.0,True
CY,1994,TJ_GCV,0.0,0.0,0.0,0.0,0.0,0.0,0.0,0.0,0.0,0.0,0.0,0.0,0.0,0.0,0.0,0.0,0.0,0.0,0.0,0.0,0.0,0.0,True,0.0,0.0,True
CY,1995,TJ_GCV,0.0,0.0,0.0,0.0,0.0,0.0,0.0,0.0,0.0,0.0,0.0,0.0,0.0,0.0,0.0,0.0,0.0,0.0,0.0,0.0,0.0,0.0,True,0.0,0.0,True
CY,1996,TJ_GCV,0.0,0.0,0.0,0.0,0.0,0.0,0.0,0.0,0.0,0.0,0.0,0.0,0.0,0.0,0.0,0.0,0.0,0.0,0.0,0.0,0.0,0.0,True,0.0,0.0,True
CY,1997,TJ_GCV,0.0,0.0,0.0,0.0,0.0,0.0,0.0,0.0,0.0,0.0,0.0,0.0,0.0,0.0,0.0,0.0,0.0,0.0,0.0,0.0,0.0,0.0,True,0.0,0.0,True
CY,1998,TJ_GCV,0.0,0.0,0.0,0.0,0.0,0.0,0.0,0.0,0.0,0.0,0.0,0.0,0.0,0.0,0.0,0.0,0.0,0.0,0.0,0.0,0.0,0.0,True,0.0,0.0,True
CY,1999,TJ_GCV,0.0,0.0,0.0,0.0,0.0,0.0,0.0,0.0,0.0,0.0,0.0,0.0,0.0,0.0,0.0,0.0,0.0,0.0,0.0,0.0,0.0,0.0,True,0.0,0.0,True
CY,2000,TJ_GCV,0.0,0.0,0.0,0.0,0.0,0.0,0.0,0.0,0.0,0.0,0.0,0.0,0.0,0.0,0.0,0.0,0.0,0.0,0.0,0.0,0.0,0.0,True,0.0,0.0,True
CY,2001,TJ_GCV,0.0,0.0,0.0,0.0,0.0,0.0,0.0,0.0,0.0,0.0,0.0,0.0,0.0,0.0,0.0,0.0,0.0,0.0,0.0,0.0,0.0,0.0,True,0.0,0.0,True
CY,2002,TJ_GCV,0.0,0.0,0.0,0.0,0.0,0.0,0.0,0.0,0.0,0.0,0.0,0.0,0.0,0.0,0.0,0.0,0.0,0.0,0.0,0.0,0.0,0.0,True,0.0,0.0,True
CY,2003,TJ_GCV,0.0,0.0,0.0,0.0,0.0,0.0,0.0,0.0,0.0,0.0,0.0,0.0,0.0,0.0,0.0,0.0,0.0,0.0,0.0,0.0,0.0,0.0,True,0.0,0.0,True
CY,2004,TJ_GCV,0.0,0.0,0.0,0.0,0.0,0.0,0.0,0.0,0.0,0.0,0.0,0.0,0.0,0.0,0.0,0.0,0.0,0.0,0.0,0.0,0.0,0.0,True,0.0,0.0,True
CY,2005,TJ_GCV,0.0,0.0,0.0,0.0,0.0,0.0,0.0,0.0,0.0,0.0,0.0,0.0,0.0,0.0,0.0,0.0,0.0,0.0,0.0,0.0,0.0,0.0,True,0.0,0.0,True
CY,2006,TJ_GCV,0.0,0.0,0.0,0.0,0.0,0.0,0.0,0.0,0.0,0.0,0.0,0.0,0.0,0.0,0.0,0.0,0.0,0.0,0.0,0.0,0.0,0.0,True,0.0,0.0,True
CY,2007,TJ_GCV,0.0,0.0,0.0,0.0,0.0,0.0,0.0,0.0,0.0,0.0,0.0,0.0,0.0,0.0,0.0,0.0,0.0,0.0,0.0,0.0,0.0,0.0,True,0.0,0.0,True
CY,2008,TJ_GCV,0.0,0.0,0.0,0.0,0.0,0.0,0.0,0.0,0.0,0.0,0.0,0.0,0.0,0.0,0.0,0.0,0.0,0.0,0.0,0.0,0.0,0.0,True,0.0,0.0,True
CY,2009,TJ_GCV,0.0,0.0,0.0,0.0,0.0,0.0,0.0,0.0,0.0,0.0,0.0,0.0,0.0,0.0,0.0,0.0,0.0,0.0,0.0,0.0,0.0,0.0,True,0.0,0.0,True
CY,2010,TJ_GCV,0.0,0.0,0.0,0.0,0.0,0.0,0.0,0.0,0.0,0.0,0.0,0.0,0.0,0.0,0.0,0.0,0.0,0.0,0.0,0.0,0.0,0.0,True,0.0,0.0,True
CY,2011,TJ_GCV,0.0,0.0,0.0,0.0,0.0,0.0,0.0,0.0,0.0,0.0,0.0,0.0,0.0,0.0,0.0,0.0,0.0,0.0,0.0,0.0,0.0,0.0,True,0.0,0.0,True
CY,2012,TJ_GCV,0.0,0.0,0.0,0.0,0.0,0.0,0.0,0.0,0.0,0.0,0.0,0.0,0.0,0.0,0.0,0.0,0.0,0.0,0.0,0.0,0.0,0.0,True,0.0,0.0,True
CY,2013,TJ_GCV,0.0,0.0,0.0,0.0,0.0,0.0,0.0,0.0,0.0,0.0,0.0,0.0,0.0,0.0,0.0,0.0,0.0,0.0,0.0,0.0,0.0,0.0,True,0.0,0.0,True
CY,2014,TJ_GCV,0.0,0.0,0.0,0.0,0.0,0.0,0.0,0.0,0.0,0.0,0.0,0.0,0.0,0.0,0.0,0.0,0.0,0.0,0.0,0.0,0.0,0.0,True,0.0,0.0,True
CY,2015,TJ_GCV,0.0,0.0,0.0,0.0,0.0,0.0,0.0,0.0,0.0,0.0,0.0,0.0,0.0,0.0,0.0,0.0,0.0,0.0,0.0,0.0,0.0,0.0,True,0.0,0.0,True
CY,2016,TJ_GCV,0.0,0.0,0.0,0.0,0.0,0.0,0.0,0.0,0.0,0.0,0.0,0.0,0.0,0.0,0.0,0.0,0.0,0.0,0.0,0.0,0.0,0.0,True,0.0,0.0,True
CY,2017,TJ_GCV,0.0,0.0,0.0,0.0,0.0,0.0,0.0,0.0,0.0,0.0,0.0,0.0,0.0,0.0,0.0,0.0,0.0,0.0,0.0,0.0,0.0,0.0,True,0.0,0.0,True
CY,2018,TJ_GCV,0.0,0.0,0.0,0.0,0.0,0.0,0.0,0.0,0.0,0.0,0.0,0.0,0.0,0.0,0.0,0.0,0.0,0.0,0.0,0.0,0.0,0.0,True,0.0,0.0,True
CY,2019,TJ_GCV,0.0,0.0,0.0,0.0,0.0,0.0,0.0,0.0,0.0,0.0,0.0,0.0,0.0,0.0,0.0,0.0,0.0,0.0,0.0,0.0,0.0,0.0,True,0.0,0.0,True
CY,2020,TJ_GCV,0.0,0.0,0.0,0.0,0.0,0.0,0.0,0.0,0.0,0.0,0.0,0.0,0.0,0.0,0.0,0.0,0.0,0.0,0.0,0.0,0.0,0.0,True,0.0,0.0,True
CY,2021,TJ_GCV,0.0,0.0,0.0,0.0,0.0,0.0,0.0,0.0,0.0,0.0,0.0,0.0,0.0,0.0,0.0,0.0,0.0,0.0,0.0,0.0,0.0,0.0,True,0.0,0.0,True
CY,2022,TJ_GCV,0.0,0.0,0.0,0.0,0.0,0.0,0.0,0.0,0.0,0.0,0.0,0.0,0.0,0.0,0.0,0.0,0.0,0.0,0.0,0.0,0.0,0.0,True,0.0,0.0,True
CY,2023,TJ_GCV,0.0,0.0,0.0,0.0,0.0,0.0,0.0,0.0,0.0,0.0,0.0,0.0,0.0,0.0,0.0,0.0,0.0,0.0,0.0,0.0,0.0,0.0,True,0.0,0.0,True
CY,2024,TJ_GCV,0.0,0.0,0.0,0.0,0.0,0.0,0.0,0.0,0.0,0.0,0.0,0.0,0.0,0.0,0.0,0.0,0.0,0.0,0.0,0.0,0.0,0.0,True,0.0,0.0,True
CZ,1990,TJ_GCV,244123.0,197426.0,0.0,46697.0,0.0,0.0,244123.0,112444.0,42719.0,34007.0,8256.0,0.0,0.0,0.0,312.0,9200.0,21118.0,16067.0,0.0,0.0,244123.0,0.0,True,244123.0,0.0,True
CZ,1991,TJ_GCV,235559.0,184997.0,0.0,44171.0,6391.0,0.0,235559.0,96385.0,45730.0,35244.0,7638.0,0.0,0.0,0.0,248.0,9227.0,23703.0,10993.0,6391.0,0.0,235559.0,0.0,True,235559.0,0.0,True
CZ,1992,TJ_GCV,269802.0,208228.0,0.0,43582.0,7203.0,10789.0,269802.0,140572.0,46551.0,0.0,17327.0,3778.0,0.0,0.0,247.0,9245.0,25626.0,8464.0,7203.0,10789.0,269802.0,0.0,True,269802.0,0.0,True
CZ,1993,TJ_GCV,275727.0,212787.0,0.0,41173.0,7179.0,14588.0,275727.0,145251.0,55368.0,0.0,9414.0,2754.0,0.0,0.0,109.0,11836.0,21694.0,7534.0,7179.0,14588.0,275727.0,0.0,True,275727.0,0.0,True
CZ,1994,TJ_GCV,269319.0,212846.0,0.0,37263.0,6310.0,12900.0,269319.0,112674.0,63751.0,0.0,36000.0,421.0,0.0,0.0,320.0,11107.0,22137.0,3699.0,6310.0,12900.0,269319.0,0.0,True,269319.0,0.0,True
CZ,1995,TJ_GCV,304642.0,239440.0,0.0,45209.0,6792.0,13201.0,304642.0,121517.0,72843.0,34954.0,9399.0,727.0,0.0,0.0,422.0,15603.0,26960.0,2224.0,6792.0,13201.0,304642.0,0.0,True,304642.0,0.0,True
CZ,1996,TJ_GCV,350550.0,268903.0,0.0,61443.0,7466.0,12738.0,350550.0,127694.0,98376.0,36417.0,4648.0,1768.0,0.0,0.0,2587.0,19116.0,38084.0,1656.0,7466.0,12738.0,350550.0,0.0,True,350550.0,0.0,True
CZ,1997,TJ_GCV,355737.0,283990.0,0.0,54145.0,7616.0,9986.0,355737.0,141580.0,94048.0,38763.0,8082.0,1517.0,0.0,0.0,3563.0,18806.0,31776.0,0.0,7616.0,9986.0,355737.0,0.0,True,355737.0,0.0,True
CZ,1998,TJ_GCV,356387.0,287922.0,0.0,49976.0,6043.0,12446.0,356387.0,132511.0,96615.0,50398.0,7112.0,1286.0,0.0,0.0,4591.0,17238.0,28147.0,0.0,6043.0,12446.0,356387.0,0.0,True,356387.0,0.0,True
CZ,1999,TJ_GCV,359198.0,284941.0,0.0,58683.0,4613.0,10961.0,359198.0,126365.0,96266.0,54353.0,6582.0,1375.0,0.0,0.0,5011.0,21504.0,32168.0,0.0,4613.0,10961.0,359198.0,0.0,True,359198.0,0.0,True
CZ,2000,TJ_GCV,348717.0,275184.0,0.0,57864.0,5437.0,10232.0,348717.0,121028.0,95334.0,51346.0,6117.0,1359.0,0.0,0.0,2106.0,30168.0,25590.0,0.0,5437.0,10232.0,348717.0,0.0,True,348717.0,0.0,True
CZ,2001,TJ_GCV,373656.0,300052.0,0.0,59380.0,4936.0,9288.0,373656.0,121493.0,110580.0,60332.0,6223.0,1424.0,0.0,0.0,2194.0,30089.0,27097.0,0.0,4936.0,9288.0,373656.0,0.0,True,373656.0,0.0,True
CZ,2002,TJ_GCV,361090.0,288028.0,0.0,59340.0,4952.0,8770.0,361090.0,120085.0,103720.0,56102.0,6577.0,1544.0,0.0,0.0,2055.0,30278.0,27007.0,0.0,4952.0,8770.0,361090.0,0.0,True,361090.0,0.0,True
CZ,2003,TJ_GCV,364819.0,293964.0,0.0,58942.0,4391.0,7522.0,364819.0,117342.0,111740.0,58817.0,4553.0,1512.0,0.0,0.0,1793.0,30943.0,26206.0,0.0,4391.0,7522.0,364819.0,0.0,True,364819.0,0.0,True
CZ,2004,TJ_GCV,362293.0,288912.0,0.0,64805.0,4946.0,3630.0,362293.0,115521.0,109372.0,57784.0,4613.0,1622.0,0.0,0.0,2076.0,32737.0,29992.0,0.0,4946.0,3630.0,362293.0,0.0,True,362293.0,0.0,True
CZ,2005,TJ_GCV,358364.0,287698.0,0.0,60455.0,5841.0,4370.0,358364.0,112496.0,107487.0,59248.0,6667.0,1800.0,0.0,0.0,1873.0,29529.0,29053.0,0.0,5841.0,4370.0,358364.0,0.0,True,358364.0,0.0,True
CZ,2006,TJ_GCV,352110.0,285981.0,0.0,55784.0,5579.0,4766.0,352110.0,114478.0,105855.0,56816.0,6792.0,2040.0,0.0,0.0,1848.0,27428.0,26508.0,0.0,5579.0,4766.0,352110.0,0.0,True,352110.0,0.0,True
CZ,2007,TJ_GCV,332566.0,273380.0,0.0,49757.0,5409.0,4020.0,332566.0,112793.0,94718.0,56370.0,6886.0,2613.0,0.0,0.0,453.0,22215.0,27089.0,0.0,5409.0,4020.0,332566.0,0.0,True,332566.0,0.0,True
CZ,2008,TJ_GCV,329762.0,271954.0,4480.0,44611.0,5218.0,3499.0,329762.0,104326.0,95246.0,61822.0,7365.0,3195.0,4480.0,0.0,391.0,17331.0,26889.0,0.0,5218.0,3499.0,329762.0,0.0,True,329762.0,0.0,True
CZ,2009,TJ_GCV,313403.0,253026.0,2743.0,44674.0,5112.0,7848.0,313403.0,90916.0,95797.0,58250.0,4706.0,3357.0,2743.0,0.0,381.0,18270.0,26023.0,0.0,5112.0,7848.0,313403.0,0.0,True,313403.0,0.0,True
CZ,2010,TJ_GCV,353955.0,283233.0,4215.0,55710.0,4568.0,6229.0,353955.0,103112.0,110828.0,60048.0,5802.0,3443.0,4215.0,0.0,611.0,19401.0,35698.0,0.0,4568.0,6229.0,353955.0,0.0,True,353955.0,0.0,True
CZ,2011,TJ_GCV,323609.0,256249.0,4419.0,52413.0,4622.0,5906.0,323609.0,96018.0,93152.0,57710.0,5972.0,3397.0,4419.0,0.0,708.0,21118.0,30587.0,0.0,4622.0,5906.0,323609.0,0.0,True,323609.0,0.0,True
CZ,2012,TJ_GCV,318946.0,250598.0,4511.0,53652.0,4430.0,5755.0,318946.0,94774.0,94126.0,53464.0,5860.0,2374.0,4511.0,0.0,541.0,23113.0,29998.0,0.0,4430.0,5755.0,318946.0,0.0,True,318946.0,0.0,True
CZ,2013,TJ_GCV,323147.0,249672.0,4306.0,58867.0,4859.0,5443.0,323147.0,95477.0,94433.0,51450.0,5830.0,2482.0,4306.0,0.0,3925.0,24532.0,30410.0,0.0,4859.0,5443.0,323147.0,0.0,True,323147.0,0.0,True
CZ,2014,TJ_GCV,287592.0,223610.0,4397.0,49626.0,4387.0,5572.0,287592.0,88665.0,76526.0,50341.0,5255.0,2823.0,4397.0,0.0,1714.0,22775.0,25137.0,0.0,4387.0,5572.0,287592.0,0.0,True,287592.0,0.0,True
CZ,2015,TJ_GCV,301578.0,233725.0,4462.0,53620.0,4400.0,5371.0,301578.0,92216.0,83243.0,50149.0,5029.0,3088.0,4462.0,0.0,4872.0,23352.0,25396.0,0.0,4400.0,5371.0,301578.0,0.0,True,301578.0,0.0,True
CZ,2016,TJ_GCV,326399.0,245810.0,4665.0,67100.0,3696.0,5128.0,326399.0,93748.0,92746.0,52460.0,4320.0,2536.0,4665.0,0.0,13411.0,24935.0,28754.0,0.0,3696.0,5128.0,326399.0,0.0,True,326399.0,0.0,True
CZ,2017,TJ_GCV,334990.0,257229.0,4128.0,64937.0,4426.0,4270.0,334990.0,99590.0,93248.0,55362.0,5775.0,3254.0,4128.0,0.0,12550.0,23775.0,28612.0,0.0,4426.0,4270.0,334990.0,0.0,True,334990.0,0.0,True
CZ,2018,TJ_GCV,317224.753,240332.61,4146.35,64593.651,4075.975,4076.167,317224.753,94143.925,87403.775,51460.368,3846.528,3478.014,4146.35,0.0,13026.538,23496.099,28071.014,0.0,4075.975,4076.167,317224.753,0.0,True,317224.753,0.0,True
CZ,2019,TJ_GCV,332999.018,241312.361,4523.618,78562.432,4563.269,4037.338,332999.018,94410.255,83521.424,54506.973,4358.714,4514.995,4523.618,0.0,26425.964,23824.9,28311.568,0.0,4563.269,4037.338,332999.018,0.0,True,332999.018,0.0,True
CZ,2020,TJ_GCV,338484.296,239970.848,4428.95,86890.614,3841.38,3352.504,338484.296,94618.22,86340.847,49207.781,4436.23,5367.77,4428.95,0.0,34001.11,25540.889,27348.615,0.0,3841.38,3352.504,338484.296,0.0,True,338484.296,0.0,True
CZ,2021,TJ_GCV,362780.965,255960.246,3828.378,95722.929,3792.321,3477.091,362780.965,103827.663,96835.615,46449.034,4109.187,4738.747,3828.378,0.0,37302.438,28421.81,29998.681,0.0,3792.321,3477.091,362780.965,0.0,True,362780.965,0.0,True
CZ,2022,TJ_GCV,295941.329,219412.934,2869.244,65332.084,4371.872,3955.195,295941.329,93168.543,77317.777,42857.192,2097.728,3971.694,2869.244,0.0,15173.487,24986.239,25172.358,0.0,4371.872,3955.195,295941.329,0.0,True,295941.329,0.0,True
CZ,2023,TJ_GCV,264138.599,195697.213,2447.489,58138.911,4370.049,3484.937,264138.599,82620.887,69132.407,38518.254,1809.088,3616.577,2447.489,0.0,12629.651,22480.23,23029.03,0.0,4370.049,3484.937,264138.599,0.0,True,264138.599,0.0,True
CZ,2024,TJ_GCV,266920.675,197864.592,2870.267,59962.543,3818.952,2404.321,266920.675,81589.696,67920.96,42768.543,1941.521,3643.872,2870.267,0.0,13836.059,22362.524,23763.959,0.0,3818.952,2404.321,266920.675,0.0,True,266920.674,0.001,True
DE,1990,TJ_GCV,2491910.0,1712320.0,104901.0,567299.0,76131.0,31259.0,2491910.0,793012.0,623812.0,217795.0,77701.0,0.0,104901.0,0.0,373757.0,119996.0,0.0,73546.0,76131.0,31259.0,2491910.0,0.0,True,2491910.0,0.0,True
DE,1991,TJ_GCV,2615466.0,1875287.0,68787.0,566172.0,79047.0,26173.0,2615466.0,788251.0,740557.0,247055.0,99424.0,0.0,68787.0,0.0,362447.0,134058.0,0.0,69667.0,79047.0,26173.0,2615466.0,0.0,True,2615466.0,0.0,True
DE,1992,TJ_GCV,2581147.0,1912589.0,74439.0,500762.0,72905.0,20452.0,2581147.0,803479.0,762320.0,247361.0,99429.0,0.0,74439.0,0.0,312865.0,130924.0,0.0,56973.0,72905.0,20452.0,2581147.0,0.0,True,2581147.0,0.0,True
DE,1993,TJ_GCV,2671473.0,2035409.0,61673.0,482685.0,72293.0,19413.0,2671473.0,801055.0,862265.0,263598.0,108491.0,0.0,61673.0,0.0,313459.0,135321.0,0.0,33905.0,72293.0,19413.0,2671473.0,0.0,True,2671473.0,0.0,True
DE,1994,TJ_GCV,2799161.0,2081478.0,71300.0,546191.0,69684.0,30508.0,2799161.0,816076.0,865825.0,257728.0,141849.0,0.0,71300.0,0.0,363797.0,167522.0,0.0,14872.0,69684.0,30508.0,2799161.0,0.0,True,2799161.0,0.0,True
DE,1995,TJ_GCV,2984493.0,2242886.0,83085.0,574226.0,60125.0,24171.0,2984493.0,834544.0,974638.0,271645.0,162059.0,0.0,83085.0,0.0,383321.0,94569.0,89923.0,6413.0,60125.0,24171.0,2984493.0,0.0,True,2984493.0,0.0,True
DE,1996,TJ_GCV,3324996.0,2525496.0,82284.0,630001.0,64278.0,22937.0,3324996.0,834043.0,1151644.0,301574.0,238235.0,0.0,82284.0,0.0,414190.0,136385.0,74916.0,4510.0,64278.0,22937.0,3324996.0,0.0,True,3324996.0,0.0,True
DE,1997,TJ_GCV,3190385.0,2410273.0,98332.0,615639.0,46375.0,19766.0,3190385.0,833014.0,1060556.0,275936.0,240767.0,0.0,98332.0,0.0,424848.0,127874.0,60600.0,2317.0,46375.0,19766.0,3190385.0,0.0,True,3190385.0,0.0,True
DE,1998,TJ_GCV,3217383.0,2413142.0,100000.0,634334.0,48392.0,21515.0,3217383.0,836825.0,1072232.0,273526.0,230559.0,0.0,100000.0,0.0,437783.0,135928.0,58253.0,2370.0,48392.0,21515.0,3217383.0,0.0,True,3217383.0,0.0,True
DE,1999,TJ_GCV,3247527.0,2426421.0,100000.0,648484.0,50622.0,22000.0,3247527.0,873421.0,1056000.0,270000.0,227000.0,0.0,100000.0,0.0,451496.0,138200.0,56488.0,2300.0,50622.0,22000.0,3247527.0,0.0,True,3247527.0,0.0,True
DE,2000,TJ_GCV,3209491.0,2464691.0,100000.0,573451.0,51349.0,20000.0,3209491.0,895827.0,1090000.0,270000.0,208000.0,864.0,100000.0,0.0,386911.0,129240.0,55000.0,2300.0,51349.0,20000.0,3209491.0,0.0,True,3209491.0,0.0,True
DE,2001,TJ_GCV,3356157.0,2508971.0,100000.0,672138.0,49669.0,25379.0,3356157.0,866799.0,1150000.0,280000.0,211000.0,1172.0,100000.0,0.0,464838.0,150000.0,55000.0,2300.0,49669.0,25379.0,3356157.0,0.0,True,3356157.0,0.0,True
DE,2002,TJ_GCV,3349724.0,2508119.0,100000.0,672138.0,46919.0,22548.0,3349724.0,865590.0,1150000.0,280000.0,211000.0,1529.0,100000.0,0.0,464838.0,150000.0,55000.0,2300.0,46919.0,22548.0,3349724.0,0.0,True,3349724.0,0.0,True
DE,2003,TJ_GCV,3391973.0,2475683.0,100000.0,800136.0,16154.0,0.0,3391973.0,831136.0,1153161.0,447547.0,0.0,43839.0,100000.0,0.0,187837.0,461841.0,150438.0,20.0,16154.0,0.0,3391973.0,0.0,True,3391973.0,0.0,True
DE,2004,TJ_GCV,3415714.0,2491380.0,110000.0,797250.0,17084.0,0.0,3415714.0,881813.0,1119757.0,444321.0,0.0,45489.0,110000.0,0.0,186000.0,492954.0,118296.0,0.0,17084.0,0.0,3415714.0,0.0,True,3415714.0,0.0,True
DE,2005,TJ_GCV,3456413.0,2447605.0,115000.0,869678.0,24130.0,0.0,3456413.0,895721.0,1083480.0,429293.0,0.0,39111.0,115000.0,0.0,218589.0,520441.0,130648.0,0.0,24130.0,0.0,3456413.0,0.0,True,3456413.0,0.0,True
DE,2006,TJ_GCV,3518795.0,2490617.0,110000.0,894121.0,24057.0,0.0,3518795.0,873075.0,1054545.0,528654.0,0.0,34343.0,110000.0,0.0,235582.0,541976.0,116563.0,0.0,24057.0,0.0,3518795.0,0.0,True,3518795.0,0.0,True
DE,2007,TJ_GCV,3395830.0,2385539.0,107000.0,881414.0,21877.0,0.0,3395830.0,942850.0,980253.0,430526.0,0.0,31910.0,107000.0,0.0,244692.0,530736.0,105986.0,0.0,21877.0,0.0,3395830.0,0.0,True,3395830.0,0.0,True
DE,2008,TJ_GCV,3527584.0,2446758.0,101261.0,952475.0,27090.0,0.0,3527584.0,932291.0,1031151.0,455660.0,0.0,27656.0,101261.0,0.0,300089.0,546488.0,105898.0,0.0,27090.0,0.0,3527584.0,0.0,True,3527584.0,0.0,True
DE,2009,TJ_GCV,3281334.0,2275339.0,90132.0,877488.0,38375.0,0.0,3281334.0,809325.0,1016425.0,427745.0,0.0,21844.0,90132.0,0.0,257923.0,521829.0,97736.0,0.0,38375.0,0.0,3281334.0,0.0,True,3281334.0,0.0,True
DE,2010,TJ_GCV,3611511.0,2511746.0,111279.0,946112.0,42374.0,0.0,3611511.0,937542.0,1112140.0,423412.0,15351.0,23301.0,111279.0,0.0,276915.0,546487.0,122710.0,0.0,42374.0,0.0,3611511.0,0.0,True,3611511.0,0.0,True
DE,2011,TJ_GCV,3274115.0,2241826.0,107742.0,878646.0,45901.0,0.0,3274115.0,907027.0,919141.0,375038.0,18127.0,22493.0,107742.0,0.0,245383.0,526649.0,106614.0,0.0,45901.0,0.0,3274115.0,0.0,True,3274115.0,0.0,True
DE,2012,TJ_GCV,3286733.0,2339955.0,95673.0,800978.0,50127.0,0.0,3286733.0,911686.0,1005705.0,385675.0,14898.0,21991.0,95673.0,0.0,183522.0,517788.0,99668.0,0.0,50127.0,0.0,3286733.0,0.0,True,3286733.0,0.0,True
DE,2013,TJ_GCV,3353991.0,2458347.0,112126.0,726589.0,56929.0,0.0,3353991.0,913572.0,1047128.0,462126.0,14433.0,21088.0,112126.0,0.0,124031.0,490449.0,112109.0,0.0,56929.0,0.0,3353991.0,0.0,True,3353991.0,0.0,True
DE,2014,TJ_GCV,3035560.0,2206383.0,117595.0,649580.0,62002.0,0.0,3035560.0,894532.0,851228.0,422653.0,17095.0,20875.0,117595.0,0.0,82849.0,471558.0,95173.0,0.0,62002.0,0.0,3035560.0,0.0,True,3035560.0,0.0,True
DE,2015,TJ_GCV,3124614.0,2293540.0,110352.0,655365.0,65357.0,0.0,3124614.0,893136.0,918251.0,447535.0,14774.0,19844.0,110352.0,0.0,73095.0,482362.0,99908.0,0.0,65357.0,0.0,3124614.0,0.0,True,3124614.0,0.0,True
DE,2016,TJ_GCV,3428700.0,2438386.0,122021.0,809795.0,58498.0,0.0,3428700.0,930021.0,1027742.0,444401.0,15484.0,20738.0,122021.0,0.0,144689.0,562862.0,102244.0,0.0,58498.0,0.0,3428700.0,0.0,True,3428700.0,0.0,True
DE,2017,TJ_GCV,3490826.233,2454935.472,120120.174,851818.0,63952.587,0.0,3490826.233,971497.009,1004749.265,445632.697,11798.0,21258.501,120120.174,0.0,160490.0,589223.0,102105.0,0.0,63952.587,0.0,3490826.233,0.0,True,3490826.233,0.0,True
DE,2018,TJ_GCV,3491802.559,2474705.34,139906.07,804742.0,72449.149,0.0,3491802.559,912060.837,1035766.307,498356.298,-0.0,28521.898,139906.07,0.0,172232.0,548623.0,83887.0,0.0,72449.149,0.0,3491802.559,0.0,True,3491802.559,0.0,True
DE,2019,TJ_GCV,3521315.526,2435977.344,159621.499,857557.0,68159.683,0.0,3521315.526,906009.453,1041095.358,440448.291,11987.0,36437.242,159621.499,0.0,218958.0,561567.0,77032.0,0.0,68159.683,0.0,3521315.526,0.0,True,3521315.526,0.0,True
DE,2020,TJ_GCV,3536645.678,2422017.237,132472.275,899353.0,82803.166,0.0,3536645.678,914240.987,1011608.507,462641.711,11522.0,22004.032,132472.275,0.0,261947.0,562137.0,75269.0,0.0,82803.166,0.0,3536645.678,0.0,True,3536645.678,0.0,True
DE,2021,TJ_GCV,3774571.242,2658578.352,134199.0,916736.0,65057.89,0.0,3774571.242,953288.532,1168960.298,498518.752,11929.341,25881.429,134199.0,0.0,208287.0,618420.0,90029.0,0.0,65057.89,0.0,3774571.242,0.0,True,3774571.242,0.0,True
DE,2022,TJ_GCV,3237427.754,2312996.448,82714.0,807141.0,34576.306,0.0,3237427.754,837828.3,994157.946,425126.974,16347.958,39535.27,82714.0,0.0,186619.0,540753.0,79769.0,0.0,34576.306,0.0,3237427.754,0.0,True,3237427.754,0.0,True
DE,2023,TJ_GCV,3087929.096,2125190.026,83603.13,840561.471,37468.654,1105.815,3087929.096,791557.613,901074.433,380926.96,15382.343,36248.677,83603.13,0.0,163387.0,594622.471,82552.0,0.0,37468.654,1105.815,3087929.096,0.0,True,3087929.096,0.0,True
DE,2024,TJ_GCV,3132607.704,2094713.806,71181.902,922199.533,43383.867,1128.596,3132607.704,782835.41,896192.454,368781.055,15366.96,31537.927,71181.902,0.0,180228.0,628956.438,86823.0,26192.095,43383.867,1128.596,3132607.704,0.0,True,3132607.704,0.0,True
DK,1990,TJ_GCV,84551.0,52189.0,0.0,22085.0,10147.0,130.0,84551.0,24870.0,17867.0,6510.0,2942.0,0.0,0.0,0.0,0.0,8088.0,12259.0,1738.0,10147.0,130.0,84551.0,0.0,True,84551.0,0.0,True
DK,1991,TJ_GCV,95734.0,58574.0,0.0,26637.0,10393.0,130.0,95734.0,26760.0,21228.0,6952.0,3634.0,0.0,0.0,0.0,0.0,9733.0,15172.0,1732.0,10393.0,130.0,95734.0,0.0,True,95734.0,0.0,True
DK,1992,TJ_GCV,100660.0,60548.0,0.0,28017.0,11965.0,130.0,100660.0,27324.0,22458.0,7472.0,3294.0,0.0,0.0,0.0,0.0,12627.0,13722.0,1668.0,11965.0,130.0,100660.0,0.0,True,100660.0,0.0,True
DK,1993,TJ_GCV,113990.0,68643.0,0.0,33121.0,12095.0,131.0,113990.0,29755.0,26322.0,9087.0,3479.0,0.0,0.0,0.0,0.0,18761.0,12689.0,1671.0,12095.0,131.0,113990.0,0.0,True,113990.0,0.0,True
DK,1994,TJ_GCV,127368.0,70198.0,0.0,43711.0,13328.0,131.0,127368.0,33022.0,26310.0,7366.0,3500.0,0.0,0.0,0.0,0.0,31235.0,11067.0,1409.0,13328.0,131.0,127368.0,0.0,True,127368.0,0.0,True
DK,1995,TJ_GCV,147487.0,77264.0,0.0,56110.0,13982.0,131.0,147487.0,36267.0,28823.0,8604.0,3570.0,0.0,0.0,0.0,0.0,45367.0,9406.0,1337.0,13982.0,131.0,147487.0,0.0,True,147487.0,0.0,True
DK,1996,TJ_GCV,173739.0,83094.0,0.0,73862.0,16652.0,131.0,173739.0,34921.0,32741.0,11661.0,3771.0,0.0,0.0,0.0,0.0,65152.0,7409.0,1301.0,16652.0,131.0,173739.0,0.0,True,173739.0,0.0,True
DK,1997,TJ_GCV,182919.0,80542.0,0.0,80489.0,21756.0,132.0,182919.0,36864.0,30631.0,9386.0,3661.0,0.0,0.0,0.0,0.0,74364.0,4996.0,1129.0,21756.0,132.0,182919.0,0.0,True,182919.0,0.0,True
DK,1998,TJ_GCV,198737.0,80239.0,0.0,94185.0,24180.0,133.0,198737.0,36204.0,31653.0,8934.0,3448.0,0.0,0.0,0.0,0.0,88999.0,4173.0,1013.0,24180.0,133.0,198737.0,0.0,True,198737.0,0.0,True
DK,1999,TJ_GCV,208913.0,81308.0,0.0,101143.0,26329.0,133.0,208913.0,38926.0,31527.0,7707.0,3148.0,0.0,0.0,0.0,0.0,96846.0,3433.0,864.0,26329.0,133.0,208913.0,0.0,True,208913.0,0.0,True
DK,2000,TJ_GCV,206912.0,77566.0,0.0,101191.0,27991.0,164.0,206912.0,36189.0,30632.0,7461.0,3284.0,0.0,0.0,0.0,0.0,98249.0,2942.0,0.0,27991.0,164.0,206912.0,0.0,True,206912.0,0.0,True
DK,2001,TJ_GCV,215467.0,82650.0,0.0,105393.0,27259.0,165.0,215467.0,38950.0,32514.0,7535.0,3651.0,0.0,0.0,0.0,0.0,101806.0,3587.0,0.0,27259.0,165.0,215467.0,0.0,True,215467.0,0.0,True
DK,2002,TJ_GCV,215256.0,77303.0,0.0,108554.0,29237.0,162.0,215256.0,34747.0,31202.0,7934.0,3420.0,0.0,0.0,0.0,0.0,105499.0,3055.0,0.0,29237.0,162.0,215256.0,0.0,True,215256.0,0.0,True
DK,2003,TJ_GCV,217845.0,81049.0,0.0,107357.0,29279.0,160.0,217845.0,34804.0,33359.0,9704.0,3182.0,0.0,0.0,0.0,0.0,103642.0,3715.0,0.0,29279.0,160.0,217845.0,0.0,True,217845.0,0.0,True
DK,2004,TJ_GCV,216886.0,79194.0,0.0,107341.0,30191.0,160.0,216886.0,33221.0,33175.0,9686.0,3112.0,0.0,0.0,0.0,0.0,103915.0,3426.0,0.0,30191.0,160.0,216886.0,0.0,True,216886.0,0.0,True
DK,2005,TJ_GCV,208379.0,79428.0,0.0,97728.0,31066.0,157.0,208379.0,33237.0,32804.0,10296.0,3091.0,0.0,0.0,0.0,0.0,92867.0,4861.0,0.0,31066.0,157.0,208379.0,0.0,True,208379.0,0.0,True
DK,2006,TJ_GCV,212451.0,79518.0,0.0,101120.0,31659.0,154.0,212451.0,33245.0,31763.0,11434.0,3076.0,0.0,0.0,0.0,0.0,96005.0,5115.0,0.0,31659.0,154.0,212451.0,0.0,True,212451.0,0.0,True
DK,2007,TJ_GCV,190112.0,76214.0,0.0,82364.0,31382.0,152.0,190112.0,33315.0,29525.0,10707.0,2667.0,0.0,0.0,0.0,0.0,75039.0,7325.0,0.0,31382.0,152.0,190112.0,0.0,True,190112.0,0.0,True
DK,2008,TJ_GCV,191166.0,76154.0,0.0,83749.0,31111.0,152.0,191166.0,33630.0,29467.0,10620.0,2437.0,0.0,0.0,0.0,0.0,76367.0,7382.0,0.0,31111.0,152.0,191166.0,0.0,True,191166.0,0.0,True
DK,2009,TJ_GCV,183341.0,73642.0,0.0,80234.0,29311.0,154.0,183341.0,30783.0,29661.0,10728.0,2470.0,0.0,0.0,0.0,0.0,70767.0,9467.0,0.0,29311.0,154.0,183341.0,0.0,True,183341.0,0.0,True
DK,2010,TJ_GCV,205455.0,81248.0,0.0,95203.0,28848.0,156.0,205455.0,33175.0,34947.0,10586.0,2540.0,0.0,0.0,0.0,0.0,84297.0,10906.0,0.0,28848.0,156.0,205455.0,0.0,True,205455.0,0.0,True
DK,2011,TJ_GCV,173595.0,74012.0,0.0,71991.0,27435.0,157.0,173595.0,33198.0,30207.0,8271.0,2336.0,0.0,0.0,0.0,0.0,62624.0,9367.0,0.0,27435.0,157.0,173595.0,0.0,True,173595.0,0.0,True
DK,2012,TJ_GCV,162773.0,73520.0,0.0,61296.0,27800.0,157.0,162773.0,31788.0,30232.0,9230.0,2270.0,0.0,0.0,0.0,0.0,47273.0,14023.0,0.0,27800.0,157.0,162773.0,0.0,True,162773.0,0.0,True
DK,2013,TJ_GCV,153441.0,73498.0,0.0,53766.0,26019.0,158.0,153441.0,31463.0,30234.0,9649.0,2152.0,0.0,0.0,0.0,0.0,39517.0,14249.0,0.0,26019.0,158.0,153441.0,0.0,True,153441.0,0.0,True
DK,2014,TJ_GCV,132376.97,67193.315,0.0,39409.648,25609.953,164.053,132376.97,31789.348,26314.845,7134.734,1954.389,0.0,0.0,0.0,0.0,23255.852,16153.796,0.0,25609.953,164.053,132376.969,0.001,True,132376.97,0.0,True
DK,2015,TJ_GCV,136168.106,70493.535,0.0,38668.747,26844.551,161.273,136168.106,30929.224,27826.637,8029.993,1956.182,1751.499,0.0,0.0,0.0,20325.234,18343.513,0.0,26844.551,161.273,136168.106,0.0,True,136168.106,0.0,True
DK,2016,TJ_GCV,140354.736,72816.529,0.0,42725.184,24652.239,160.784,140354.736,30814.902,29755.088,8285.135,2143.938,1817.466,0.0,0.0,0.0,24090.132,18635.052,0.0,24652.239,160.784,140354.736,0.0,True,140354.736,0.0,True
DK,2017,TJ_GCV,136379.586,73655.12,0.0,36840.356,25731.606,152.503,136379.586,31987.322,28813.031,8630.685,2244.895,1979.187,0.0,0.0,0.0,21735.44,15104.916,0.0,25731.606,152.503,136379.585,0.001,True,136379.585,0.001,True
DK,2018,TJ_GCV,133212.666,72308.417,0.0,36856.281,23897.409,150.558,133212.666,33311.599,28485.907,8150.627,1917.704,442.58,0.0,0.0,0.0,21473.065,15383.216,0.0,23897.409,150.558,133212.665,0.001,True,133212.665,0.001,True
DK,2019,TJ_GCV,126997.726,70823.212,0.0,33203.985,22827.009,143.519,126997.726,31486.617,28520.42,8470.015,1852.731,493.429,0.0,0.0,0.0,21330.477,11873.508,0.0,22827.009,143.519,126997.725,0.001,True,126997.725,0.001,True
DK,2020,TJ_GCV,108379.794,68684.443,0.0,23312.238,16254.79,128.323,108379.794,30987.645,27431.25,7919.557,1832.691,513.3,0.0,0.0,0.0,12271.031,11041.207,0.0,16254.79,128.323,108379.794,0.0,True,108379.794,0.0,True
DK,2021,TJ_GCV,117523.05,73636.586,0.0,24709.297,19056.037,121.13,117523.05,33897.813,26824.237,10422.904,1883.424,608.208,0.0,0.0,0.0,15250.356,9458.941,0.0,19056.037,121.13,117523.05,0.0,True,117523.05,0.0,True
DK,2022,TJ_GCV,91572.387,56841.189,0.0,15391.159,19190.811,149.228,91572.387,26562.628,21849.177,6972.429,946.003,510.951,0.0,0.0,0.0,9756.646,5634.513,0.0,19190.811,149.228,91572.387,0.0,True,91572.386,0.001,True
DK,2023,TJ_GCV,90719.89,54616.64,0.0,17571.964,18382.637,148.65,90719.89,26764.125,20524.855,5841.017,966.888,519.756,0.0,0.0,0.0,9676.944,7895.02,0.0,18382.637,148.65,90719.891,-0.001,True,90719.892,-0.002,True
DK,2024,TJ_GCV,94900.522,56357.653,0.0,17382.468,21010.567,149.833,94900.522,28643.634,19711.938,6495.686,1014.007,492.388,0.0,0.0,0.0,8979.83,8402.639,0.0,21010.567,149.833,94900.521,0.001,True,94900.522,0.0,True
EA20,1990,TJ_GCV,8761251.001,6135256.152,511227.0,1861869.0,202536.849,50362.0,8761251.001,2765955.152,2245812.41,864986.59,242423.0,16079.0,511227.0,0.0,888472.0,724936.0,150157.0,98304.0,202536.849,50362.0,8761251.001,0.0,True,8761251.001,0.0,True
EA20,1991,TJ_GCV,9372097.389,6712055.048,501314.0,1872093.0,215631.341,71004.0,9372097.389,2783923.048,2623212.918,999908.082,288715.0,16296.0,501314.0,0.0,843262.0,788620.0,147690.0,92521.0,215631.341,71004.0,9372097.389,0.0,True,9372097.389,0.0,True
EA20,1992,TJ_GCV,9185607.001,6683700.436,486818.0,1726894.0,209502.565,78692.0,9185607.001,2802122.436,2574969.538,1006857.462,284249.0,15502.0,486818.0,0.0,780700.0,758300.0,110468.0,77426.0,209502.565,78692.0,9185607.001,0.0,True,9185607.001,0.0,True
EA20,1993,TJ_GCV,9313649.196,6885602.609,425067.0,1740696.0,203743.587,58540.0,9313649.196,2771412.609,2768370.658,1033120.342,296808.0,15891.0,425067.0,0.0,801147.0,807796.0,79011.0,52742.0,203743.587,58540.0,9313649.196,0.0,True,9313649.196,0.0,True
EA20,1994,TJ_GCV,9351569.561,6814144.223,456394.0,1834654.0,191964.338,54413.0,9351569.561,2808495.223,2660643.742,1015569.258,313210.0,16226.0,456394.0,0.0,860945.0,859546.0,82758.0,31405.0,191964.338,54413.0,9351569.561,0.0,True,9351569.561,0.0,True
EA20,1995,TJ_GCV,10000103.999,7283267.189,476166.0,1997600.0,191006.81,52064.0,10000103.999,2969161.189,2917222.466,1045188.534,334402.0,17293.0,476166.0,0.0,928094.0,859755.0,189400.0,20351.0,191006.81,52064.0,10000103.999,0.0,True,10000103.999,0.0,True
EA20,1996,TJ_GCV,10892154.999,7986879.356,478485.0,2176878.0,195540.643,54372.0,10892154.999,3053454.356,3320669.855,1164157.145,428703.0,19895.0,478485.0,0.0,999107.0,990798.0,169928.0,17045.0,195540.643,54372.0,10892154.999,0.0,True,10892154.999,0.0,True
EA20,1997,TJ_GCV,10807808.0,7687361.476,515536.0,2368865.0,182223.524,53822.0,10807808.0,3078525.476,3065342.596,1116581.404,405685.0,21227.0,515536.0,0.0,1096388.0,1100558.0,164320.0,7599.0,182223.524,53822.0,10807808.0,0.0,True,10807808.0,0.0,True
EA20,1998,TJ_GCV,11156224.765,7882566.091,510170.0,2518261.0,189880.674,55347.0,11156224.765,3181698.091,3182687.325,1099768.675,395855.0,22557.0,510170.0,0.0,1314634.0,1036369.0,157188.0,10070.0,189880.674,55347.0,11156224.765,0.0,True,11156224.765,0.0,True
EA20,1999,TJ_GCV,11647927.411,8062344.374,510806.0,2827323.0,191067.037,56387.0,11647927.411,3299520.374,3203194.669,1146147.331,388828.0,24654.0,510806.0,0.0,1531597.0,1125451.0,160012.0,10263.0,191067.037,56387.0,11647927.411,0.0,True,11647927.411,0.0,True
EA20,2000,TJ_GCV,11957766.007,8212078.516,521591.0,2962763.267,194583.224,66750.0,11957766.007,3490410.481,3208094.613,1112261.261,374836.161,26476.0,521591.0,0.0,1467016.0,1309503.631,175298.636,10945.0,194583.224,66750.0,11957766.007,0.0,True,11957766.007,0.0,True
EA20,2001,TJ_GCV,12363969.6,8489870.746,502211.2,3135210.758,174994.896,61682.0,12363969.6,3525852.573,3384253.593,1144167.009,374453.571,61144.0,502211.2,0.0,1525280.803,1429538.454,170667.501,9724.0,174994.896,61682.0,12363969.6,0.0,True,12363969.6,0.0,True
EA20,2002,TJ_GCV,12477301.0,8419505.449,473562.0,3344847.723,178775.828,60610.0,12477301.0,3556368.151,3363729.391,1081712.154,364089.753,53606.0,473562.0,0.0,1630339.964,1531310.542,173830.217,9367.0,178775.828,60610.0,12477301.0,0.0,True,12477301.0,0.0,True
EA20,2003,TJ_GCV,13102896.999,8714476.978,471486.0,3715926.02,145959.001,55049.0,13102896.999,3601771.982,3504403.13,1331014.613,178210.253,99077.0,471486.0,0.0,1472026.385,1967758.175,269098.46,7043.0,145959.001,55049.0,13102896.999,0.0,True,13102896.999,0.0,True
EA20,2004,TJ_GCV,13526296.7,8717979.08,487155.9,4092626.276,154225.844,74309.6,13526296.7,3494367.435,3558676.514,1360909.215,195494.516,108531.4,487155.9,0.0,1668241.739,2180981.667,235018.87,8384.0,154225.844,74309.6,13526296.7,0.0,True,13526296.7,0.0,True
EA20,2005,TJ_GCV,14029138.517,8846988.7,480505.389,4456412.963,171967.188,73264.277,14029138.517,3589339.19,3553477.0,1412508.458,188063.363,103600.689,480505.389,0.0,1873286.927,2324241.539,249972.497,8912.0,171967.188,73264.277,14029138.517,0.0,True,14029138.517,0.0,True
EA20,2006,TJ_GCV,14004518.257,8609246.654,445795.387,4635874.183,247342.708,66259.325,14004518.257,3307078.064,3470583.29,1512182.664,225546.647,93855.989,445795.387,0.0,2006692.016,2398046.369,220810.798,10325.0,247342.708,66259.325,14004518.257,0.0,True,14004518.257,0.0,True
EA20,2007,TJ_GCV,13871730.422,8252081.209,483229.223,4799398.768,270539.968,66481.254,13871730.422,3391266.34,3207892.604,1370600.81,186062.937,96258.518,479007.223,4222.0,2124522.564,2451061.71,209711.494,14103.0,270539.968,66481.254,13871730.422,0.0,True,13871730.422,0.0,True
EA20,2008,TJ_GCV,14299685.739,8415842.503,450510.052,5078505.169,303651.391,51176.624,14299685.739,3286640.624,3374704.465,1479418.379,175698.362,99380.673,449288.052,1222.0,2396185.433,2456622.189,209322.547,16375.0,303651.391,51176.624,14299685.739,0.0,True,14299685.739,0.0,True
EA20,2009,TJ_GCV,13512902.154,7949366.409,420058.182,4804157.726,291747.071,47572.766,13512902.154,2775155.238,3412519.79,1496927.504,174716.928,90046.949,395614.182,24444.0,2201070.294,2368163.21,220045.222,14879.0,291747.071,47572.766,13512902.154,0.0,True,13512902.154,0.0,True
EA20,2010,TJ_GCV,14614046.992,8710138.349,486966.898,5019841.66,340382.394,56717.691,14614046.992,3081062.139,3716814.078,1581655.049,233495.951,97111.132,445633.898,41333.0,2200173.194,2550219.492,252989.018,16459.956,340382.394,56717.691,14614046.992,0.0,True,14614046.992,0.0,True
EA20,2011,TJ_GCV,13392395.685,7934251.563,500363.697,4560680.126,345937.809,51162.49,13392395.685,3037506.985,3230803.635,1348214.237,207493.925,110232.781,459807.697,40556.0,1958486.284,2364301.619,217599.651,20292.572,345937.809,51162.49,13392395.685,0.0,True,13392395.685,0.0,True
EA20,2012,TJ_GCV,13143572.692,8203808.631,474495.26,4043318.244,367095.307,54855.25,13143572.692,3040664.727,3426411.68,1434118.013,203250.383,99363.828,438606.26,35889.0,1484290.93,2308501.356,223699.247,26826.711,367095.307,54855.25,13143572.692,0.0,True,13143572.692,0.0,True
EA20,2013,TJ_GCV,12847443.971,8428276.324,473477.004,3513969.983,375039.94,56680.72,12847443.971,3075861.333,3505737.735,1537527.969,199511.418,109637.869,461255.004,12222.0,1131223.044,2118308.805,229574.313,34863.821,375039.94,56680.72,12847443.971,0.0,True,12847443.971,0.0,True
EA20,2014,TJ_GCV,11386203.125,7419264.273,489010.88,3054506.746,372733.702,50687.524,11386203.125,2969944.337,2838796.608,1322955.377,183777.879,103790.072,472121.88,16889.0,937931.581,1888768.989,196393.011,31413.165,372733.702,50687.524,11386203.125,0.0,True,11386203.125,0.0,True
EA20,2015,TJ_GCV,11911009.248,7704282.431,480315.253,3297482.496,379345.269,49583.799,11911009.248,2918773.418,3087894.232,1431917.358,159844.315,105853.108,480315.253,0.0,1091281.356,1977333.464,196409.355,32458.321,379345.269,49583.799,11911009.248,0.0,True,11911009.248,0.0,True
EA20,2016,TJ_GCV,12667703.597,8018114.194,473653.238,3762373.579,365289.995,48272.591,12667703.597,3026698.031,3279381.853,1444157.088,155289.647,112587.575,473653.238,0.0,1412263.498,2113187.155,202104.511,34818.415,365289.995,48272.591,12667703.597,0.0,True,12667703.597,0.0,True
EA20,2017,TJ_GCV,13191561.704,8052625.423,519619.54,4179264.335,387996.537,52055.869,13191561.704,3087946.192,3240142.375,1457463.86,151449.13,115623.866,513586.346,6033.194,1730366.937,2199784.467,213270.178,35842.753,387996.537,52055.869,13191561.704,0.0,True,13191561.704,0.0,True
EA20,2018,TJ_GCV,12961234.077,8063220.085,511092.36,3893820.929,440637.541,52463.161,12961234.077,3042388.353,3206696.732,1541489.926,149905.324,122739.75,511092.36,0.0,1539807.995,2128395.659,192463.03,33154.246,440637.541,52463.161,12961234.076,0.001,True,12961234.077,0.0,True
EA20,2019,TJ_GCV,13399500.957,7948702.971,548286.386,4406287.0,443718.014,52506.586,13399500.957,3021556.232,3166123.72,1460288.524,162255.701,138478.794,548286.386,0.0,2001692.37,2191178.099,180192.22,33224.31,443718.014,52506.586,13399500.957,0.0,True,13399500.956,0.001,True
EA20,2020,TJ_GCV,12986585.429,7724187.321,499996.819,4289352.102,430180.762,42868.426,12986585.429,2946243.003,3103141.017,1408188.704,154826.957,111787.64,499996.819,0.0,1957508.775,2120207.429,179825.772,31810.126,430180.762,42868.426,12986585.43,-0.001,True,12986585.43,-0.001,True
EA20,2021,TJ_GCV,13591112.212,8499895.459,492280.246,4165685.273,390559.675,42691.558,13591112.212,3261025.955,3440830.456,1491880.855,169499.077,136659.116,476882.242,15398.004,1822211.613,2102030.273,210638.0,30805.388,390559.675,42691.558,13591112.211,0.001,True,13591112.212,0.0,True
EA20,2022,TJ_GCV,11911408.126,7266036.844,331190.391,4044483.855,226885.272,42811.765,11911408.126,2838523.443,2890654.849,1261528.202,136834.162,138496.188,331190.391,0.0,2003259.387,1852503.152,169210.117,19511.199,226885.272,42811.765,11911408.127,-0.001,True,11911408.127,-0.001,True
EA20,2023,TJ_GCV,10951686.458,6769512.378,334028.819,3536172.166,270551.782,41421.314,10951686.458,2689375.373,2603732.462,1205868.124,138993.794,131542.625,333986.647,42.172,1504391.952,1816360.9,186096.873,29322.441,270551.782,41421.314,10951686.459,-0.001,True,10951686.459,-0.001,True
EA20,2024,TJ_GCV,10924003.57,6799491.712,289866.741,3534583.846,263772.484,36288.788,10924003.57,2710655.187,2598652.486,1212776.255,148392.491,129015.293,289866.741,0.0,1368477.411,1770411.525,199387.927,196306.984,263772.484,36288.788,10924003.571,-0.001,True,10924003.572,-0.002,True
EA21,1990,TJ_GCV,9013321.001,6225678.152,541651.0,1988542.0,203955.849,53494.0,9013321.001,2855527.152,2245812.41,865832.59,242427.0,16079.0,541651.0,0.0,888472.0,826017.0,175749.0,98304.0,203955.849,53494.0,9013321.001,0.0,True,9013321.001,0.0,True
EA21,1991,TJ_GCV,9584975.389,6787406.048,516818.0,1990669.0,217172.341,72910.0,9584975.389,2859042.048,2623212.918,1000140.082,288715.0,16296.0,516818.0,0.0,843262.0,884949.0,169937.0,92521.0,217172.341,72910.0,9584975.389,0.0,True,9584975.389,0.0,True
EA21,1992,TJ_GCV,9374092.001,6747265.436,498349.0,1835213.0,212683.565,80581.0,9374092.001,2865365.436,2574969.538,1007179.462,284249.0,15502.0,498349.0,0.0,780700.0,847081.0,128843.0,78589.0,212683.565,80581.0,9374092.001,0.0,True,9374092.001,0.0,True
EA21,1993,TJ_GCV,9489032.196,6932492.609,452035.0,1835965.0,207237.587,61302.0,9489032.196,2817991.609,2768370.658,1033431.342,296808.0,15891.0,452035.0,0.0,801147.0,880148.0,100751.0,53919.0,207237.587,61302.0,9489032.196,0.0,True,9489032.196,0.0,True
EA21,1994,TJ_GCV,9527020.561,6871069.223,482734.0,1919567.0,194763.338,58887.0,9527020.561,2865078.223,2660643.742,1015911.258,313210.0,16226.0,482734.0,0.0,860945.0,920768.0,105495.0,32359.0,194763.338,58887.0,9527020.561,0.0,True,9527020.561,0.0,True
EA21,1995,TJ_GCV,10211860.999,7355556.189,501397.0,2104661.0,194314.81,55932.0,10211860.999,3040515.189,2917222.466,1046123.534,334402.0,17293.0,501397.0,0.0,928094.0,936805.0,218402.0,21360.0,194314.81,55932.0,10211860.999,0.0,True,10211860.999,0.0,True
EA21,1996,TJ_GCV,11108491.999,8056031.356,507872.0,2286614.0,199252.643,58722.0,11108491.999,3120968.356,3320669.855,1165795.145,428703.0,19895.0,507872.0,0.0,999107.0,1066186.0,203220.0,18101.0,199252.643,58722.0,11108491.999,0.0,True,11108491.999,0.0,True
EA21,1997,TJ_GCV,10980397.0,7779312.476,528886.0,2431163.0,185213.524,55822.0,10980397.0,3168993.476,3065342.596,1117530.404,405695.0,21751.0,528886.0,0.0,1096388.0,1144840.0,181326.0,8609.0,185213.524,55822.0,10980397.0,0.0,True,10980397.0,0.0,True
EA21,1998,TJ_GCV,11300630.765,7955887.091,518571.0,2578003.0,191723.674,56446.0,11300630.765,3249885.091,3182687.325,1100740.675,395885.0,26689.0,518571.0,0.0,1314671.0,1079002.0,173366.0,10964.0,191723.674,56446.0,11300630.765,0.0,True,11300630.765,0.0,True
EA21,1999,TJ_GCV,11773041.411,8114878.374,519829.0,2885068.0,194855.037,58411.0,11773041.411,3347465.374,3203194.669,1146897.331,389094.0,28227.0,519829.0,0.0,1531633.0,1167196.0,174962.0,11277.0,194855.037,58411.0,11773041.411,0.0,True,11773041.411,0.0,True
EA21,2000,TJ_GCV,12094039.007,8276619.516,536573.0,3014155.267,198174.224,68517.0,12094039.007,3546120.481,3208103.613,1112831.261,375436.161,34128.0,536573.0,0.0,1467114.0,1346777.631,188363.636,11900.0,198174.224,68517.0,12094039.007,0.0,True,12094039.007,0.0,True
EA21,2001,TJ_GCV,12490798.6,8545686.746,517040.2,3183676.758,178556.896,65838.0,12490798.6,3573728.573,3384290.593,1144983.009,375121.571,67563.0,517040.2,0.0,1526170.803,1463525.454,183217.501,10763.0,178556.896,65838.0,12490798.6,0.0,True,12490798.6,0.0,True
EA21,2002,TJ_GCV,12588396.0,8469407.449,483586.0,3389725.723,181774.828,63902.0,12588396.0,3598118.151,3363788.391,1082639.154,364787.753,60074.0,483586.0,0.0,1631825.964,1562262.542,185307.217,10330.0,181774.828,63902.0,12588396.0,0.0,True,12588396.0,0.0,True
EA21,2003,TJ_GCV,13218652.999,8765671.978,481903.0,3763044.02,149221.001,58813.0,13218652.999,3646673.982,3504547.13,1332318.613,178983.253,103149.0,481903.0,0.0,1472442.385,2001000.175,281719.46,7882.0,149221.001,58813.0,13218652.999,0.0,True,13218652.999,0.0,True
EA21,2004,TJ_GCV,13642470.7,8771837.08,499497.9,4135363.276,157758.844,78013.6,13642470.7,3538974.435,3558944.514,1362365.215,196494.516,115058.4,499497.9,0.0,1668761.739,2211069.667,246111.87,9420.0,157758.844,78013.6,13642470.7,0.0,True,13642470.7,0.0,True
EA21,2005,TJ_GCV,14158871.517,8910590.7,494948.389,4502848.963,174876.188,75607.277,14158871.517,3638089.19,3554132.0,1414535.458,189298.363,114535.689,494948.389,0.0,1874188.927,2353278.539,265501.497,9880.0,174876.188,75607.277,14158871.517,0.0,True,14158871.517,0.0,True
EA21,2006,TJ_GCV,14137050.257,8677407.654,457178.387,4683838.183,250549.708,68076.325,14137050.257,3357838.064,3471721.29,1515183.664,227035.647,105628.989,457178.387,0.0,2008083.016,2428760.369,235662.798,11332.0,250549.708,68076.325,14137050.257,0.0,True,14137050.257,0.0,True
EA21,2007,TJ_GCV,14007790.422,8324926.209,494586.223,4846023.768,273701.968,68552.254,14007790.422,3443900.34,3209416.604,1373865.81,187571.937,110171.518,490364.223,4222.0,2124940.564,2486656.71,219148.494,15278.0,273701.968,68552.254,14007790.422,0.0,True,14007790.422,0.0,True
EA21,2008,TJ_GCV,14432227.739,8485183.503,463118.052,5125566.169,305416.391,52943.624,14432227.739,3335138.624,3376514.465,1483196.379,177314.362,113019.673,461896.052,1222.0,2396527.433,2491564.189,219689.547,17785.0,305416.391,52943.624,14432227.739,0.0,True,14432227.739,0.0,True
EA21,2009,TJ_GCV,13612195.154,7995506.409,427326.182,4847447.726,293570.071,48344.766,13612195.154,2805872.238,3414882.79,1499999.504,175924.928,98826.949,402882.182,24444.0,2201211.294,2399733.21,230703.222,15800.0,293570.071,48344.766,13612195.154,0.0,True,13612195.154,0.0,True
EA21,2010,TJ_GCV,14720210.992,8759364.349,495910.898,5065977.66,341636.394,57321.691,14720210.992,3113507.139,3719109.078,1585383.049,234635.951,106729.132,454577.898,41333.0,2200388.194,2581886.492,265662.018,18040.956,341636.394,57321.691,14720210.992,0.0,True,14720210.992,0.0,True
EA21,2011,TJ_GCV,13513439.685,7993510.563,511960.697,4608758.126,347695.809,51514.49,13513439.685,3076738.985,3233406.635,1352055.237,208775.925,122533.781,471404.697,40556.0,1958660.284,2399640.619,228566.651,21890.572,347695.809,51514.49,13513439.685,0.0,True,13513439.685,0.0,True
EA21,2012,TJ_GCV,13256850.692,8258803.631,483063.26,4090845.244,368801.307,55337.25,13256850.692,3075845.727,3428897.68,1437917.013,204299.383,111843.828,447174.26,35889.0,1484435.93,2345360.356,232739.247,28309.711,368801.307,55337.25,13256850.692,0.0,True,13256850.692,0.0,True
EA21,2013,TJ_GCV,12957422.971,8482050.324,483114.004,3558821.983,376259.94,57176.72,12957422.971,3111214.333,3507828.735,1541155.969,200463.418,121387.869,470892.004,12222.0,1131317.044,2154742.805,236360.313,36401.821,376259.94,57176.72,12957422.971,0.0,True,12957422.971,0.0,True
EA21,2014,TJ_GCV,11495412.125,7474097.273,499257.88,3097030.746,373807.702,51218.524,11495412.125,3006348.337,2840898.608,1326824.377,184766.879,115259.072,482368.88,16889.0,937999.581,1921756.989,204327.011,32947.165,373807.702,51218.524,11495412.125,0.0,True,11495412.125,0.0,True
EA21,2015,TJ_GCV,12030807.248,7764741.431,492979.253,3341578.496,381321.269,50186.799,12030807.248,2961519.418,3090302.232,1436060.358,160565.315,116294.108,492979.253,0.0,1091330.356,2006135.464,206257.355,37855.321,381321.269,50186.799,12030807.248,0.0,True,12030807.248,0.0,True
EA21,2016,TJ_GCV,12791142.597,8078617.194,487050.238,3810052.579,366730.995,48691.591,12791142.597,3069486.031,3282121.853,1448326.088,155967.647,122715.575,487050.238,0.0,1412965.498,2141293.155,211751.511,44042.415,366730.995,48691.591,12791142.597,0.0,True,12791142.597,0.0,True
EA21,2017,TJ_GCV,13318586.939,8115556.911,532551.833,4228317.211,389584.867,52576.117,13318586.939,3131157.744,3243308.712,1461870.301,152153.476,127066.678,526518.639,6033.194,1730956.468,2226797.072,224508.452,46055.219,389584.867,52576.117,13318586.939,0.0,True,13318586.939,0.0,True
EA21,2018,TJ_GCV,13080947.154,8123778.439,520764.193,3940712.796,442867.264,52824.461,13080947.154,3084098.11,3210291.814,1546039.208,150571.327,132777.98,520764.193,0.0,1540975.985,2155828.513,202483.374,41424.925,442867.264,52824.461,13080947.153,0.001,True,13080947.154,0.0,True
EA21,2019,TJ_GCV,13510354.673,8002051.655,555312.056,4454238.36,445893.684,52858.918,13510354.673,3060019.749,3169787.948,1464458.36,162718.103,145067.495,555312.056,0.0,2002195.973,2221122.004,187761.202,43159.18,445893.684,52858.918,13510354.673,0.0,True,13510354.672,0.001,True
EA21,2020,TJ_GCV,13098790.159,7778248.528,506953.581,4337963.679,432320.868,43303.504,13098790.159,2985722.504,3107610.133,1412138.577,155338.043,117439.271,506953.581,0.0,1959801.326,2149354.597,187915.093,40892.663,432320.868,43303.504,13098790.16,-0.001,True,13098790.16,-0.001,True
EA21,2021,TJ_GCV,13719438.335,8561153.888,499767.102,4222216.887,392910.146,43390.311,13719438.335,3304661.691,3446106.912,1496786.986,170080.381,143517.918,484369.098,15398.004,1830571.585,2135079.06,218368.269,38197.974,392910.146,43390.311,13719438.334,0.001,True,13719438.335,0.0,True
EA21,2022,TJ_GCV,12016685.361,7317710.424,337160.718,4090485.825,227780.538,43547.857,12016685.361,2874245.965,2894701.577,1266095.951,137307.944,145358.987,337160.718,0.0,2004165.856,1880398.519,177637.811,28283.639,227780.538,43547.857,12016685.362,-0.001,True,12016685.362,-0.001,True
EA21,2023,TJ_GCV,11049287.448,6816664.695,339545.732,3579604.296,271514.769,41957.957,11049287.448,2721895.001,2607039.825,1209681.435,139523.785,138524.649,339503.56,42.172,1504463.226,1843041.067,194772.088,37327.915,271514.769,41957.957,11049287.449,-0.001,True,11049287.449,-0.001,True
EA21,2024,TJ_GCV,11028642.533,6850599.869,295584.15,3580847.555,264981.008,36629.952,11028642.533,2744810.296,2602428.116,1216704.728,148944.397,137712.332,295584.15,0.0,1368590.744,1797552.404,208960.344,205744.064,264981.008,36629.952,11028642.534,-0.001,True,11028642.535,-0.002,True
EE,1990,TJ_GCV,56861.0,11989.0,8436.0,36370.0,0.0,66.0,56861.0,8893.0,2647.0,375.0,74.0,0.0,8436.0,0.0,0.0,12734.0,23636.0,0.0,0.0,66.0,56861.0,0.0,True,56861.0,0.0,True
EE,1991,TJ_GCV,57095.0,13473.0,7793.0,35710.0,0.0,119.0,57095.0,9800.0,3184.0,417.0,72.0,0.0,7793.0,0.0,0.0,13123.0,22587.0,0.0,0.0,119.0,57095.0,0.0,True,57095.0,0.0,True
EE,1992,TJ_GCV,33381.0,10015.0,4039.0,19295.0,0.0,32.0,33381.0,7010.0,2614.0,150.0,241.0,0.0,4039.0,0.0,0.0,3798.0,15497.0,0.0,0.0,32.0,33381.0,0.0,True,33381.0,0.0,True
EE,1993,TJ_GCV,16546.0,7417.0,1589.0,7514.0,0.0,26.0,16546.0,4298.0,2881.0,113.0,125.0,0.0,1589.0,0.0,0.0,1722.0,5792.0,0.0,0.0,26.0,16546.0,0.0,True,16546.0,0.0,True
EE,1994,TJ_GCV,23763.0,7255.0,5197.0,11284.0,0.0,27.0,23763.0,3993.0,3062.0,133.0,67.0,0.0,5197.0,0.0,0.0,2824.0,8460.0,0.0,0.0,27.0,23763.0,0.0,True,23763.0,0.0,True
EE,1995,TJ_GCV,27099.0,8367.0,5480.0,13224.0,0.0,28.0,27099.0,6009.0,2220.0,126.0,12.0,0.0,5480.0,0.0,0.0,3323.0,9901.0,0.0,0.0,28.0,27099.0,0.0,True,27099.0,0.0,True
EE,1996,TJ_GCV,29884.0,8830.0,5417.0,15597.0,0.0,40.0,29884.0,6638.0,1712.0,333.0,147.0,0.0,5417.0,0.0,0.0,3809.0,11788.0,0.0,0.0,40.0,29884.0,0.0,True,29884.0,0.0,True
EE,1997,TJ_GCV,29038.0,8882.0,5327.0,14775.0,26.0,28.0,29038.0,6736.0,1699.0,303.0,144.0,0.0,5327.0,0.0,0.0,3404.0,11371.0,0.0,26.0,28.0,29038.0,0.0,True,29038.0,0.0,True
EE,1998,TJ_GCV,27560.0,9482.0,5374.0,12649.0,24.0,31.0,27560.0,6941.0,2020.0,299.0,222.0,0.0,5374.0,0.0,0.0,3440.0,9209.0,0.0,24.0,31.0,27560.0,0.0,True,27560.0,0.0,True
EE,1999,TJ_GCV,26770.0,7635.0,5179.0,13594.0,362.0,0.0,26770.0,5190.0,1930.0,394.0,121.0,0.0,5179.0,0.0,0.0,3044.0,10550.0,0.0,362.0,0.0,26770.0,0.0,True,26770.0,0.0,True
EE,2000,TJ_GCV,30782.0,8231.0,4623.0,17521.0,407.0,0.0,30782.0,5666.0,1950.0,496.0,119.0,0.0,4623.0,0.0,0.0,8061.0,9460.0,0.0,407.0,0.0,30782.0,0.0,True,30782.0,0.0,True
EE,2001,TJ_GCV,33068.0,10003.0,4956.0,17736.0,373.0,0.0,33068.0,6855.0,1937.0,1043.0,168.0,0.0,4956.0,0.0,193.0,7798.0,9745.0,0.0,373.0,0.0,33068.0,0.0,True,33068.0,0.0,True
EE,2002,TJ_GCV,27714.0,8453.0,1268.0,17736.0,257.0,0.0,27714.0,5270.0,1714.0,1280.0,189.0,0.0,1268.0,0.0,367.0,6724.0,10645.0,0.0,257.0,0.0,27714.0,0.0,True,27714.0,0.0,True
EE,2003,TJ_GCV,31635.0,12870.0,2764.0,15625.0,376.0,0.0,31635.0,7891.0,1737.0,2987.0,255.0,0.0,2764.0,0.0,31.0,6739.0,8855.0,0.0,376.0,0.0,31635.0,0.0,True,31635.0,0.0,True
EE,2004,TJ_GCV,36032.0,12305.0,5036.0,18393.0,298.0,0.0,36032.0,7505.0,1795.0,2723.0,282.0,0.0,5036.0,0.0,7.0,6465.0,11921.0,0.0,298.0,0.0,36032.0,0.0,True,36032.0,0.0,True
EE,2005,TJ_GCV,37201.0,12247.0,5453.0,19213.0,288.0,0.0,37201.0,7704.0,2092.0,2151.0,300.0,0.0,5453.0,0.0,8.0,6964.0,12241.0,0.0,288.0,0.0,37201.0,0.0,True,37201.0,0.0,True
EE,2006,TJ_GCV,37595.0,12723.0,5440.0,19210.0,222.0,0.0,37595.0,7977.0,2124.0,2291.0,331.0,0.0,5440.0,0.0,0.0,6857.0,12353.0,0.0,222.0,0.0,37595.0,0.0,True,37595.0,0.0,True
EE,2007,TJ_GCV,37372.0,12732.0,5216.0,18909.0,515.0,0.0,37372.0,8091.0,2273.0,2042.0,326.0,0.0,5216.0,0.0,0.0,4387.0,14522.0,0.0,515.0,0.0,37372.0,0.0,True,37372.0,0.0,True
EE,2008,TJ_GCV,35844.0,10835.0,5399.0,19088.0,522.0,0.0,35844.0,6671.0,2287.0,1579.0,298.0,0.0,5399.0,0.0,0.0,4797.0,14291.0,0.0,522.0,0.0,35844.0,0.0,True,35844.0,0.0,True
EE,2009,TJ_GCV,24429.0,8562.0,599.0,14778.0,490.0,0.0,24429.0,4579.0,2357.0,1268.0,358.0,0.0,599.0,0.0,0.0,4034.0,10744.0,0.0,490.0,0.0,24429.0,0.0,True,24429.0,0.0,True
EE,2010,TJ_GCV,26168.0,9633.0,0.0,16001.0,534.0,0.0,26168.0,5314.0,2554.0,1383.0,380.0,2.0,0.0,0.0,0.0,3771.0,12230.0,0.0,534.0,0.0,26168.0,0.0,True,26168.0,0.0,True
EE,2011,TJ_GCV,23413.0,9467.0,0.0,13426.0,520.0,0.0,23413.0,5285.0,2404.0,1442.0,324.0,12.0,0.0,0.0,0.0,3026.0,10400.0,0.0,520.0,0.0,23413.0,0.0,True,23413.0,0.0,True
EE,2012,TJ_GCV,25372.0,10148.0,492.0,14311.0,421.0,0.0,25372.0,5543.0,2574.0,1622.0,384.0,25.0,492.0,0.0,0.0,1411.0,12900.0,0.0,421.0,0.0,25372.0,0.0,True,25372.0,0.0,True
EE,2013,TJ_GCV,25814.0,11632.0,3192.0,10629.0,361.0,0.0,25814.0,6807.0,2432.0,2015.0,338.0,40.0,3192.0,0.0,0.0,779.0,9850.0,0.0,361.0,0.0,25814.0,0.0,True,25814.0,0.0,True
EE,2014,TJ_GCV,20262.0,10413.0,0.0,9561.0,288.0,0.0,20262.0,4549.0,2429.0,3109.0,253.0,73.0,0.0,0.0,0.0,564.0,8997.0,0.0,288.0,0.0,20262.0,0.0,True,20262.0,0.0,True
EE,2015,TJ_GCV,18164.0,10347.0,0.0,7582.0,235.0,0.0,18164.0,4387.0,2294.0,3256.0,281.0,129.0,0.0,0.0,0.0,526.0,7056.0,0.0,235.0,0.0,18164.0,0.0,True,18164.0,0.0,True
EE,2016,TJ_GCV,19923.0,11743.0,0.0,6955.0,1225.0,0.0,19923.0,4954.0,2692.0,3690.0,215.0,192.0,0.0,0.0,0.0,575.0,6380.0,0.0,1225.0,0.0,19923.0,0.0,True,19923.0,0.0,True
EE,2017,TJ_GCV,18885.0,10965.0,0.0,7710.0,210.0,0.0,18885.0,4571.0,2577.0,3395.0,204.0,218.0,0.0,0.0,0.0,527.0,7183.0,0.0,210.0,0.0,18885.0,0.0,True,18885.0,0.0,True
EE,2018,TJ_GCV,19327.385,11775.404,0.0,6792.0,741.972,18.009,19327.385,5072.859,2557.859,3545.31,200.0,399.376,0.0,0.0,0.0,615.0,6177.0,0.0,741.972,18.009,19327.385,0.0,True,19327.385,0.0,True
EE,2019,TJ_GCV,17831.253,11465.313,0.0,5710.0,638.0,17.94,17831.253,4627.937,2686.88,3414.183,190.0,546.313,0.0,0.0,0.0,380.0,5330.0,0.0,638.0,17.94,17831.253,0.0,True,17831.253,0.0,True
EE,2020,TJ_GCV,16406.401,11588.479,0.0,4374.0,411.12,32.802,16406.401,4406.0,2615.0,3500.0,166.72,900.759,0.0,0.0,0.0,264.0,4110.0,0.0,411.12,32.802,16406.401,0.0,True,16406.401,0.0,True
EE,2021,TJ_GCV,18676.08,12309.976,0.0,5375.921,936.319,53.864,18676.08,4589.113,2805.463,3702.134,138.05,1075.216,0.0,0.0,0.0,400.921,4975.0,0.0,936.319,53.864,18676.08,0.0,True,18676.08,0.0,True
EE,2022,TJ_GCV,13994.586,8328.006,0.0,5293.235,138.0,235.345,13994.586,2987.938,2274.745,2179.174,114.265,771.884,0.0,0.0,0.0,559.235,4734.0,0.0,138.0,235.345,13994.586,0.0,True,13994.586,0.0,True
EE,2023,TJ_GCV,12269.763,7512.927,0.0,4385.089,86.352,285.395,12269.763,2185.257,2566.007,1807.998,72.215,881.45,0.0,0.0,37.944,181.378,4165.767,0.0,86.352,285.395,12269.763,0.0,True,12269.763,0.0,True
EE,2024,TJ_GCV,14022.722,8195.08,0.0,5693.642,134.0,0.0,14022.722,2530.532,2721.32,2003.523,60.205,879.5,0.0,0.0,693.7,203.042,4796.9,0.0,134.0,0.0,14022.722,0.0,True,14022.722,0.0,True
ES,1990,TJ_GCV,231251.0,183778.0,17416.0,24357.0,1635.0,4065.0,231251.0,158070.0,18037.0,7221.0,121.0,329.0,17416.0,0.0,8246.0,4476.0,0.0,11635.0,1635.0,4065.0,231251.0,0.0,True,231251.0,0.0,True
ES,1991,TJ_GCV,259529.0,200293.0,23604.0,22035.0,2667.0,10930.0,259529.0,162231.0,26966.0,10551.0,79.0,466.0,23604.0,0.0,8019.0,4157.0,0.0,9859.0,2667.0,10930.0,259529.0,0.0,True,259529.0,0.0,True
ES,1992,TJ_GCV,274017.0,218866.0,24578.0,22387.0,2257.0,5929.0,274017.0,172138.0,33728.0,12484.0,189.0,327.0,24578.0,0.0,9825.0,4700.0,0.0,7862.0,2257.0,5929.0,274017.0,0.0,True,274017.0,0.0,True
ES,1993,TJ_GCV,270452.0,233105.0,17991.0,14127.0,1878.0,3351.0,270452.0,180445.0,38218.0,13884.0,184.0,374.0,17991.0,0.0,2041.0,6138.0,0.0,5948.0,1878.0,3351.0,270452.0,0.0,True,270452.0,0.0,True
ES,1994,TJ_GCV,288027.0,233281.0,22777.0,28321.0,448.0,3200.0,288027.0,178320.0,41131.0,12813.0,149.0,868.0,22777.0,0.0,2833.0,21767.0,0.0,3721.0,448.0,3200.0,288027.0,0.0,True,288027.0,0.0,True
ES,1995,TJ_GCV,359241.0,298908.0,17741.0,36432.0,860.0,5300.0,359241.0,241279.0,44355.0,11995.0,406.0,873.0,17741.0,0.0,3214.0,31804.0,0.0,1414.0,860.0,5300.0,359241.0,0.0,True,359241.0,0.0,True
ES,1996,TJ_GCV,402036.0,320668.0,23725.0,45684.0,2488.0,9471.0,402036.0,251262.0,51909.0,14559.0,670.0,2268.0,23725.0,0.0,7345.0,37603.0,0.0,736.0,2488.0,9471.0,402036.0,0.0,True,402036.0,0.0,True
ES,1997,TJ_GCV,526057.0,360214.0,24574.0,129967.0,1426.0,9876.0,526057.0,282654.0,56666.0,16937.0,1240.0,2717.0,24574.0,0.0,69936.0,59583.0,0.0,448.0,1426.0,9876.0,526057.0,0.0,True,526057.0,0.0,True
ES,1998,TJ_GCV,540052.0,404879.0,22906.0,98872.0,1200.0,12195.0,540052.0,313623.0,66670.0,21517.0,1779.0,1290.0,22906.0,0.0,25599.0,72900.0,0.0,373.0,1200.0,12195.0,540052.0,0.0,True,540052.0,0.0,True
ES,1999,TJ_GCV,618220.0,448123.0,20000.0,137847.0,837.0,11413.0,618220.0,337767.0,81519.0,23540.0,3779.0,1518.0,20000.0,0.0,27664.0,110183.0,0.0,0.0,837.0,11413.0,618220.0,0.0,True,618220.0,0.0,True
ES,2000,TJ_GCV,707992.0,549827.0,22070.0,124891.0,837.0,10367.0,707992.0,425685.0,91748.0,25391.0,4253.0,2750.0,22070.0,0.0,34058.0,90833.0,0.0,0.0,837.0,10367.0,707992.0,0.0,True,707992.0,0.0,True
ES,2001,TJ_GCV,762924.0,605191.0,21915.0,130702.0,0.0,5116.0,762924.0,464895.0,104155.0,29605.0,1802.0,4734.0,21915.0,0.0,41023.0,89679.0,0.0,0.0,0.0,5116.0,762924.0,0.0,True,762924.0,0.0,True
ES,2002,TJ_GCV,872305.0,637164.0,20704.0,209401.0,0.0,5036.0,872305.0,481431.0,116871.0,30791.0,2359.0,5712.0,20704.0,0.0,94039.0,115362.0,0.0,0.0,0.0,5036.0,872305.0,0.0,True,872305.0,0.0,True
ES,2003,TJ_GCV,988782.0,712774.0,21914.0,247807.0,0.0,6287.0,988782.0,540837.0,136792.0,1869.0,27449.0,5827.0,21914.0,0.0,133377.0,114430.0,0.0,0.0,0.0,6287.0,988782.0,0.0,True,988782.0,0.0,True
ES,2004,TJ_GCV,1147717.0,761617.0,20477.0,358255.0,0.0,7368.0,1147717.0,574421.0,140062.0,8957.0,32913.0,5264.0,20477.0,0.0,232781.0,125474.0,0.0,0.0,0.0,7368.0,1147717.0,0.0,True,1147717.0,0.0,True
ES,2005,TJ_GCV,1354667.0,821226.0,22320.0,502323.0,0.0,8798.0,1354667.0,618073.0,147041.0,26378.0,23941.0,5793.0,22320.0,0.0,369025.0,133298.0,0.0,0.0,0.0,8798.0,1354667.0,0.0,True,1354667.0,0.0,True
ES,2006,TJ_GCV,1453488.0,705424.0,20511.0,641857.0,79783.0,5913.0,1453488.0,408432.0,169195.0,39100.0,84911.0,3786.0,20511.0,0.0,497704.0,144153.0,0.0,0.0,79783.0,5913.0,1453488.0,0.0,True,1453488.0,0.0,True
ES,2007,TJ_GCV,1481643.0,730864.0,22169.0,640403.0,82674.0,5533.0,1481643.0,469262.0,174683.0,35109.0,47910.0,3900.0,22169.0,0.0,493589.0,146814.0,0.0,0.0,82674.0,5533.0,1481643.0,0.0,True,1481643.0,0.0,True
ES,2008,TJ_GCV,1623751.0,683099.0,18240.0,839261.0,77071.0,6080.0,1623751.0,434947.0,168192.0,37750.0,37916.0,4294.0,18240.0,0.0,688917.0,150344.0,0.0,0.0,77071.0,6080.0,1623751.0,0.0,True,1623751.0,0.0,True
ES,2009,TJ_GCV,1450574.0,605120.0,17621.0,757935.0,64858.0,5040.0,1450574.0,350242.0,170528.0,41252.0,38451.0,4647.0,17621.0,0.0,609231.0,148704.0,0.0,0.0,64858.0,5040.0,1450574.0,0.0,True,1450574.0,0.0,True
ES,2010,TJ_GCV,1447624.0,667710.0,21875.0,680182.0,70597.0,7260.0,1447624.0,361293.0,197937.0,47093.0,55713.0,5674.0,21875.0,0.0,529106.0,151076.0,0.0,0.0,70597.0,7260.0,1447624.0,0.0,True,1447624.0,0.0,True
ES,2011,TJ_GCV,1345951.0,651566.0,22562.0,609377.0,56439.0,6007.0,1345951.0,358155.0,158723.0,79969.0,49023.0,5696.0,22562.0,0.0,442203.0,167174.0,0.0,0.0,56439.0,6007.0,1345951.0,0.0,True,1345951.0,0.0,True
ES,2012,TJ_GCV,1311234.0,681013.0,16496.0,517885.0,88501.0,7339.0,1311234.0,392838.0,163257.0,75472.0,43748.0,5698.0,16496.0,0.0,350237.0,167648.0,0.0,0.0,88501.0,7339.0,1311234.0,0.0,True,1311234.0,0.0,True
ES,2013,TJ_GCV,1199122.0,688136.0,21888.0,395682.0,86227.0,7189.0,1199122.0,420337.0,148564.0,69078.0,43764.0,6393.0,21888.0,0.0,213062.0,182620.0,0.0,0.0,86227.0,7189.0,1199122.0,0.0,True,1199122.0,0.0,True
ES,2014,TJ_GCV,1102164.0,665283.0,22562.0,323797.0,83556.0,6966.0,1102164.0,407273.0,143947.0,65169.0,42404.0,6490.0,22562.0,0.0,186923.0,136874.0,0.0,0.0,83556.0,6966.0,1102164.0,0.0,True,1102164.0,0.0,True
ES,2015,TJ_GCV,1141483.0,634663.0,20301.0,384257.0,97422.0,4840.0,1141483.0,376517.0,154353.0,81630.0,15965.0,6198.0,20301.0,0.0,242885.0,141372.0,0.0,0.0,97422.0,4840.0,1141483.0,0.0,True,1141483.0,0.0,True
ES,2016,TJ_GCV,1164058.0,656304.0,20704.0,376162.0,106268.0,4620.0,1164058.0,403221.0,155146.0,83402.0,7196.0,7339.0,20704.0,0.0,233791.0,142371.0,0.0,0.0,106268.0,4620.0,1164058.0,0.0,True,1164058.0,0.0,True
ES,2017,TJ_GCV,1259895.0,664829.0,20334.0,461908.0,107380.0,5444.0,1259895.0,408734.0,154608.0,85191.0,7839.0,8457.0,20334.0,0.0,305088.0,156820.0,0.0,0.0,107380.0,5444.0,1259895.0,0.0,True,1259895.0,0.0,True
ES,2018,TJ_GCV,1252963.0,693619.0,21572.0,417687.0,113670.0,6415.0,1252963.0,418424.0,169978.0,89190.0,7417.0,8610.0,21572.0,0.0,253311.0,164376.0,0.0,0.0,113670.0,6415.0,1252963.0,0.0,True,1252963.0,0.0,True
ES,2019,TJ_GCV,1433267.0,704754.0,21688.0,593612.0,107842.0,5371.0,1433267.0,432374.0,160824.0,92219.0,9428.0,9909.0,21688.0,0.0,423095.0,170517.0,0.0,0.0,107842.0,5371.0,1433267.0,0.0,True,1433267.0,0.0,True
ES,2020,TJ_GCV,1291898.0,679881.0,20689.0,496060.0,89717.0,5551.0,1291898.0,411372.0,161629.0,88862.0,8241.0,9777.0,20689.0,0.0,334988.0,161072.0,0.0,0.0,89717.0,5551.0,1291898.0,0.0,True,1291898.0,0.0,True
ES,2021,TJ_GCV,1366430.123,721786.123,27843.0,509802.0,100073.0,6926.0,1366430.123,435834.0,169080.0,95858.0,7882.123,13132.0,27843.0,0.0,342323.0,167479.0,0.0,0.0,100073.0,6926.0,1366430.123,0.0,True,1366430.123,0.0,True
ES,2022,TJ_GCV,1320361.293,615120.293,19903.0,633595.0,48417.0,3326.0,1320361.293,362639.0,145075.0,86159.0,5021.293,16226.0,19903.0,0.0,522909.0,110686.0,0.0,0.0,48417.0,3326.0,1320361.293,0.0,True,1320361.293,0.0,True
ES,2023,TJ_GCV,1172130.81,597573.01,21102.0,478813.0,70384.0,4258.8,1172130.81,354437.0,136023.0,85358.0,4997.01,16758.0,21102.0,0.0,360467.0,118346.0,0.0,0.0,70384.0,4258.8,1172130.81,0.0,True,1172130.81,0.0,True
ES,2024,TJ_GCV,1125602.63,618446.63,17274.0,436611.0,50013.0,3258.0,1125602.63,361651.1,135661.0,99516.0,4950.53,16668.0,17274.0,0.0,274525.0,113211.0,441.0,48434.0,50013.0,3258.0,1125602.63,0.0,True,1125602.63,0.0,True
EU27_2020,1990,TJ_GCV,11534740.001,7945498.152,656744.0,2613582.0,244050.849,74865.0,11534740.001,4050356.152,2625257.41,951810.59,301989.0,16085.0,656744.0,0.0,927643.0,1306441.0,258759.0,120739.0,244050.849,74865.0,11534740.001,0.0,True,11534740.001,0.0,True
EU27_2020,1991,TJ_GCV,11836019.389,8257882.048,603972.0,2611201.0,263392.341,99572.0,11836019.389,3736883.048,3063160.918,1094331.082,347207.0,16300.0,603972.0,0.0,889594.0,1358688.0,253063.0,109856.0,263392.341,99572.0,11836019.389,0.0,True,11836019.389,0.0,True
EU27_2020,1992,TJ_GCV,11491925.001,7753607.436,668724.0,2630356.0,287162.565,152075.0,11491925.001,3378063.436,2970569.538,1071303.462,313902.0,19769.0,668724.0,0.0,895076.0,1248728.0,393871.0,92681.0,287162.565,152075.0,11491925.001,0.0,True,11491925.001,0.0,True
EU27_2020,1993,TJ_GCV,11606387.196,8007785.609,601042.0,2556188.0,288675.587,152696.0,11606387.196,3357392.609,3200532.658,1112260.342,318605.0,18995.0,601042.0,0.0,885373.0,1273632.0,332043.0,65140.0,288675.587,152696.0,11606387.196,0.0,True,11606387.196,0.0,True
EU27_2020,1994,TJ_GCV,11639014.561,8093123.223,616493.0,2469978.0,310613.338,148807.0,11639014.561,3494328.223,3120476.742,1099747.258,361588.0,16983.0,616493.0,0.0,974297.0,1231140.0,226850.0,37691.0,310613.338,148807.0,11639014.561,0.0,True,11639014.561,0.0,True
EU27_2020,1995,TJ_GCV,12423247.999,8696750.189,637509.0,2656493.0,309657.81,122838.0,12423247.999,3721190.189,3416819.466,1179652.534,360782.0,18306.0,637509.0,0.0,1020599.0,1273992.0,336621.0,25281.0,309657.81,122838.0,12423247.999,0.0,True,12423247.999,0.0,True
EU27_2020,1996,TJ_GCV,13488001.999,9448649.356,659520.0,2919027.0,313783.643,147022.0,13488001.999,3808104.356,3840604.855,1326960.145,450935.0,22045.0,659520.0,0.0,1108182.0,1432329.0,357073.0,21443.0,313783.643,147022.0,13488001.999,0.0,True,13488001.999,0.0,True
EU27_2020,1997,TJ_GCV,13231866.0,9123268.476,689511.0,2975925.0,338515.524,104646.0,13231866.0,3792040.476,3596440.596,1278957.404,432022.0,23808.0,689511.0,0.0,1174932.0,1463961.0,325389.0,11643.0,338515.524,104646.0,13231866.0,0.0,True,13231866.0,0.0,True
EU27_2020,1998,TJ_GCV,13487685.765,9233665.091,640180.0,3160159.0,337555.674,116126.0,13487685.765,3782027.091,3707046.325,1294601.675,420305.0,29685.0,640180.0,0.0,1387584.0,1429295.0,324575.0,18705.0,337555.674,116126.0,13487685.765,0.0,True,13487685.765,0.0,True
EU27_2020,1999,TJ_GCV,13903388.411,9386571.374,636845.0,3441138.0,324309.037,114525.0,13903388.411,3868438.374,3724796.669,1349442.331,413092.0,30802.0,636845.0,0.0,1620336.0,1489637.0,314106.0,17059.0,324309.037,114525.0,13903388.411,0.0,True,13903388.411,0.0,True
EU27_2020,2000,TJ_GCV,14231556.007,9541529.516,674513.0,3555598.267,336506.224,123409.0,14231556.007,4072269.481,3723253.613,1309424.261,396525.161,40057.0,674513.0,0.0,1542844.0,1676829.631,314847.636,21077.0,336506.224,123409.0,14231556.007,0.0,True,14231556.007,0.0,True
EU27_2020,2001,TJ_GCV,14703935.6,9910688.746,647268.2,3724289.758,299264.896,122424.0,14703935.6,4125504.573,3926676.593,1383478.009,397644.571,77385.0,647268.2,0.0,1603227.803,1789002.454,312130.501,19929.0,299264.896,122424.0,14703935.6,0.0,True,14703935.6,0.0,True
EU27_2020,2002,TJ_GCV,14801089.0,9823981.449,581572.0,3960988.723,321633.828,112913.0,14801089.0,4151980.151,3910313.391,1304487.154,388532.753,68668.0,581572.0,0.0,1722959.964,1913290.542,304292.217,20446.0,321633.828,112913.0,14801089.0,0.0,True,14801089.0,0.0,True
EU27_2020,2003,TJ_GCV,15591034.999,10203815.978,604729.0,4387179.02,279326.001,115985.0,15591034.999,4207033.982,4096024.13,1588801.613,199524.253,112432.0,604729.0,0.0,1576151.385,2402314.175,391960.46,16753.0,279326.001,115985.0,15591034.999,0.0,True,15591034.999,0.0,True
EU27_2020,2004,TJ_GCV,15995243.7,10206238.08,633215.9,4747890.276,280742.844,127156.6,15995243.7,4078763.435,4128219.514,1654320.215,218102.516,126832.4,633215.9,0.0,1760622.739,2611341.667,354980.87,20945.0,280742.844,127156.6,15995243.7,0.0,True,15995243.7,0.0,True
EU27_2020,2005,TJ_GCV,16537447.517,10361660.7,655430.389,5094375.963,295969.188,130011.277,16537447.517,4175692.19,4136442.0,1706637.458,213204.363,129684.689,655430.389,0.0,1953552.927,2749224.539,369674.497,21924.0,295969.188,130011.277,16537447.517,0.0,True,16537447.517,0.0,True
EU27_2020,2006,TJ_GCV,16509386.257,10132512.654,597080.387,5283562.183,364211.708,132019.325,16509386.257,3881039.064,4052991.29,1823827.664,250012.647,124641.989,597080.387,0.0,2118931.016,2811909.369,328323.798,24398.0,364211.708,132019.325,16509386.257,0.0,True,16509386.257,0.0,True
EU27_2020,2007,TJ_GCV,16230199.422,9665295.209,641874.223,5430791.768,386175.968,106062.254,16230199.422,3961723.34,3726752.604,1639441.81,208488.937,128888.518,637652.223,4222.0,2248174.564,2843473.71,310564.494,28579.0,386175.968,106062.254,16230199.422,0.0,True,16230199.422,0.0,True
EU27_2020,2008,TJ_GCV,16644455.739,9840566.503,620011.052,5680646.169,415147.391,88084.624,16644455.739,3857297.624,3904299.465,1743998.379,200290.362,134680.673,618789.052,1222.0,2504294.433,2839729.189,303343.547,33279.0,415147.391,88084.624,16644455.739,0.0,True,16644455.739,0.0,True
EU27_2020,2009,TJ_GCV,15637508.154,9268575.409,558881.182,5330012.726,397060.071,82978.766,15637508.154,3242890.238,3941135.79,1771856.504,194658.928,118033.949,534437.182,24444.0,2262271.294,2718971.21,318095.222,30675.0,397060.071,82978.766,15637508.154,0.0,True,15637508.154,0.0,True
EU27_2020,2010,TJ_GCV,16907306.4,10126530.349,634706.898,5602417.66,449049.802,94601.691,16907306.4,3583464.139,4287594.078,1876811.049,254909.951,123751.132,593373.898,41333.0,2264946.194,2924515.492,368125.018,44830.956,449049.802,94601.691,16907306.4,0.0,True,16907306.4,0.0,True
EU27_2020,2011,TJ_GCV,15614496.023,9302938.563,667163.697,5106117.126,457450.147,80826.49,15614496.023,3551743.985,3756999.635,1624848.237,228300.925,141045.781,626607.697,40556.0,2016815.284,2722298.619,321836.651,45166.572,457450.147,80826.49,15614496.023,0.0,True,15614496.023,0.0,True
EU27_2020,2012,TJ_GCV,15317411.037,9531660.631,649267.26,4568342.244,480166.652,87974.25,15317411.037,3523613.727,3956584.68,1696213.013,223428.383,131820.828,613378.26,35889.0,1543910.93,2638312.356,328376.247,57742.711,480166.652,87974.25,15317411.037,0.0,True,15317411.037,0.0,True
EU27_2020,2013,TJ_GCV,14951385.403,9753995.324,636245.004,3989506.983,495090.372,76547.72,14951385.403,3571825.333,4023780.735,1794175.969,219078.418,145134.869,624023.004,12222.0,1176068.044,2400746.805,339625.313,73066.821,495090.372,76547.72,14951385.403,0.0,True,14951385.403,0.0,True
EU27_2020,2014,TJ_GCV,13359470.449,8664830.588,665090.88,3471448.394,491367.009,66733.577,13359470.449,3463793.685,3300372.453,1557822.111,203572.268,139270.072,648201.88,16889.0,973647.581,2129162.841,297712.807,70925.165,491367.009,66733.577,13359470.448,0.001,True,13359470.449,0.0,True
EU27_2020,2015,TJ_GCV,13933426.919,8983106.966,636782.253,3754460.243,494063.385,65014.072,13933426.919,3415667.642,3576025.869,1672045.351,178327.497,141040.607,636782.253,0.0,1152430.356,2217626.698,303759.868,80643.321,494063.385,65014.072,13933426.919,0.0,True,13933426.919,0.0,True
EU27_2020,2016,TJ_GCV,14781562.224,9347640.723,629729.238,4260641.763,479367.125,64183.375,14781562.224,3523057.933,3804607.941,1695986.223,175146.585,148842.041,629729.238,0.0,1488540.498,2382127.287,305233.563,84740.415,479367.125,64183.375,14781562.224,0.0,True,14781562.224,0.0,True
EU27_2020,2017,TJ_GCV,15401459.08,9418303.735,695784.772,4699847.638,519337.837,68185.097,15401459.08,3615634.486,3786787.119,1689122.943,173492.156,153267.031,689751.578,6033.194,1817867.668,2477695.358,318181.156,86103.456,519337.837,68185.097,15401459.079,0.001,True,15401459.079,0.001,True
EU27_2020,2018,TJ_GCV,15145496.588,9411881.429,673807.749,4433821.906,558787.341,67198.162,15145496.588,3580799.878,3742002.155,1760986.945,169101.128,158991.323,673807.749,0.0,1630606.895,2419379.098,298902.302,84933.612,558787.341,67198.162,15145496.587,0.001,True,15145496.588,0.0,True
EU27_2020,2019,TJ_GCV,15576393.052,9282433.052,703541.15,4954135.267,570190.846,66092.737,15576393.052,3548776.254,3698480.96,1681883.166,182579.269,170713.403,703541.15,0.0,2095581.08,2498516.348,275383.232,84654.606,570190.846,66092.737,15576393.052,0.0,True,15576393.051,0.001,True
EU27_2020,2020,TJ_GCV,15201575.415,9069952.834,670890.994,4859593.159,546273.796,54864.632,15201575.415,3473332.986,3668235.193,1611836.239,176160.578,140387.839,670890.994,0.0,2069354.564,2436183.501,273890.05,80165.044,546273.796,54864.632,15201575.415,0.0,True,15201575.416,-0.001,True
EU27_2020,2021,TJ_GCV,15964620.437,9996722.431,654618.412,4754541.74,504108.51,54629.343,15964620.437,3834418.823,4087591.623,1719402.379,191035.039,164274.567,639220.408,15398.004,1939535.851,2427181.616,315711.528,72112.745,504108.51,54629.343,15964620.436,0.001,True,15964620.436,0.001,True
EU27_2020,2022,TJ_GCV,13895684.415,8549551.354,443280.687,4523650.932,323105.094,56096.347,13895684.415,3317932.239,3454788.926,1471240.417,150906.466,154683.306,443280.687,0.0,2094721.743,2111074.784,261660.043,56194.361,323105.094,56096.347,13895684.414,0.001,True,13895684.413,0.002,True
EU27_2020,2023,TJ_GCV,12870431.176,7959023.83,435643.398,4039667.137,383596.293,52500.519,12870431.176,3131875.1,3129978.449,1397206.848,151553.143,148410.29,435601.226,42.172,1589385.569,2103621.404,276696.143,69964.021,383596.293,52500.519,12870431.177,-0.001,True,12870431.177,-0.001,True
EU27_2020,2024,TJ_GCV,12926091.073,8006963.452,394188.9,4096778.722,381636.095,46523.904,12926091.073,3173167.05,3123884.949,1400857.331,160264.653,148789.469,394188.9,0.0,1472203.505,2069934.638,294923.397,259717.182,381636.095,46523.904,12926091.073,0.0,True,12926091.073,0.0,True
FI,1990,TJ_GCV,101394.0,44550.0,153.0,46240.0,10451.0,0.0,101394.0,42664.0,1271.0,0.0,615.0,0.0,153.0,0.0,9136.0,31815.0,4345.0,944.0,10451.0,0.0,101394.0,0.0,True,101394.0,0.0,True
FI,1991,TJ_GCV,107369.0,48179.0,253.0,48457.0,10480.0,0.0,107369.0,45786.0,1653.0,0.0,740.0,0.0,253.0,0.0,10875.0,30753.0,5829.0,1000.0,10480.0,0.0,107369.0,0.0,True,107369.0,0.0,True
FI,1992,TJ_GCV,111241.0,50152.0,136.0,50373.0,10580.0,0.0,111241.0,47846.0,1566.0,0.0,740.0,0.0,136.0,0.0,6090.0,37236.0,6047.0,1000.0,10580.0,0.0,111241.0,0.0,True,111241.0,0.0,True
FI,1993,TJ_GCV,115132.0,48290.0,110.0,56512.0,10220.0,0.0,115132.0,45810.0,1697.0,0.0,783.0,0.0,110.0,0.0,7830.0,40700.0,6760.0,1222.0,10220.0,0.0,115132.0,0.0,True,115132.0,0.0,True
FI,1994,TJ_GCV,127606.0,54230.0,274.0,63992.0,9110.0,0.0,127606.0,51066.0,1875.0,0.0,798.0,491.0,274.0,0.0,14355.0,41454.0,6350.0,1833.0,9110.0,0.0,127606.0,0.0,True,127606.0,0.0,True
FI,1995,TJ_GCV,131854.0,46617.0,254.0,75273.0,9710.0,0.0,131854.0,43385.0,791.0,1164.0,758.0,519.0,254.0,0.0,14640.0,54212.0,5199.0,1222.0,9710.0,0.0,131854.0,0.0,True,131854.0,0.0,True
FI,1996,TJ_GCV,137997.0,46588.0,318.0,81551.0,9540.0,0.0,137997.0,43095.0,838.0,1219.0,798.0,638.0,318.0,0.0,16400.0,57874.0,5999.0,1278.0,9540.0,0.0,137997.0,0.0,True,137997.0,0.0,True
FI,1997,TJ_GCV,135700.0,44408.0,365.0,82436.0,8491.0,0.0,135700.0,40577.0,867.0,1408.0,678.0,878.0,365.0,0.0,10611.0,64322.0,6392.0,1111.0,8491.0,0.0,135700.0,0.0,True,135700.0,0.0,True
FI,1998,TJ_GCV,155211.0,57279.0,380.0,87262.0,10290.0,0.0,155211.0,53608.0,900.0,1175.0,718.0,878.0,380.0,0.0,3140.0,75815.0,7251.0,1056.0,10290.0,0.0,155211.0,0.0,True,155211.0,0.0,True
FI,1999,TJ_GCV,155212.0,54852.0,388.0,89542.0,10430.0,0.0,155212.0,50862.0,1024.0,1330.0,678.0,958.0,388.0,0.0,4777.0,75724.0,8152.0,889.0,10430.0,0.0,155212.0,0.0,True,155212.0,0.0,True
FI,2000,TJ_GCV,159184.0,42273.0,447.0,105824.0,10640.0,0.0,159184.0,38585.0,1043.0,1255.0,672.0,718.0,447.0,0.0,4065.0,85665.0,14983.0,1111.0,10640.0,0.0,159184.0,0.0,True,159184.0,0.0,True
FI,2001,TJ_GCV,172543.0,43242.0,405.0,118323.0,10573.0,0.0,172543.0,39076.0,1213.0,1311.0,644.0,998.0,405.0,0.0,8005.0,95030.0,14177.0,1111.0,10573.0,0.0,172543.0,0.0,True,172543.0,0.0,True
FI,2002,TJ_GCV,171702.0,40327.0,486.0,121268.0,9621.0,0.0,171702.0,35906.0,1339.0,1433.0,651.0,998.0,486.0,0.0,8069.0,96497.0,15313.0,1389.0,9621.0,0.0,171702.0,0.0,True,171702.0,0.0,True
FI,2003,TJ_GCV,189981.0,39831.0,333.0,138870.0,10947.0,0.0,189981.0,35268.0,1326.0,1400.0,600.0,1237.0,333.0,0.0,25025.0,97634.0,14544.0,1667.0,10947.0,0.0,189981.0,0.0,True,189981.0,0.0,True
FI,2004,TJ_GCV,183501.0,40191.0,567.0,131676.0,11067.0,0.0,183501.0,35608.0,1376.0,1455.0,672.0,1080.0,567.0,0.0,13130.0,100884.0,15829.0,1833.0,11067.0,0.0,183501.0,0.0,True,183501.0,0.0,True
FI,2005,TJ_GCV,168143.0,38804.0,829.0,117712.0,10798.0,0.0,168143.0,34368.0,1409.0,1467.0,600.0,960.0,829.0,0.0,2730.0,97650.0,15721.0,1611.0,10798.0,0.0,168143.0,0.0,True,168143.0,0.0,True
FI,2006,TJ_GCV,180582.0,41107.0,527.0,125780.0,13168.0,0.0,180582.0,36520.0,1669.0,1411.0,549.0,958.0,527.0,0.0,17588.0,90836.0,14412.0,2944.0,13168.0,0.0,180582.0,0.0,True,180582.0,0.0,True
FI,2007,TJ_GCV,173247.0,41943.0,854.0,111649.0,18801.0,0.0,173247.0,37570.0,1810.0,1344.0,500.0,719.0,854.0,0.0,5043.0,85250.0,16202.0,5154.0,18801.0,0.0,173247.0,0.0,True,173247.0,0.0,True
FI,2008,TJ_GCV,179362.0,38444.0,939.0,119443.0,20536.0,0.0,179362.0,34337.0,1789.0,1295.0,384.0,639.0,939.0,0.0,3824.0,92162.0,16541.0,6916.0,20536.0,0.0,179362.0,0.0,True,179362.0,0.0,True
FI,2009,TJ_GCV,161790.0,32839.0,853.0,109505.0,18593.0,0.0,161790.0,28533.0,1912.0,1292.0,422.0,680.0,853.0,0.0,1691.0,84196.0,16590.0,7028.0,18593.0,0.0,161790.0,0.0,True,161790.0,0.0,True
FI,2010,TJ_GCV,178209.0,36837.0,1533.0,122099.0,17679.0,61.0,178209.0,32315.0,2142.0,1422.0,278.0,680.0,1533.0,0.0,2226.0,95744.0,16822.0,7307.0,17679.0,61.0,178209.0,0.0,True,178209.0,0.0,True
FI,2011,TJ_GCV,156142.0,34904.0,1172.0,103143.0,16874.0,49.0,156142.0,31039.0,1439.0,1724.0,182.0,520.0,1172.0,0.0,2007.0,80340.0,14235.0,6561.0,16874.0,49.0,156142.0,0.0,True,156142.0,0.0,True
FI,2012,TJ_GCV,139648.0,32652.0,1162.0,88445.0,17338.0,51.0,139648.0,28815.0,1550.0,1560.0,117.0,610.0,1162.0,0.0,1235.0,62031.0,18643.0,6536.0,17338.0,51.0,139648.0,0.0,True,139648.0,0.0,True
FI,2013,TJ_GCV,132839.0,32770.0,980.0,82533.0,16409.0,147.0,132839.0,29271.0,1370.0,1617.0,80.0,432.0,980.0,0.0,1506.0,57664.0,14930.0,8433.0,16409.0,147.0,132839.0,0.0,True,132839.0,0.0,True
FI,2014,TJ_GCV,117566.0,31204.0,1069.0,69272.0,15885.0,136.0,117566.0,27975.0,1334.0,1391.0,55.0,449.0,1069.0,0.0,734.0,46015.0,16045.0,6478.0,15885.0,136.0,117566.0,0.0,True,117566.0,0.0,True
FI,2015,TJ_GCV,104379.0,28661.0,959.0,61974.0,12652.0,133.0,104379.0,25726.0,1180.0,1320.0,122.0,313.0,959.0,0.0,394.0,42442.0,11763.0,7375.0,12652.0,133.0,104379.0,0.0,True,104379.0,0.0,True
FI,2016,TJ_GCV,95780.0,28025.0,628.0,57937.0,8975.0,215.0,95780.0,24911.0,1220.0,1360.0,139.0,395.0,628.0,0.0,298.0,33609.0,14825.0,9205.0,8975.0,215.0,95780.0,0.0,True,95780.0,0.0,True
FI,2017,TJ_GCV,91268.0,30904.0,699.0,50928.0,8338.0,399.0,91268.0,27859.0,1220.0,1360.0,72.0,393.0,699.0,0.0,164.0,31197.0,9221.0,10346.0,8338.0,399.0,91268.0,0.0,True,91268.0,0.0,True
FI,2018,TJ_GCV,100865.0,29225.0,829.0,61029.0,9039.0,743.0,100865.0,26238.0,1140.0,1200.0,86.0,561.0,829.0,0.0,1151.0,37385.0,12840.0,9653.0,9039.0,743.0,100865.0,0.0,True,100865.0,0.0,True
FI,2019,TJ_GCV,99596.0,33007.0,803.0,55173.0,10273.0,340.0,99596.0,29582.0,1240.0,1260.0,99.0,826.0,803.0,0.0,1206.0,33296.0,9999.0,10672.0,10273.0,340.0,99596.0,0.0,True,99596.0,0.0,True
FI,2020,TJ_GCV,98368.0,32696.0,743.0,55695.0,9001.0,233.0,98368.0,29506.0,1114.0,1101.0,114.0,861.0,743.0,0.0,478.0,35535.0,9817.0,9865.0,9001.0,233.0,98368.0,0.0,True,98368.0,0.0,True
FI,2021,TJ_GCV,99503.0,35886.0,2099.0,53925.0,7387.0,206.0,99503.0,32027.0,1303.0,1366.0,128.0,1062.0,2099.0,0.0,1064.0,32988.0,10733.0,9140.0,7387.0,206.0,99503.0,0.0,True,99503.0,0.0,True
FI,2022,TJ_GCV,51902.0,28791.0,2219.0,18607.0,1809.0,476.0,51902.0,25615.0,886.0,1120.0,94.0,1076.0,2219.0,0.0,220.0,8151.0,5693.0,4543.0,1809.0,476.0,51902.0,0.0,True,51902.0,0.0,True
FI,2023,TJ_GCV,59586.0,25583.0,1931.0,26727.0,4774.0,571.0,59586.0,23263.0,410.0,626.0,71.0,1213.0,1931.0,0.0,259.0,6041.0,12714.0,7713.0,4774.0,571.0,59586.0,0.0,True,59586.0,0.0,True
FI,2024,TJ_GCV,66893.0,24576.0,0.0,32293.0,9689.0,335.0,66893.0,22577.0,299.0,524.0,20.0,1156.0,0.0,0.0,158.0,9633.0,11685.0,10817.0,9689.0,335.0,66893.0,0.0,True,66893.0,0.0,True
FR,1990,TJ_GCV,1147664.0,1024319.0,88722.0,20319.0,12055.0,2249.0,1147664.0,427522.0,445641.41,144819.59,6329.0,7.0,88722.0,0.0,20319.0,0.0,0.0,0.0,12055.0,2249.0,1147664.0,0.0,True,1147664.0,0.0,True
FR,1991,TJ_GCV,1299891.0,1172011.0,90652.0,20768.0,13462.0,2998.0,1299891.0,454743.0,522320.918,185749.082,9191.0,7.0,90652.0,0.0,20768.0,0.0,0.0,0.0,13462.0,2998.0,1299891.0,0.0,True,1299891.0,0.0,True
FR,1992,TJ_GCV,1315164.0,1182985.0,95850.0,21078.0,13218.0,2033.0,1315164.0,455486.0,510598.538,206169.462,10724.0,7.0,95850.0,0.0,21078.0,0.0,0.0,0.0,13218.0,2033.0,1315164.0,0.0,True,1315164.0,0.0,True
FR,1993,TJ_GCV,1324745.0,1188016.0,97290.0,23618.0,13721.0,2100.0,1324745.0,449847.0,535882.658,192592.342,9644.0,50.0,97290.0,0.0,23618.0,0.0,0.0,0.0,13721.0,2100.0,1324745.0,0.0,True,1324745.0,0.0,True
FR,1994,TJ_GCV,1318841.0,1178011.0,99486.0,23993.0,15180.0,2171.0,1318841.0,446394.0,503315.742,219538.258,8734.0,29.0,99486.0,0.0,23993.0,0.0,0.0,0.0,15180.0,2171.0,1318841.0,0.0,True,1318841.0,0.0,True
FR,1995,TJ_GCV,1344926.0,1203141.0,98561.0,25644.0,15350.0,2230.0,1344926.0,479458.0,529430.466,185086.534,9148.0,18.0,98561.0,0.0,25644.0,0.0,0.0,0.0,15350.0,2230.0,1344926.0,0.0,True,1344926.0,0.0,True
FR,1996,TJ_GCV,1485577.0,1335515.0,103306.0,28611.0,15685.0,2460.0,1485577.0,502962.0,595331.855,227559.145,9644.0,18.0,103306.0,0.0,28611.0,0.0,0.0,0.0,15685.0,2460.0,1485577.0,0.0,True,1485577.0,0.0,True
FR,1997,TJ_GCV,1473342.0,1316378.0,106934.0,32710.0,14890.0,2430.0,1473342.0,519066.0,542593.596,244898.404,9806.0,14.0,106934.0,0.0,32710.0,0.0,0.0,0.0,14890.0,2430.0,1473342.0,0.0,True,1473342.0,0.0,True
FR,1998,TJ_GCV,1508720.0,1351254.0,106776.0,33714.0,14486.0,2490.0,1508720.0,546884.0,590661.325,201965.675,11729.0,14.0,106776.0,0.0,33714.0,0.0,0.0,0.0,14486.0,2490.0,1508720.0,0.0,True,1508720.0,0.0,True
FR,1999,TJ_GCV,1583631.0,1410755.0,103146.0,49791.0,17320.0,2619.0,1583631.0,558116.0,597034.669,243847.331,11729.0,28.0,103146.0,0.0,49791.0,0.0,0.0,0.0,17320.0,2619.0,1583631.0,0.0,True,1583631.0,0.0,True
FR,2000,TJ_GCV,1665081.0,1387483.0,108000.0,139557.0,16150.0,13891.0,1665081.0,574433.0,588095.0,211161.0,13764.0,30.0,108000.0,0.0,10868.0,128689.0,0.0,0.0,16150.0,13891.0,1665081.0,0.0,True,1665081.0,0.0,True
FR,2001,TJ_GCV,1747529.0,1434792.0,96854.0,195441.0,7233.0,13209.0,1747529.0,602619.0,600485.0,215457.0,15857.0,374.0,96854.0,0.0,9908.0,185533.0,0.0,0.0,7233.0,13209.0,1747529.0,0.0,True,1747529.0,0.0,True
FR,2002,TJ_GCV,1745335.0,1421464.0,83884.0,222588.0,2622.0,14777.0,1745335.0,598380.0,615255.0,192500.0,14893.0,436.0,83884.0,0.0,8665.0,213923.0,0.0,0.0,2622.0,14777.0,1745335.0,0.0,True,1745335.0,0.0,True
FR,2003,TJ_GCV,1823633.0,1496088.0,82847.0,223388.0,1254.0,20056.0,1823633.0,622732.0,611942.0,246871.0,13932.0,611.0,82847.0,0.0,6988.0,216400.0,0.0,0.0,1254.0,20056.0,1823633.0,0.0,True,1823633.0,0.0,True
FR,2004,TJ_GCV,1865735.0,1523904.0,79704.0,229456.0,2473.0,30198.0,1865735.0,565174.0,686824.0,256026.0,15195.0,685.0,79704.0,0.0,6865.0,222591.0,0.0,0.0,2473.0,30198.0,1865735.0,0.0,True,1865735.0,0.0,True
FR,2005,TJ_GCV,1900728.0,1551181.0,56342.0,254133.0,7075.0,31997.0,1900728.0,603512.0,672311.0,260961.0,13643.0,754.0,56342.0,0.0,24235.0,229898.0,0.0,0.0,7075.0,31997.0,1900728.0,0.0,True,1900728.0,0.0,True
FR,2006,TJ_GCV,1846189.0,1509455.0,44137.0,257285.0,8028.0,27284.0,1846189.0,584405.0,679845.0,231852.0,12356.0,997.0,44137.0,0.0,20570.0,236715.0,0.0,0.0,8028.0,27284.0,1846189.0,0.0,True,1846189.0,0.0,True
FR,2007,TJ_GCV,1789846.0,1436295.0,52528.0,261782.0,11957.0,27284.0,1789846.0,578963.0,601992.0,242920.0,11299.0,1121.0,52528.0,0.0,20784.0,240998.0,0.0,0.0,11957.0,27284.0,1789846.0,0.0,True,1789846.0,0.0,True
FR,2008,TJ_GCV,1840984.0,1483240.0,54526.0,261285.0,26280.0,15653.0,1840984.0,595457.0,651424.0,224275.0,10713.0,1371.0,54526.0,0.0,25905.0,235380.0,0.0,0.0,26280.0,15653.0,1840984.0,0.0,True,1840984.0,0.0,True
FR,2009,TJ_GCV,1818988.0,1397034.0,48980.0,323917.0,33962.0,15095.0,1818988.0,447188.0,660322.0,278732.0,9403.0,1389.0,48980.0,0.0,119117.0,176917.0,27883.0,0.0,33962.0,15095.0,1818988.0,0.0,True,1818988.0,0.0,True
FR,2010,TJ_GCV,1935875.0,1488924.0,46138.0,345080.0,39038.0,16695.0,1935875.0,518599.0,645274.0,313976.0,9568.0,1507.0,46138.0,0.0,150426.0,161828.0,32826.0,0.0,39038.0,16695.0,1935875.0,0.0,True,1935875.0,0.0,True
FR,2011,TJ_GCV,1768856.148,1399898.956,47671.804,275635.322,25274.426,20375.64,1768856.148,555425.758,590626.925,242432.934,7274.09,4139.249,47671.804,0.0,97004.543,153661.373,24969.406,0.0,25274.426,20375.64,1768856.148,0.0,True,1768856.148,0.0,True
FR,2012,TJ_GCV,1822177.055,1489161.253,47522.137,239696.167,27672.938,18124.56,1822177.055,544728.842,653870.136,277114.756,8930.749,4516.77,47522.137,0.0,70617.798,138524.792,30553.577,0.0,27672.938,18124.56,1822177.055,0.0,True,1822177.055,0.0,True
FR,2013,TJ_GCV,1843614.363,1547162.009,49997.085,195703.938,27493.531,23257.8,1843614.363,561862.096,674889.24,297943.763,7504.038,4962.872,49997.085,0.0,57258.459,104319.691,34125.788,0.0,27493.531,23257.8,1843614.363,0.0,True,1843614.363,0.0,True
FR,2014,TJ_GCV,1540919.428,1299271.193,50219.887,143730.853,27130.927,20566.568,1540919.428,525508.492,504318.61,255929.653,8199.646,5314.792,50219.887,0.0,36173.782,81357.803,26199.268,0.0,27130.927,20566.568,1540919.428,0.0,True,1540919.428,0.0,True
FR,2015,TJ_GCV,1644806.426,1333119.017,52899.184,209087.993,28244.239,21455.993,1644806.426,505191.129,543047.969,272097.742,7326.349,5455.828,52899.184,0.0,81354.345,97049.91,30683.738,0.0,28244.239,21455.993,1644806.426,0.0,True,1644806.426,0.0,True
FR,2016,TJ_GCV,1803077.602,1398498.582,54645.614,303836.119,25522.622,20574.665,1803077.602,520826.632,587565.523,276740.489,7683.578,5682.36,54645.614,0.0,166272.055,104204.323,33359.741,0.0,25522.622,20574.665,1803077.602,0.0,True,1803077.602,0.0,True
FR,2017,TJ_GCV,1800291.57,1361297.146,54699.213,339029.347,25027.526,20238.338,1800291.57,489899.876,570840.273,286065.168,7684.295,6807.534,54699.213,0.0,200717.837,107821.308,30490.202,0.0,25027.526,20238.338,1800291.57,0.0,True,1800291.57,0.0,True
FR,2018,TJ_GCV,1711931.266,1343803.911,47247.04,268364.115,32682.773,19833.426,1711931.266,498959.881,535107.006,289620.173,14093.202,6023.649,47247.04,0.0,131449.588,105255.751,31658.777,0.0,32682.773,19833.426,1711931.265,0.001,True,1711931.266,0.0,True
FR,2019,TJ_GCV,1743992.31,1303674.503,48672.117,334090.437,37647.011,19908.242,1743992.31,475701.817,522018.599,284251.919,14286.646,7415.522,48672.117,0.0,187195.75,115971.234,30923.452,0.0,37647.011,19908.242,1743992.31,0.0,True,1743992.309,0.001,True
FR,2020,TJ_GCV,1623564.136,1225758.74,43501.885,305483.797,33187.662,15632.053,1623564.136,432347.755,511462.627,260290.154,12827.995,8830.209,43501.885,0.0,164688.501,108172.797,32622.499,0.0,33187.662,15632.053,1623564.137,-0.001,True,1623564.137,-0.001,True
FR,2021,TJ_GCV,1723667.16,1344939.908,36257.692,295021.233,33136.953,14311.373,1723667.16,487109.726,535215.47,296923.589,13275.979,12415.144,36257.692,0.0,147519.666,109457.877,38043.691,0.0,33136.953,14311.373,1723667.159,0.001,True,1723667.16,0.0,True
FR,2022,TJ_GCV,1574211.758,1137418.447,36088.652,364319.794,20326.224,16058.642,1574211.758,422936.025,445433.922,243090.781,11355.346,14602.373,36088.652,0.0,218113.128,119654.541,26552.125,0.0,20326.224,16058.642,1574211.759,-0.001,True,1574211.759,-0.001,True
FR,2023,TJ_GCV,1393155.901,1047901.313,37247.327,270409.996,22938.689,14658.577,1393155.901,388220.36,407527.504,224992.467,10662.855,16498.127,37247.327,0.0,134897.428,102670.6,32841.968,0.0,22938.689,14658.577,1393155.902,-0.001,True,1393155.902,-0.001,True
FR,2024,TJ_GCV,1314186.386,1053318.519,42256.687,183951.295,22019.867,12640.017,1314186.386,400603.648,400954.84,223732.017,10028.393,17999.62,42256.687,0.0,63486.242,85003.181,35461.872,0.0,22019.867,12640.017,1314186.385,0.001,True,1314186.384,0.002,True
GE,2013,TJ_GCV,76750.139,47483.216,6295.217,19283.989,0.0,3687.717,76750.139,7005.249,21925.167,5065.667,66.772,13420.361,6295.217,0.0,19283.989,0.0,0.0,0.0,0.0,3687.717,76750.139,0.0,True,76750.139,0.0,True
GE,2014,TJ_GCV,87633.66,55977.073,6233.461,21962.592,0.0,3460.534,87633.66,7314.351,22842.54,8513.851,147.67,17158.661,6233.461,0.0,21962.592,0.0,0.0,0.0,0.0,3460.534,87633.66,0.0,True,87633.66,0.0,True
GE,2015,TJ_GCV,96538.724,59986.236,6555.538,24976.496,0.0,5020.454,96538.724,8342.993,26694.06,7027.369,163.226,17758.588,6555.538,0.0,24976.496,0.0,0.0,0.0,0.0,5020.454,96538.724,0.0,True,96538.724,0.0,True
GE,2016,TJ_GCV,90756.256,60074.305,5358.705,20079.965,0.0,5243.281,90756.256,7645.491,30373.986,7345.199,404.2,14305.429,5358.705,0.0,20079.965,0.0,0.0,0.0,0.0,5243.281,90756.256,0.0,True,90756.256,0.0,True
GE,2017,TJ_GCV,95595.997,65420.173,6027.091,20407.924,0.0,3740.809,95595.997,9018.399,34626.839,7669.6,489.624,13615.711,6027.091,0.0,20407.924,0.0,0.0,0.0,0.0,3740.809,95595.997,0.0,True,95595.997,0.0,True
GE,2018,TJ_GCV,95147.422,64790.777,6687.294,19303.712,0.0,4365.639,95147.422,8977.639,33621.411,8039.916,319.997,13831.814,6687.294,0.0,19303.712,0.0,0.0,0.0,0.0,4365.639,95147.422,0.0,True,95147.422,0.0,True
GE,2019,TJ_GCV,107804.02,70594.957,7076.774,26653.239,0.0,3479.05,107804.02,9186.46,38643.226,9028.197,342.002,13395.072,7076.774,0.0,26653.239,0.0,0.0,0.0,0.0,3479.05,107804.02,0.0,True,107804.02,0.0,True
GE,2020,TJ_GCV,108189.9,73310.667,7098.787,24195.387,0.0,3585.059,108189.9,9672.048,43958.219,7083.559,413.408,12183.433,7098.787,0.0,24195.387,0.0,0.0,0.0,0.0,3585.059,108189.9,0.0,True,108189.9,0.0,True
GE,2021,TJ_GCV,112145.486,82653.633,6484.019,19503.941,0.0,3503.893,112145.486,9064.479,48011.508,10256.224,375.123,14946.299,6484.019,0.0,19503.941,0.0,0.0,0.0,0.0,3503.893,112145.486,0.0,True,112145.486,0.0,True
GE,2022,TJ_GCV,134232.849,94018.143,6973.689,29617.162,0.0,3623.855,134232.849,10484.878,52406.532,10263.216,408.735,20454.782,6973.689,0.0,29617.162,0.0,0.0,0.0,0.0,3623.855,134232.849,0.0,True,134232.849,0.0,True
GE,2023,TJ_GCV,134421.967,93701.55,6706.327,30015.808,0.0,3998.282,134421.967,9714.715,52593.762,10155.076,379.39,20858.607,6706.327,0.0,30015.808,0.0,0.0,0.0,0.0,3998.282,134421.967,0.0,True,134421.967,0.0,True
GE,2024,TJ_GCV,135302.681,101354.891,6399.134,23550.451,0.0,3998.205,135302.681,10420.118,59690.909,10973.521,419.423,19850.92,6399.134,0.0,23550.451,0.0,0.0,0.0,0.0,3998.205,135302.681,0.0,True,135302.681,0.0,True
GR,1990,TJ_GCV,6426.0,0.0,4496.0,840.0,1090.0,0.0,6426.0,0.0,0.0,0.0,0.0,0.0,4496.0,0.0,0.0,840.0,0.0,0.0,1090.0,0.0,6426.0,0.0,True,6426.0,0.0,True
GR,1991,TJ_GCV,6348.0,0.0,4296.0,826.0,1226.0,0.0,6348.0,0.0,0.0,0.0,0.0,0.0,4296.0,0.0,0.0,826.0,0.0,0.0,1226.0,0.0,6348.0,0.0,True,6348.0,0.0,True
GR,1992,TJ_GCV,5866.0,0.0,4085.0,725.0,1056.0,0.0,5866.0,0.0,0.0,0.0,0.0,0.0,4085.0,0.0,0.0,725.0,0.0,0.0,1056.0,0.0,5866.0,0.0,True,5866.0,0.0,True
GR,1993,TJ_GCV,4326.0,0.0,2633.0,707.0,986.0,0.0,4326.0,0.0,0.0,0.0,0.0,0.0,2633.0,0.0,0.0,707.0,0.0,0.0,986.0,0.0,4326.0,0.0,True,4326.0,0.0,True
GR,1994,TJ_GCV,2213.0,0.0,262.0,691.0,1260.0,0.0,2213.0,0.0,0.0,0.0,0.0,0.0,262.0,0.0,0.0,691.0,0.0,0.0,1260.0,0.0,2213.0,0.0,True,2213.0,0.0,True
GR,1995,TJ_GCV,2041.0,0.0,176.0,649.0,1216.0,0.0,2041.0,0.0,0.0,0.0,0.0,0.0,176.0,0.0,0.0,649.0,0.0,0.0,1216.0,0.0,2041.0,0.0,True,2041.0,0.0,True
GR,1996,TJ_GCV,2293.0,161.0,167.0,765.0,1200.0,0.0,2293.0,161.0,0.0,0.0,0.0,0.0,167.0,0.0,0.0,765.0,0.0,0.0,1200.0,0.0,2293.0,0.0,True,2293.0,0.0,True
GR,1997,TJ_GCV,7955.0,1544.0,1868.0,3266.0,1183.0,94.0,7955.0,1544.0,0.0,0.0,0.0,0.0,1868.0,0.0,2125.0,1141.0,0.0,0.0,1183.0,94.0,7955.0,0.0,True,7955.0,0.0,True
GR,1998,TJ_GCV,33747.0,6614.0,9367.0,16398.0,1328.0,40.0,33747.0,5996.0,0.0,618.0,0.0,0.0,9367.0,0.0,15852.0,546.0,0.0,0.0,1328.0,40.0,33747.0,0.0,True,33747.0,0.0,True
GR,1999,TJ_GCV,56725.0,9368.0,6951.0,40311.0,59.0,36.0,56725.0,8842.0,181.0,345.0,0.0,0.0,6951.0,0.0,39705.0,606.0,0.0,0.0,59.0,36.0,56725.0,0.0,True,56725.0,0.0,True
GR,2000,TJ_GCV,79276.0,11967.0,5636.0,59553.0,1552.0,568.0,79276.0,11341.0,226.0,400.0,0.0,0.0,5636.0,0.0,58138.0,1415.0,0.0,0.0,1552.0,568.0,79276.0,0.0,True,79276.0,0.0,True
GR,2001,TJ_GCV,78295.0,14807.0,2754.0,58848.0,1420.0,466.0,78295.0,13672.0,243.0,567.0,0.0,325.0,2754.0,0.0,57628.0,1220.0,0.0,0.0,1420.0,466.0,78295.0,0.0,True,78295.0,0.0,True
GR,2002,TJ_GCV,83787.0,16176.0,3369.0,62699.0,1516.0,27.0,83787.0,14376.0,398.0,845.0,0.0,557.0,3369.0,0.0,61175.0,1524.0,0.0,0.0,1516.0,27.0,83787.0,0.0,True,83787.0,0.0,True
GR,2003,TJ_GCV,94243.0,18005.0,5750.0,69017.0,1407.0,64.0,94243.0,15281.0,870.0,1287.0,0.0,567.0,5750.0,0.0,68015.0,1002.0,0.0,0.0,1407.0,64.0,94243.0,0.0,True,94243.0,0.0,True
GR,2004,TJ_GCV,103902.0,21509.0,6106.0,74390.0,1662.0,235.0,103902.0,17336.0,1612.0,2024.0,0.0,537.0,6106.0,0.0,73782.0,608.0,0.0,0.0,1662.0,235.0,103902.0,0.0,True,103902.0,0.0,True
GR,2005,TJ_GCV,109599.0,27270.0,5959.0,74679.0,1360.0,331.0,109599.0,19801.0,3406.0,3434.0,0.0,629.0,5959.0,0.0,73858.0,821.0,0.0,0.0,1360.0,331.0,109599.0,0.0,True,109599.0,0.0,True
GR,2006,TJ_GCV,127721.0,32008.0,6030.0,87877.0,1413.0,393.0,127721.0,20690.0,6480.0,4168.0,0.0,670.0,6030.0,0.0,87060.0,817.0,0.0,0.0,1413.0,393.0,127721.0,0.0,True,127721.0,0.0,True
GR,2007,TJ_GCV,155068.0,32926.0,6379.0,114104.0,1354.0,305.0,155068.0,19012.0,8216.0,4883.0,0.0,815.0,6379.0,0.0,113520.0,584.0,0.0,0.0,1354.0,305.0,155068.0,0.0,True,155068.0,0.0,True
GR,2008,TJ_GCV,164332.0,37722.0,8823.0,116078.0,1485.0,224.0,164332.0,21100.0,9653.0,5992.0,0.0,977.0,8823.0,0.0,112666.0,3412.0,0.0,0.0,1485.0,224.0,164332.0,0.0,True,164332.0,0.0,True
GR,2009,TJ_GCV,136685.0,38332.0,11512.0,84511.0,1240.0,1090.0,136685.0,18988.0,11906.0,6737.0,0.0,701.0,11512.0,0.0,76900.0,7611.0,0.0,0.0,1240.0,1090.0,136685.0,0.0,True,136685.0,0.0,True
GR,2010,TJ_GCV,150352.0,36359.0,16462.0,95857.0,862.0,812.0,150352.0,17377.0,11845.0,6464.0,0.0,673.0,16462.0,0.0,88265.0,7592.0,0.0,0.0,862.0,812.0,150352.0,0.0,True,150352.0,0.0,True
GR,2011,TJ_GCV,181170.0,50376.0,17935.0,111198.0,919.0,742.0,181170.0,25825.0,16189.0,7666.0,1.0,695.0,17935.0,0.0,103352.0,7846.0,0.0,0.0,919.0,742.0,181170.0,0.0,True,181170.0,0.0,True
GR,2012,TJ_GCV,167040.0,45190.0,16943.0,103109.0,904.0,894.0,167040.0,23650.0,14436.0,6419.0,0.0,685.0,16943.0,0.0,95802.0,7307.0,0.0,0.0,904.0,894.0,167040.0,0.0,True,167040.0,0.0,True
GR,2013,TJ_GCV,149575.0,42219.0,14956.0,91617.0,783.0,0.0,149575.0,24983.0,10813.0,5799.0,0.0,624.0,14956.0,0.0,82052.0,9565.0,0.0,0.0,783.0,0.0,149575.0,0.0,True,149575.0,0.0,True
GR,2014,TJ_GCV,115268.0,38825.0,16196.0,59593.0,654.0,0.0,115268.0,21574.0,10773.0,5829.0,9.0,640.0,16196.0,0.0,50128.0,9465.0,0.0,0.0,654.0,0.0,115268.0,0.0,True,115268.0,0.0,True
GR,2015,TJ_GCV,123443.0,45071.0,16179.0,61257.0,561.0,375.0,123443.0,20068.0,16547.0,7710.0,43.0,703.0,16179.0,0.0,51614.0,9643.0,0.0,0.0,561.0,375.0,123443.0,0.0,True,123443.0,0.0,True
GR,2016,TJ_GCV,160520.0,48730.0,6809.0,103888.0,661.0,432.0,160520.0,25641.0,15309.0,6886.0,12.0,882.0,6809.0,0.0,95974.0,7914.0,0.0,0.0,661.0,432.0,160520.0,0.0,True,160520.0,0.0,True
GR,2017,TJ_GCV,194432.339,39384.586,18918.555,132678.436,3041.595,409.167,194432.339,14983.161,16778.121,7010.746,17.558,595.0,18918.555,0.0,123152.486,9525.95,0.0,0.0,3041.595,409.167,194432.339,0.0,True,194432.339,0.0,True
GR,2018,TJ_GCV,190053.47,37753.346,22567.918,125275.79,4001.221,455.195,190053.47,14911.662,15413.334,6696.551,25.093,706.706,22567.918,0.0,115952.13,9323.66,0.0,0.0,4001.221,455.195,190053.47,0.0,True,190053.47,0.0,True
GR,2019,TJ_GCV,207507.192,41704.75,19906.543,140266.256,4811.293,818.35,207507.192,15557.679,17881.158,7115.185,318.441,832.287,19906.543,0.0,126914.896,13351.36,0.0,0.0,4811.293,818.35,207507.192,0.0,True,207507.192,0.0,True
GR,2020,TJ_GCV,229069.949,51072.911,17445.894,148654.03,11225.606,671.508,229069.949,23073.923,20561.43,6373.188,221.144,843.226,17445.894,0.0,133257.082,15396.948,0.0,0.0,11225.606,671.508,229069.949,0.0,True,229069.949,0.0,True
GR,2021,TJ_GCV,252980.7,54767.177,14163.791,173465.085,9755.875,828.772,252980.7,23604.978,23227.914,6639.362,316.311,978.612,14163.791,0.0,158451.692,15013.393,0.0,0.0,9755.875,828.772,252980.7,0.0,True,252980.7,0.0,True
GR,2022,TJ_GCV,204935.561,54995.026,989.022,146728.76,1788.212,434.541,204935.561,26454.285,21662.467,5058.633,554.705,1264.936,989.022,0.0,135099.789,11628.971,0.0,0.0,1788.212,434.541,204935.561,0.0,True,204935.561,0.0,True
GR,2023,TJ_GCV,184439.992,49970.641,5474.19,123316.007,5176.349,502.805,184439.992,25952.365,16945.727,4819.295,866.839,1386.415,5474.19,0.0,111370.518,11945.489,0.0,0.0,5176.349,502.805,184439.992,0.0,True,184439.992,0.0,True
GR,2024,TJ_GCV,240876.295,54457.626,0.0,177040.778,7492.946,1884.945,240876.295,28942.42,16471.891,6208.576,977.576,1857.163,0.0,0.0,149914.05,14487.346,0.0,12639.382,7492.946,1884.945,240876.295,0.0,True,240876.295,0.0,True
HR,1990,TJ_GCV,102091.0,40295.0,17250.0,25000.0,18129.0,1417.0,102091.0,28971.0,7600.0,2774.0,950.0,0.0,17250.0,0.0,8299.0,14286.0,1672.0,743.0,18129.0,1417.0,102091.0,0.0,True,102091.0,0.0,True
HR,1991,TJ_GCV,94544.0,38967.0,18194.0,18112.0,16318.0,2953.0,94544.0,24396.0,10642.0,2936.0,993.0,0.0,18194.0,0.0,1288.0,14457.0,1664.0,703.0,16318.0,2953.0,94544.0,0.0,True,94544.0,0.0,True
HR,1992,TJ_GCV,98002.0,35568.0,23370.0,24472.0,14592.0,0.0,98002.0,22192.0,9538.0,2584.0,1254.0,0.0,23370.0,0.0,6465.0,16095.0,1418.0,494.0,14592.0,0.0,98002.0,0.0,True,98002.0,0.0,True
HR,1993,TJ_GCV,103474.0,39911.0,19152.0,30237.0,14174.0,0.0,103474.0,22929.0,11909.0,4252.0,821.0,0.0,19152.0,0.0,10123.0,18655.0,1250.0,209.0,14174.0,0.0,103474.0,0.0,True,103474.0,0.0,True
HR,1994,TJ_GCV,97356.0,40884.0,19513.0,23173.0,13786.0,0.0,97356.0,24491.0,11651.0,4180.0,562.0,0.0,19513.0,0.0,14930.0,7348.0,895.0,0.0,13786.0,0.0,97356.0,0.0,True,97356.0,0.0,True
HR,1995,TJ_GCV,89980.0,41770.0,21052.0,12943.0,12958.0,1257.0,89980.0,21653.0,14489.0,5039.0,589.0,0.0,21052.0,0.0,5286.0,6281.0,1376.0,0.0,12958.0,1257.0,89980.0,0.0,True,89980.0,0.0,True
HR,1996,TJ_GCV,100829.0,45927.0,20265.0,19969.0,10838.0,3830.0,100829.0,22606.0,17708.0,4655.0,958.0,0.0,20265.0,0.0,8643.0,9772.0,1554.0,0.0,10838.0,3830.0,100829.0,0.0,True,100829.0,0.0,True
HR,1997,TJ_GCV,104519.0,48328.0,22268.0,20767.0,10431.0,2725.0,104519.0,24662.0,18498.0,4313.0,855.0,0.0,22268.0,0.0,4856.0,14433.0,1478.0,0.0,10431.0,2725.0,104519.0,0.0,True,104519.0,0.0,True
HR,1998,TJ_GCV,100472.0,49685.0,17480.0,21128.0,8265.0,3914.0,100472.0,24130.0,19285.0,5548.0,722.0,0.0,17480.0,0.0,7714.0,12578.0,836.0,0.0,8265.0,3914.0,100472.0,0.0,True,100472.0,0.0,True
HR,1999,TJ_GCV,101870.0,50329.0,20854.0,20611.0,7102.0,2974.0,101870.0,23584.0,21630.0,4632.0,483.0,0.0,20854.0,0.0,4643.0,13851.0,2117.0,0.0,7102.0,2974.0,101870.0,0.0,True,101870.0,0.0,True
HR,2000,TJ_GCV,102782.0,46546.0,20782.0,25095.0,7661.0,2698.0,102782.0,23393.0,18871.0,3731.0,551.0,0.0,20782.0,0.0,6091.0,16990.0,2014.0,0.0,7661.0,2698.0,102782.0,0.0,True,102782.0,0.0,True
HR,2001,TJ_GCV,107703.6,51338.0,16982.2,28545.6,7128.8,3709.0,107703.6,24050.2,21337.0,5054.0,896.8,0.0,16982.2,0.0,6605.2,19276.6,2663.8,0.0,7128.8,3709.0,107703.6,0.0,True,107703.6,0.0,True
HR,2002,TJ_GCV,110268.0,48906.0,15398.0,35144.0,6718.0,4102.0,110268.0,22416.0,20851.0,4716.0,923.0,0.0,15398.0,0.0,12293.0,20297.0,2554.0,0.0,6718.0,4102.0,110268.0,0.0,True,110268.0,0.0,True
HR,2003,TJ_GCV,109607.0,52577.0,17552.0,29405.0,6254.0,3819.0,109607.0,22827.0,24058.0,4936.0,756.0,0.0,17552.0,0.0,3836.0,22924.0,2645.0,0.0,6254.0,3819.0,109607.0,0.0,True,109607.0,0.0,True
HR,2004,TJ_GCV,114353.0,54671.0,18149.0,32733.0,5954.0,2846.0,114353.0,24765.0,23910.0,5259.0,737.0,0.0,18149.0,0.0,4955.0,25335.0,2443.0,0.0,5954.0,2846.0,114353.0,0.0,True,114353.0,0.0,True
HR,2005,TJ_GCV,110576.2,57323.0,18167.8,25517.0,7216.2,2352.2,110576.2,24559.4,26136.4,5745.6,881.6,0.0,18167.8,0.0,1379.4,21428.2,2709.4,0.0,7216.2,2352.2,110576.2,0.0,True,110576.2,0.0,True
HR,2006,TJ_GCV,109356.0,55487.0,17590.0,27270.0,6528.0,2481.0,109356.0,24418.0,24765.0,5586.0,718.0,0.0,17590.0,0.0,4488.0,20422.0,2360.0,0.0,6528.0,2481.0,109356.0,0.0,True,109356.0,0.0,True
HR,2007,TJ_GCV,125655.0,55594.0,19296.0,40660.0,8163.0,1942.0,125655.0,25779.0,23655.0,5480.0,680.0,0.0,19296.0,0.0,11438.0,25468.0,2519.0,1235.0,8163.0,1942.0,125655.0,0.0,True,125655.0,0.0,True
HR,2008,TJ_GCV,119871.0,58643.0,18917.0,32516.0,7944.0,1851.0,119871.0,26333.0,25533.0,5999.0,778.0,0.0,18917.0,0.0,5659.0,23423.0,2824.0,610.0,7944.0,1851.0,119871.0,0.0,True,119871.0,0.0,True
HR,2009,TJ_GCV,111800.0,56893.0,15852.0,28546.0,8560.0,1949.0,111800.0,23535.0,26426.0,6139.0,740.0,53.0,15852.0,0.0,5429.0,20174.0,2803.0,140.0,8560.0,1949.0,111800.0,0.0,True,111800.0,0.0,True
HR,2010,TJ_GCV,122457.0,59704.0,19036.0,31893.0,9527.0,2297.0,122457.0,23800.0,27687.0,7280.0,839.0,98.0,19036.0,0.0,907.0,27121.0,3268.0,597.0,9527.0,2297.0,122457.0,0.0,True,122457.0,0.0,True
HR,2011,TJ_GCV,119567.0,55065.0,19278.0,34253.0,8704.0,2267.0,119567.0,22349.0,25319.0,6555.0,812.0,30.0,19278.0,0.0,1020.0,27344.0,2871.0,3018.0,8704.0,2267.0,119567.0,0.0,True,119567.0,0.0,True
HR,2012,TJ_GCV,112264.0,48880.0,18496.0,39082.0,3808.0,1998.0,112264.0,18133.0,23807.0,6120.0,782.0,38.0,18496.0,0.0,529.0,27710.0,2894.0,7949.0,3808.0,1998.0,112264.0,0.0,True,112264.0,0.0,True
HR,2013,TJ_GCV,106152.0,46207.0,18417.0,31026.0,8965.0,1537.0,106152.0,16321.0,22716.0,6305.0,793.0,72.0,18417.0,0.0,102.0,24461.0,3245.0,3218.0,8965.0,1537.0,106152.0,0.0,True,106152.0,0.0,True
HR,2014,TJ_GCV,93943.0,43646.0,19249.0,21894.0,8039.0,1115.0,93943.0,16370.0,20149.0,6143.0,834.0,150.0,19249.0,0.0,23.0,15747.0,2753.0,3371.0,8039.0,1115.0,93943.0,0.0,True,93943.0,0.0,True
HR,2015,TJ_GCV,96850.0,45461.0,19053.0,23301.0,7816.0,1219.0,96850.0,15851.0,20760.0,7873.0,823.0,154.0,19053.0,0.0,2018.0,15089.0,2783.0,3411.0,7816.0,1219.0,96850.0,0.0,True,96850.0,0.0,True
HR,2016,TJ_GCV,100974.003,47942.0,17632.0,27148.0,6960.0,1292.003,100974.003,16599.0,21673.0,8425.0,1075.0,170.0,17632.0,0.0,2556.0,17849.0,2745.0,3998.0,6960.0,1292.003,100974.003,0.0,True,100974.003,0.0,True
HR,2017,TJ_GCV,115986.676,50307.289,19031.022,37792.154,7614.722,1241.489,115986.676,17978.456,22288.967,8917.9,925.333,196.633,19031.022,0.0,204.344,31684.955,2112.844,3790.011,7614.722,1241.489,115986.676,0.0,True,115986.676,0.0,True
HR,2018,TJ_GCV,106633.466,50054.8,16461.698,31068.231,7894.07,1154.667,106633.466,17816.508,21734.675,9402.835,904.489,196.293,16461.698,0.0,19.244,24875.369,2070.702,4102.916,7894.07,1154.667,106633.466,0.0,True,106633.466,0.0,True
HR,2019,TJ_GCV,111925.689,50920.801,19267.538,32342.212,8182.738,1212.4,111925.689,18636.321,21357.484,9714.596,1027.653,184.747,19267.538,0.0,19.244,27253.982,1993.724,3075.262,8182.738,1212.4,111925.689,0.0,True,111925.689,0.0,True
HR,2020,TJ_GCV,117472.377,51177.575,18377.877,38691.284,7908.244,1317.397,117472.377,18157.666,22592.773,9113.603,1170.59,142.943,18377.877,0.0,216.347,33390.79,2047.567,3036.58,7908.244,1317.397,117472.377,0.0,True,117472.377,0.0,True
HR,2021,TJ_GCV,113007.222,54110.0,12288.889,36271.667,7696.111,2640.555,113007.222,17290.0,24383.333,10838.333,1411.667,186.667,12288.889,0.0,167.222,31309.445,2084.444,2710.556,7696.111,2640.555,113007.222,0.0,True,113007.222,0.0,True
HR,2022,TJ_GCV,99220.456,48761.067,2412.167,39402.645,6871.733,1772.844,99220.456,15547.689,22756.733,9099.556,1188.433,168.656,2412.167,0.0,298.089,34778.345,1772.844,2553.367,6871.733,1772.844,99220.456,0.0,True,99220.456,0.0,True
HR,2023,TJ_GCV,106473.7,47261.334,5163.556,43799.81,8444.222,1804.778,106473.7,15811.334,22315.111,7971.444,1027.778,135.667,5163.556,0.0,254.889,38743.143,1796.556,3005.222,8444.222,1804.778,106473.7,0.0,True,106473.7,0.0,True
HR,2024,TJ_GCV,97273.001,47512.935,4489.333,33735.366,8891.923,2643.444,97273.001,15302.379,22763.222,8164.667,1179.889,102.778,4489.333,0.0,4.111,29302.355,1576.2,2852.7,8891.923,2643.444,97273.001,0.0,True,97273.001,0.0,True
HU,1990,TJ_GCV,414636.0,262741.0,25681.0,100345.0,14309.0,11560.0,414636.0,149075.0,76447.0,28560.0,8653.0,6.0,25681.0,0.0,38859.0,35818.0,25668.0,0.0,14309.0,11560.0,414636.0,0.0,True,414636.0,0.0,True
HU,1991,TJ_GCV,411157.0,266522.0,16521.0,105026.0,13868.0,9220.0,411157.0,124394.0,95004.0,38107.0,9013.0,4.0,16521.0,0.0,46084.0,32968.0,25974.0,0.0,13868.0,9220.0,411157.0,0.0,True,411157.0,0.0,True
HU,1992,TJ_GCV,361442.0,229102.0,11221.0,90685.0,13598.0,16836.0,361442.0,100099.0,95509.0,27133.0,6342.0,19.0,11221.0,0.0,35930.0,30133.0,24622.0,0.0,13598.0,16836.0,361442.0,0.0,True,361442.0,0.0,True
HU,1993,TJ_GCV,388937.0,261005.0,14301.0,84411.0,15483.0,13737.0,388937.0,97332.0,113921.0,44154.0,5576.0,22.0,14301.0,0.0,35671.0,24460.0,24280.0,0.0,15483.0,13737.0,388937.0,0.0,True,388937.0,0.0,True
HU,1994,TJ_GCV,392792.0,261503.0,17289.0,89816.0,12932.0,11252.0,392792.0,84379.0,119509.0,51121.0,6432.0,62.0,17289.0,0.0,44989.0,24010.0,20817.0,0.0,12932.0,11252.0,392792.0,0.0,True,392792.0,0.0,True
HU,1995,TJ_GCV,426809.0,283900.0,17722.0,96368.0,12358.0,16461.0,426809.0,84471.0,134453.0,58072.0,6866.0,38.0,17722.0,0.0,48700.0,25197.0,22471.0,0.0,12358.0,16461.0,426809.0,0.0,True,426809.0,0.0,True
HU,1996,TJ_GCV,476217.0,318445.0,19077.0,110356.0,13479.0,14860.0,476217.0,88231.0,147437.0,72914.0,9831.0,32.0,19077.0,0.0,60386.0,25283.0,24687.0,0.0,13479.0,14860.0,476217.0,0.0,True,476217.0,0.0,True
HU,1997,TJ_GCV,451645.0,299201.0,13971.0,112708.0,13363.0,12402.0,451645.0,76633.0,141401.0,71373.0,9751.0,43.0,13971.0,0.0,48492.0,40688.0,23528.0,0.0,13363.0,12402.0,451645.0,0.0,True,451645.0,0.0,True
HU,1998,TJ_GCV,454793.0,297461.0,13972.0,114436.0,13984.0,14940.0,454793.0,77231.0,135072.0,75346.0,9783.0,29.0,13972.0,0.0,46644.0,46755.0,20993.0,44.0,13984.0,14940.0,454793.0,0.0,True,454793.0,0.0,True
HU,1999,TJ_GCV,460783.0,299617.0,12461.0,121209.0,12701.0,14795.0,460783.0,65493.0,144136.0,79555.0,10389.0,44.0,12461.0,0.0,51645.0,49346.0,20172.0,46.0,12701.0,14795.0,460783.0,0.0,True,460783.0,0.0,True
HU,2000,TJ_GCV,449232.0,296130.0,15187.0,114065.0,9298.0,14552.0,449232.0,63741.0,140739.0,82486.0,9086.0,78.0,15187.0,0.0,37602.0,55915.0,20510.0,38.0,9298.0,14552.0,449232.0,0.0,True,449232.0,0.0,True
HU,2001,TJ_GCV,498259.0,326059.0,15408.0,131414.0,9659.0,15719.0,498259.0,72574.0,153681.0,89600.0,10118.0,86.0,15408.0,0.0,35743.0,72372.0,23250.0,49.0,9659.0,15719.0,498259.0,0.0,True,498259.0,0.0,True
HU,2002,TJ_GCV,499529.0,325067.0,9680.0,143324.0,8132.0,13326.0,499529.0,73117.0,158788.0,82854.0,10219.0,89.0,9680.0,0.0,48654.0,71563.0,23092.0,15.0,8132.0,13326.0,499529.0,0.0,True,499529.0,0.0,True
HU,2003,TJ_GCV,548463.0,349323.0,10188.0,165386.0,8005.0,15561.0,548463.0,68291.0,183608.0,87940.0,9391.0,93.0,10188.0,0.0,56668.0,85332.0,23372.0,14.0,8005.0,15561.0,548463.0,0.0,True,548463.0,0.0,True
HU,2004,TJ_GCV,541190.0,345596.0,14949.0,157503.0,7084.0,16058.0,541190.0,57763.0,166001.0,111805.0,9936.0,91.0,14949.0,0.0,50653.0,81580.0,22461.0,2809.0,7084.0,16058.0,541190.0,0.0,True,541190.0,0.0,True
HU,2005,TJ_GCV,562610.0,357639.0,16728.0,163434.0,8530.0,16279.0,562610.0,58438.0,182742.0,106108.0,10227.0,124.0,16728.0,0.0,48269.0,90912.0,21937.0,2316.0,8530.0,16279.0,562610.0,0.0,True,562610.0,0.0,True
HU,2006,TJ_GCV,534262.0,328705.0,15769.0,167398.0,9600.0,12790.0,534262.0,58628.0,169518.0,91411.0,9018.0,130.0,15769.0,0.0,55923.0,88831.0,20806.0,1838.0,9600.0,12790.0,534262.0,0.0,True,534262.0,0.0,True
HU,2007,TJ_GCV,497989.0,282666.0,18232.0,181709.0,6818.0,8564.0,497989.0,56749.0,147671.0,71084.0,7064.0,98.0,18232.0,0.0,70042.0,90479.0,19459.0,1729.0,6818.0,8564.0,497989.0,0.0,True,497989.0,0.0,True
HU,2008,TJ_GCV,491290.0,284514.0,16354.0,174578.0,7683.0,8161.0,491290.0,56373.0,153254.0,67085.0,7729.0,73.0,16354.0,0.0,71432.0,85779.0,15938.0,1429.0,7683.0,8161.0,491290.0,0.0,True,491290.0,0.0,True
HU,2009,TJ_GCV,425746.0,268197.0,15038.0,126586.0,8147.0,7778.0,425746.0,41225.0,148010.0,73116.0,5781.0,65.0,15038.0,0.0,39666.0,72297.0,14185.0,438.0,8147.0,7778.0,425746.0,0.0,True,425746.0,0.0,True
HU,2010,TJ_GCV,457653.0,283574.0,16832.0,146772.0,2594.0,7881.0,457653.0,45077.0,151644.0,79790.0,5742.0,1321.0,16832.0,0.0,46598.0,74161.0,16546.0,9467.0,2594.0,7881.0,457653.0,0.0,True,457653.0,0.0,True
HU,2011,TJ_GCV,436050.0,271804.0,19038.0,136022.0,2547.0,6639.0,436050.0,45386.0,137996.0,80286.0,5778.0,2358.0,19038.0,0.0,35302.0,71199.0,20119.0,9402.0,2547.0,6639.0,436050.0,0.0,True,436050.0,0.0,True
HU,2012,TJ_GCV,389745.0,235399.0,21111.0,124289.0,2876.0,6070.0,389745.0,37991.0,125791.0,64528.0,4400.0,2689.0,21111.0,0.0,35757.0,56534.0,24493.0,7505.0,2876.0,6070.0,389745.0,0.0,True,389745.0,0.0,True
HU,2013,TJ_GCV,367299.0,248126.0,18302.0,89453.0,5796.0,5622.0,367299.0,59246.0,116908.0,65496.0,4927.0,1549.0,18302.0,0.0,10027.0,47557.0,24708.0,7161.0,5796.0,5622.0,367299.0,0.0,True,367299.0,0.0,True
HU,2014,TJ_GCV,342355.0,232704.0,23014.0,75685.0,6063.0,4889.0,342355.0,58251.0,107958.0,57833.0,6812.0,1850.0,23014.0,0.0,7119.0,37552.0,23815.0,7199.0,6063.0,4889.0,342355.0,0.0,True,342355.0,0.0,True
HU,2015,TJ_GCV,361320.0,246247.0,20662.0,84463.0,5206.0,4742.0,361320.0,57906.0,122154.0,58666.0,5990.0,1531.0,20662.0,0.0,12192.0,36985.0,27187.0,8099.0,5206.0,4742.0,361320.0,0.0,True,361320.0,0.0,True
HU,2016,TJ_GCV,385572.0,257718.0,22673.0,92138.0,8284.0,4759.0,385572.0,59888.0,130881.0,57020.0,7696.0,2233.0,22673.0,0.0,20045.0,39490.0,25518.0,7085.0,8284.0,4759.0,385572.0,0.0,True,385572.0,0.0,True
HU,2017,TJ_GCV,411515.0,265599.0,25918.0,102784.0,10201.0,7013.0,411515.0,63360.0,138244.0,54444.0,6479.0,3072.0,25918.0,0.0,28014.0,41690.0,25557.0,7523.0,10201.0,7013.0,411515.0,0.0,True,411515.0,0.0,True
HU,2018,TJ_GCV,395535.0,259120.0,22682.0,97834.0,9700.0,6199.0,395535.0,66584.0,131678.0,51284.0,5932.0,3642.0,22682.0,0.0,24277.0,40232.0,24177.0,9148.0,9700.0,6199.0,395535.0,0.0,True,395535.0,0.0,True
HU,2019,TJ_GCV,400602.0,254995.0,23070.0,106868.0,9849.0,5820.0,400602.0,65099.0,129926.0,49287.0,6825.0,3858.0,23070.0,0.0,32007.0,43154.0,23155.0,8552.0,9849.0,5820.0,400602.0,0.0,True,400602.0,0.0,True
HU,2020,TJ_GCV,416550.0,264693.0,25551.0,111020.0,10121.0,5165.0,416550.0,63916.0,140800.0,49420.0,7696.0,2861.0,25551.0,0.0,32220.0,46859.0,23756.0,8185.0,10121.0,5165.0,416550.0,0.0,True,416550.0,0.0,True
HU,2021,TJ_GCV,438561.0,283036.0,24904.0,115396.0,10347.0,4878.0,438561.0,67424.0,154882.0,51743.0,7400.0,1587.0,24904.0,0.0,30752.0,53785.0,24255.0,6604.0,10347.0,4878.0,438561.0,0.0,True,438561.0,0.0,True
HU,2022,TJ_GCV,373996.0,241675.0,15071.0,104170.0,9295.0,3785.0,373996.0,59132.0,133127.0,42981.0,5050.0,1385.0,15071.0,0.0,28210.0,48767.0,21162.0,6031.0,9295.0,3785.0,373996.0,0.0,True,373996.0,0.0,True
HU,2023,TJ_GCV,333790.0,210031.0,21264.0,90177.0,9182.0,3136.0,333790.0,54173.0,115933.0,34132.0,4561.0,1232.0,21264.0,0.0,24690.0,39219.0,19354.0,6914.0,9182.0,3136.0,333790.0,0.0,True,333790.0,0.0,True
HU,2024,TJ_GCV,335093.0,208857.0,16146.0,96596.0,9924.0,3570.0,335093.0,56537.0,114805.0,32285.0,3784.0,1446.0,16146.0,0.0,22043.0,41465.0,18362.0,14726.0,9924.0,3570.0,335093.0,0.0,True,335093.0,0.0,True
IE,1990,TJ_GCV,87094.001,26445.001,19986.0,39130.0,0.0,1533.0,87094.001,16638.001,5444.0,4363.0,0.0,0.0,19986.0,0.0,38000.0,1130.0,0.0,0.0,0.0,1533.0,87094.001,0.0,True,87094.001,0.0,True
IE,1991,TJ_GCV,89289.389,30249.389,20795.0,36692.0,0.0,1553.0,89289.389,17508.389,7472.0,5269.0,0.0,0.0,20795.0,0.0,35495.0,1197.0,0.0,0.0,0.0,1553.0,89289.389,0.0,True,89289.389,0.0,True
IE,1992,TJ_GCV,88321.001,31017.001,20255.0,35495.0,0.0,1554.0,88321.001,16182.001,8673.0,6162.0,0.0,0.0,20255.0,0.0,34245.0,1250.0,0.0,0.0,0.0,1554.0,88321.001,0.0,True,88321.001,0.0,True
IE,1993,TJ_GCV,100314.196,35461.196,19097.0,44646.0,0.0,1110.0,100314.196,18081.196,10062.0,7318.0,0.0,0.0,19097.0,0.0,43239.0,1407.0,0.0,0.0,0.0,1110.0,100314.196,0.0,True,100314.196,0.0,True
IE,1994,TJ_GCV,102046.561,35863.561,21326.0,43894.0,0.0,963.0,102046.561,16697.561,11074.0,8092.0,0.0,0.0,21326.0,0.0,42434.0,1460.0,0.0,0.0,0.0,963.0,102046.561,0.0,True,102046.561,0.0,True
IE,1995,TJ_GCV,108575.999,37009.999,19647.0,49333.0,0.0,2586.0,108575.999,17107.999,11682.0,8220.0,0.0,0.0,19647.0,0.0,47763.0,1570.0,0.0,0.0,0.0,2586.0,108575.999,0.0,True,108575.999,0.0,True
IE,1996,TJ_GCV,123332.999,40459.999,18626.0,61455.0,0.0,2792.0,123332.999,17318.999,14054.0,9087.0,0.0,0.0,18626.0,0.0,59840.0,1615.0,0.0,0.0,0.0,2792.0,123332.999,0.0,True,123332.999,0.0,True
IE,1997,TJ_GCV,128939.0,40517.0,21659.0,64569.0,0.0,2194.0,128939.0,17644.0,13270.0,9603.0,0.0,0.0,21659.0,0.0,62503.0,2066.0,0.0,0.0,0.0,2194.0,128939.0,0.0,True,128939.0,0.0,True
IE,1998,TJ_GCV,130381.765,44838.765,21370.0,62693.0,0.0,1480.0,130381.765,18610.765,15718.0,10510.0,0.0,0.0,21370.0,0.0,59790.0,2903.0,0.0,0.0,0.0,1480.0,130381.765,0.0,True,130381.765,0.0,True
IE,1999,TJ_GCV,139428.411,48187.411,19029.0,70200.0,0.0,2012.0,139428.411,18815.411,17959.0,11413.0,0.0,0.0,19029.0,0.0,67165.0,3035.0,0.0,0.0,0.0,2012.0,139428.411,0.0,True,139428.411,0.0,True
IE,2000,TJ_GCV,159837.999,55847.999,17804.0,84880.0,0.0,1306.0,159837.999,21866.999,20365.0,13616.0,0.0,0.0,17804.0,0.0,80911.0,3969.0,0.0,0.0,0.0,1306.0,159837.999,0.0,True,159837.999,0.0,True
IE,2001,TJ_GCV,166717.0,57416.0,20996.0,86131.0,0.0,2174.0,166717.0,21675.711,22367.0,13373.289,-0.0,0.0,20996.0,0.0,81931.0,4200.0,0.0,0.0,0.0,2174.0,166717.0,0.0,True,166717.0,0.0,True
IE,2002,TJ_GCV,170276.0,55684.0,16354.0,96043.0,0.0,2195.0,170276.0,20856.957,22077.0,12750.043,-0.0,0.0,16354.0,0.0,91454.0,4589.0,0.0,0.0,0.0,2195.0,170276.0,0.0,True,170276.0,0.0,True
IE,2003,TJ_GCV,171061.0,59419.0,6.0,109383.0,0.0,2253.0,171061.0,21422.618,25021.0,12975.382,-0.0,0.0,6.0,0.0,105307.0,4076.0,0.0,0.0,0.0,2253.0,171061.0,0.0,True,171061.0,0.0,True
IE,2004,TJ_GCV,169808.8,62821.8,0.0,104519.0,0.0,2468.0,169808.8,21819.728,27908.0,13094.072,0.0,0.0,0.0,0.0,100147.0,4372.0,0.0,0.0,0.0,2468.0,169808.8,0.0,True,169808.8,0.0,True
IE,2005,TJ_GCV,162645.07,63560.996,0.0,94888.281,0.0,4195.793,162645.07,22130.103,28171.0,13157.617,-0.0,102.276,0.0,0.0,90925.0,3963.281,0.0,0.0,0.0,4195.793,162645.07,0.0,True,162645.07,0.0,True
IE,2006,TJ_GCV,184187.737,68228.362,0.0,111940.448,0.0,4018.927,184187.737,24415.553,29345.0,14382.0,0.0,85.809,0.0,0.0,103395.43,8545.018,0.0,0.0,0.0,4018.927,184187.737,0.0,True,184187.737,0.0,True
IE,2007,TJ_GCV,198086.589,67424.968,0.0,127063.544,0.0,3598.077,198086.589,25155.457,27527.0,14680.272,-0.0,62.239,0.0,0.0,116133.831,10929.713,0.0,0.0,0.0,3598.077,198086.589,0.0,True,198086.589,0.0,True
IE,2008,TJ_GCV,206856.654,72324.724,0.0,130485.433,0.0,4046.497,206856.654,26115.901,31051.0,15098.927,0.0,58.896,0.0,0.0,119656.0,10829.433,0.0,0.0,0.0,4046.497,206856.654,0.0,True,206856.654,0.0,True
IE,2009,TJ_GCV,199731.595,67843.466,0.0,128079.066,0.0,3809.063,199731.595,24658.025,29002.49,14123.048,-0.0,59.903,0.0,0.0,116741.834,11337.232,0.0,0.0,0.0,3809.063,199731.595,0.0,True,199731.595,0.0,True
IE,2010,TJ_GCV,219234.459,73796.407,0.0,141386.954,0.0,4051.098,219234.459,25252.99,32949.7,15496.119,0.0,97.598,0.0,0.0,128515.481,11914.517,0.0,956.956,0.0,4051.098,219234.459,0.0,True,219234.459,0.0,True
IE,2011,TJ_GCV,191924.278,69784.506,0.0,118451.7,0.0,3688.072,191924.278,29216.793,26429.0,13970.128,-0.0,168.585,0.0,0.0,104631.411,11485.717,0.0,2334.572,0.0,3688.072,191924.278,0.0,True,191924.278,0.0,True
IE,2012,TJ_GCV,186921.958,75259.01,0.0,108257.266,0.0,3405.682,186921.958,31395.037,27878.4,15793.498,0.0,192.075,0.0,0.0,92596.03,12933.525,0.0,2727.711,0.0,3405.682,186921.958,0.0,True,186921.958,0.0,True
IE,2013,TJ_GCV,179305.01,75591.093,0.0,100152.378,0.0,3561.539,179305.01,32137.232,28144.0,15149.868,0.0,159.993,0.0,0.0,84956.644,12599.913,0.0,2595.821,0.0,3561.539,179305.01,0.0,True,179305.01,0.0,True
IE,2014,TJ_GCV,172818.958,75017.159,0.0,94284.361,0.0,3517.438,172818.958,35081.923,24869.139,14933.942,0.0,132.155,0.0,0.0,79594.852,12158.344,0.0,2531.165,0.0,3517.438,172818.958,0.0,True,172818.958,0.0,True
IE,2015,TJ_GCV,173217.481,79517.063,0.0,90294.032,0.0,3406.386,173217.481,37568.192,25771.557,15995.139,0.0,182.175,0.0,0.0,75208.774,13074.937,0.0,2010.321,0.0,3406.386,173217.481,0.0,True,173217.481,0.0,True
IE,2016,TJ_GCV,196876.782,83045.808,0.0,111449.36,0.0,2381.614,196876.782,40205.353,26137.235,15715.19,0.0,988.03,0.0,0.0,96023.622,12921.323,0.0,2504.415,0.0,2381.614,196876.782,0.0,True,196876.782,0.0,True
IE,2017,TJ_GCV,201461.755,84319.662,0.0,114836.475,0.0,2305.618,201461.755,42524.943,25789.409,15066.34,0.0,938.97,0.0,0.0,99449.013,13294.126,0.0,2093.336,0.0,2305.618,201461.755,0.0,True,201461.755,0.0,True
IE,2018,TJ_GCV,209868.987,90845.203,0.0,116352.974,0.0,2670.81,209868.987,45373.989,28045.519,16378.493,0.0,1047.202,0.0,0.0,101561.177,12900.662,0.0,1891.135,0.0,2670.81,209868.987,0.0,True,209868.987,0.0,True
IE,2019,TJ_GCV,213730.405,91362.395,0.0,119310.365,0.0,3057.645,213730.405,46276.534,27454.206,16823.11,0.0,808.545,0.0,0.0,105037.77,12238.309,0.0,2034.286,0.0,3057.645,213730.405,0.0,True,213730.405,0.0,True
IE,2020,TJ_GCV,214946.442,90718.619,0.0,121397.417,0.0,2830.406,214946.442,47972.164,27380.0,14616.651,-0.0,749.804,0.0,0.0,106346.052,13041.877,0.0,2009.488,0.0,2830.406,214946.442,0.0,True,214946.442,0.0,True
IE,2021,TJ_GCV,203160.905,90171.615,0.0,110444.323,0.0,2544.967,203160.905,46181.775,27623.121,15570.291,-0.0,796.428,0.0,0.0,96922.472,11995.508,0.0,1526.343,0.0,2544.967,203160.905,0.0,True,203160.905,0.0,True
IE,2022,TJ_GCV,207636.509,83746.401,0.0,121379.978,0.0,2510.13,207636.509,42594.179,25060.279,15264.065,-0.0,827.878,0.0,0.0,109135.551,11447.747,0.0,796.68,0.0,2510.13,207636.509,0.0,True,207636.509,0.0,True
IE,2023,TJ_GCV,192682.786,76784.064,0.0,113423.458,0.0,2475.264,192682.786,39886.133,21579.657,14531.108,0.0,787.166,0.0,0.0,101306.664,11091.965,0.0,1024.829,0.0,2475.264,192682.786,0.0,True,192682.786,0.0,True
IE,2024,TJ_GCV,198386.007,82200.921,0.0,113608.021,0.0,2577.065,198386.007,43269.289,22282.902,15768.397,0.0,880.333,0.0,0.0,101362.705,11019.811,0.0,1225.505,0.0,2577.065,198386.007,0.0,True,198386.007,0.0,True
IS,1990,TJ_GCV,0.0,0.0,0.0,0.0,0.0,0.0,0.0,0.0,0.0,0.0,0.0,0.0,0.0,0.0,0.0,0.0,0.0,0.0,0.0,0.0,0.0,0.0,True,0.0,0.0,True
IS,1991,TJ_GCV,0.0,0.0,0.0,0.0,0.0,0.0,0.0,0.0,0.0,0.0,0.0,0.0,0.0,0.0,0.0,0.0,0.0,0.0,0.0,0.0,0.0,0.0,True,0.0,0.0,True
IS,1992,TJ_GCV,0.0,0.0,0.0,0.0,0.0,0.0,0.0,0.0,0.0,0.0,0.0,0.0,0.0,0.0,0.0,0.0,0.0,0.0,0.0,0.0,0.0,0.0,True,0.0,0.0,True
IS,1993,TJ_GCV,0.0,0.0,0.0,0.0,0.0,0.0,0.0,0.0,0.0,0.0,0.0,0.0,0.0,0.0,0.0,0.0,0.0,0.0,0.0,0.0,0.0,0.0,True,0.0,0.0,True
IS,1994,TJ_GCV,0.0,0.0,0.0,0.0,0.0,0.0,0.0,0.0,0.0,0.0,0.0,0.0,0.0,0.0,0.0,0.0,0.0,0.0,0.0,0.0,0.0,0.0,True,0.0,0.0,True
IS,1995,TJ_GCV,0.0,0.0,0.0,0.0,0.0,0.0,0.0,0.0,0.0,0.0,0.0,0.0,0.0,0.0,0.0,0.0,0.0,0.0,0.0,0.0,0.0,0.0,True,0.0,0.0,True
IS,1996,TJ_GCV,0.0,0.0,0.0,0.0,0.0,0.0,0.0,0.0,0.0,0.0,0.0,0.0,0.0,0.0,0.0,0.0,0.0,0.0,0.0,0.0,0.0,0.0,True,0.0,0.0,True
IS,1997,TJ_GCV,0.0,0.0,0.0,0.0,0.0,0.0,0.0,0.0,0.0,0.0,0.0,0.0,0.0,0.0,0.0,0.0,0.0,0.0,0.0,0.0,0.0,0.0,True,0.0,0.0,True
IS,1998,TJ_GCV,0.0,0.0,0.0,0.0,0.0,0.0,0.0,0.0,0.0,0.0,0.0,0.0,0.0,0.0,0.0,0.0,0.0,0.0,0.0,0.0,0.0,0.0,True,0.0,0.0,True
IS,1999,TJ_GCV,0.0,0.0,0.0,0.0,0.0,0.0,0.0,0.0,0.0,0.0,0.0,0.0,0.0,0.0,0.0,0.0,0.0,0.0,0.0,0.0,0.0,0.0,True,0.0,0.0,True
IS,2000,TJ_GCV,0.0,0.0,0.0,0.0,0.0,0.0,0.0,0.0,0.0,0.0,0.0,0.0,0.0,0.0,0.0,0.0,0.0,0.0,0.0,0.0,0.0,0.0,True,0.0,0.0,True
IS,2001,TJ_GCV,0.0,0.0,0.0,0.0,0.0,0.0,0.0,0.0,0.0,0.0,0.0,0.0,0.0,0.0,0.0,0.0,0.0,0.0,0.0,0.0,0.0,0.0,True,0.0,0.0,True
IS,2002,TJ_GCV,0.0,0.0,0.0,0.0,0.0,0.0,0.0,0.0,0.0,0.0,0.0,0.0,0.0,0.0,0.0,0.0,0.0,0.0,0.0,0.0,0.0,0.0,True,0.0,0.0,True
IS,2003,TJ_GCV,0.0,0.0,0.0,0.0,0.0,0.0,0.0,0.0,0.0,0.0,0.0,0.0,0.0,0.0,0.0,0.0,0.0,0.0,0.0,0.0,0.0,0.0,True,0.0,0.0,True
IS,2004,TJ_GCV,0.0,0.0,0.0,0.0,0.0,0.0,0.0,0.0,0.0,0.0,0.0,0.0,0.0,0.0,0.0,0.0,0.0,0.0,0.0,0.0,0.0,0.0,True,0.0,0.0,True
IS,2005,TJ_GCV,0.0,0.0,0.0,0.0,0.0,0.0,0.0,0.0,0.0,0.0,0.0,0.0,0.0,0.0,0.0,0.0,0.0,0.0,0.0,0.0,0.0,0.0,True,0.0,0.0,True
IS,2006,TJ_GCV,0.0,0.0,0.0,0.0,0.0,0.0,0.0,0.0,0.0,0.0,0.0,0.0,0.0,0.0,0.0,0.0,0.0,0.0,0.0,0.0,0.0,0.0,True,0.0,0.0,True
IS,2007,TJ_GCV,0.0,0.0,0.0,0.0,0.0,0.0,0.0,0.0,0.0,0.0,0.0,0.0,0.0,0.0,0.0,0.0,0.0,0.0,0.0,0.0,0.0,0.0,True,0.0,0.0,True
IS,2008,TJ_GCV,0.0,0.0,0.0,0.0,0.0,0.0,0.0,0.0,0.0,0.0,0.0,0.0,0.0,0.0,0.0,0.0,0.0,0.0,0.0,0.0,0.0,0.0,True,0.0,0.0,True
IS,2009,TJ_GCV,0.0,0.0,0.0,0.0,0.0,0.0,0.0,0.0,0.0,0.0,0.0,0.0,0.0,0.0,0.0,0.0,0.0,0.0,0.0,0.0,0.0,0.0,True,0.0,0.0,True
IS,2010,TJ_GCV,0.0,0.0,0.0,0.0,0.0,0.0,0.0,0.0,0.0,0.0,0.0,0.0,0.0,0.0,0.0,0.0,0.0,0.0,0.0,0.0,0.0,0.0,True,0.0,0.0,True
IS,2011,TJ_GCV,0.0,0.0,0.0,0.0,0.0,0.0,0.0,0.0,0.0,0.0,0.0,0.0,0.0,0.0,0.0,0.0,0.0,0.0,0.0,0.0,0.0,0.0,True,0.0,0.0,True
IS,2012,TJ_GCV,0.0,0.0,0.0,0.0,0.0,0.0,0.0,0.0,0.0,0.0,0.0,0.0,0.0,0.0,0.0,0.0,0.0,0.0,0.0,0.0,0.0,0.0,True,0.0,0.0,True
IS,2013,TJ_GCV,0.0,0.0,0.0,0.0,0.0,0.0,0.0,0.0,0.0,0.0,0.0,0.0,0.0,0.0,0.0,0.0,0.0,0.0,0.0,0.0,0.0,0.0,True,0.0,0.0,True
IS,2014,TJ_GCV,0.0,0.0,0.0,0.0,0.0,0.0,0.0,0.0,0.0,0.0,0.0,0.0,0.0,0.0,0.0,0.0,0.0,0.0,0.0,0.0,0.0,0.0,True,0.0,0.0,True
IS,2015,TJ_GCV,0.0,0.0,0.0,0.0,0.0,0.0,0.0,0.0,0.0,0.0,0.0,0.0,0.0,0.0,0.0,0.0,0.0,0.0,0.0,0.0,0.0,0.0,True,0.0,0.0,True
IS,2016,TJ_GCV,0.0,0.0,0.0,0.0,0.0,0.0,0.0,0.0,0.0,0.0,0.0,0.0,0.0,0.0,0.0,0.0,0.0,0.0,0.0,0.0,0.0,0.0,True,0.0,0.0,True
IS,2017,TJ_GCV,0.0,0.0,0.0,0.0,0.0,0.0,0.0,0.0,0.0,0.0,0.0,0.0,0.0,0.0,0.0,0.0,0.0,0.0,0.0,0.0,0.0,0.0,True,0.0,0.0,True
IS,2018,TJ_GCV,0.0,0.0,0.0,0.0,0.0,0.0,0.0,0.0,0.0,0.0,0.0,0.0,0.0,0.0,0.0,0.0,0.0,0.0,0.0,0.0,0.0,0.0,True,0.0,0.0,True
IS,2019,TJ_GCV,0.0,0.0,0.0,0.0,0.0,0.0,0.0,0.0,0.0,0.0,0.0,0.0,0.0,0.0,0.0,0.0,0.0,0.0,0.0,0.0,0.0,0.0,True,0.0,0.0,True
IS,2020,TJ_GCV,0.0,0.0,0.0,0.0,0.0,0.0,0.0,0.0,0.0,0.0,0.0,0.0,0.0,0.0,0.0,0.0,0.0,0.0,0.0,0.0,0.0,0.0,True,0.0,0.0,True
IS,2021,TJ_GCV,0.0,0.0,0.0,0.0,0.0,0.0,0.0,0.0,0.0,0.0,0.0,0.0,0.0,0.0,0.0,0.0,0.0,0.0,0.0,0.0,0.0,0.0,True,0.0,0.0,True
IS,2023,TJ_GCV,0.0,0.0,0.0,0.0,0.0,0.0,0.0,0.0,0.0,0.0,0.0,0.0,0.0,0.0,0.0,0.0,0.0,0.0,0.0,0.0,0.0,0.0,True,0.0,0.0,True
IT,1990,TJ_GCV,1817041.0,1336299.0,78040.0,384571.0,12611.0,5520.0,1817041.0,603391.0,526298.0,195878.0,1035.0,9697.0,78040.0,0.0,323518.0,52122.0,0.0,8931.0,12611.0,5520.0,1817041.0,0.0,True,1817041.0,0.0,True
IT,1991,TJ_GCV,1930328.0,1463268.0,81391.0,355287.0,16862.0,13520.0,1930328.0,611180.0,610840.0,227343.0,3995.0,9910.0,81391.0,0.0,289884.0,56684.0,0.0,8719.0,16862.0,13520.0,1930328.0,0.0,True,1930328.0,0.0,True
IT,1992,TJ_GCV,1912538.0,1442218.0,69025.0,344520.0,19176.0,37599.0,1912538.0,621262.0,587968.0,218831.0,4181.0,9976.0,69025.0,0.0,272857.0,63106.0,0.0,8557.0,19176.0,37599.0,1912538.0,0.0,True,1912538.0,0.0,True
IT,1993,TJ_GCV,1951501.0,1487111.0,44469.0,386338.0,14580.0,19003.0,1951501.0,628202.0,615271.0,228993.0,4625.0,10020.0,44469.0,0.0,281034.0,96512.0,0.0,8792.0,14580.0,19003.0,1951501.0,0.0,True,1951501.0,0.0,True
IT,1994,TJ_GCV,1885773.0,1442072.0,44504.0,379586.0,9696.0,9915.0,1885773.0,647098.0,568412.0,211552.0,4447.0,10563.0,44504.0,0.0,261300.0,109812.0,0.0,8474.0,9696.0,9915.0,1885773.0,0.0,True,1885773.0,0.0,True
IT,1995,TJ_GCV,2077223.0,1565733.0,44699.0,444769.0,15503.0,6519.0,2077223.0,688244.0,627300.0,233469.0,5421.0,11299.0,44699.0,0.0,302375.0,133767.0,0.0,8627.0,15503.0,6519.0,2077223.0,0.0,True,2077223.0,0.0,True
IT,1996,TJ_GCV,2143027.0,1615471.0,40903.0,466643.0,17151.0,2859.0,2143027.0,695277.0,657589.0,244743.0,5611.0,12251.0,40903.0,0.0,300044.0,158277.0,0.0,8322.0,17151.0,2859.0,2143027.0,0.0,True,2143027.0,0.0,True
IT,1997,TJ_GCV,2209041.0,1601119.0,44122.0,538802.0,15739.0,9259.0,2209041.0,698644.0,644282.0,239790.0,5486.0,12917.0,44122.0,0.0,326043.0,212759.0,0.0,0.0,15739.0,9259.0,2209041.0,0.0,True,2209041.0,0.0,True
IT,1998,TJ_GCV,2378397.0,1684908.0,43351.0,629550.0,15545.0,5043.0,2378397.0,713754.0,694100.0,258331.0,5436.0,13287.0,43351.0,0.0,364661.0,264889.0,0.0,0.0,15545.0,5043.0,2378397.0,0.0,True,2378397.0,0.0,True
IT,1999,TJ_GCV,2585047.0,1752193.0,44034.0,760857.0,15429.0,12534.0,2585047.0,737985.0,725309.0,269946.0,5551.0,13402.0,44034.0,0.0,465244.0,295613.0,0.0,0.0,15429.0,12534.0,2585047.0,0.0,True,2585047.0,0.0,True
IT,2000,TJ_GCV,2695383.0,1749680.0,45453.0,869419.0,18141.0,12690.0,2695383.0,773402.0,696429.0,259198.0,5449.0,15202.0,45453.0,0.0,540040.0,329379.0,0.0,0.0,18141.0,12690.0,2695383.0,0.0,True,2695383.0,0.0,True
IT,2001,TJ_GCV,2702777.0,1802624.0,46215.0,833212.0,11832.0,8894.0,2702777.0,774687.0,732522.0,272631.0,5677.0,17107.0,46215.0,0.0,514852.0,318360.0,0.0,0.0,11832.0,8894.0,2702777.0,0.0,True,2702777.0,0.0,True
IT,2002,TJ_GCV,2684452.0,1760305.0,42824.0,860186.0,15725.0,5412.0,2684452.0,771718.0,711797.0,254345.0,5602.0,16843.0,42824.0,0.0,507756.0,352430.0,0.0,0.0,15725.0,5412.0,2684452.0,0.0,True,2684452.0,0.0,True
IT,2003,TJ_GCV,2959648.0,1905620.0,43245.0,980954.0,15730.0,14099.0,2959648.0,789137.0,803531.0,289824.0,6175.0,16953.0,43245.0,0.0,516153.0,464801.0,0.0,0.0,15730.0,14099.0,2959648.0,0.0,True,2959648.0,0.0,True
IT,2004,TJ_GCV,3071200.0,1813123.0,45910.0,1176625.0,13823.0,21719.0,3071200.0,667032.0,834424.0,288690.0,6435.0,16542.0,45910.0,0.0,612166.0,564459.0,0.0,0.0,13823.0,21719.0,3071200.0,0.0,True,3071200.0,0.0,True
IT,2005,TJ_GCV,3286696.0,1888263.0,46177.0,1315713.0,13711.0,22832.0,3286696.0,644853.0,872054.0,345847.0,7853.0,17656.0,46177.0,0.0,655985.0,659728.0,0.0,0.0,13711.0,22832.0,3286696.0,0.0,True,3286696.0,0.0,True
IT,2006,TJ_GCV,3218803.0,1789057.0,44007.0,1349619.0,14480.0,21640.0,3218803.0,618438.0,791627.0,351824.0,6899.0,20269.0,44007.0,0.0,653546.0,696073.0,0.0,0.0,14480.0,21640.0,3218803.0,0.0,True,3218803.0,0.0,True
IT,2007,TJ_GCV,3234576.0,1685249.0,35777.0,1458575.0,29136.0,25839.0,3234576.0,584892.0,741625.0,328948.0,7266.0,22518.0,35777.0,0.0,714095.0,744480.0,0.0,0.0,29136.0,25839.0,3234576.0,0.0,True,3234576.0,0.0,True
IT,2008,TJ_GCV,3234044.0,1703831.0,32346.0,1440974.0,40548.0,16345.0,3234044.0,525735.0,745006.0,401160.0,6364.0,25566.0,32346.0,0.0,725501.0,715473.0,0.0,0.0,40548.0,16345.0,3234044.0,0.0,True,3234044.0,0.0,True
IT,2009,TJ_GCV,2972717.0,1678014.0,26363.0,1229672.0,21372.0,17296.0,2972717.0,460411.0,782499.0,400549.0,6592.0,27963.0,26363.0,0.0,528111.0,701561.0,0.0,0.0,21372.0,17296.0,2972717.0,0.0,True,2972717.0,0.0,True
IT,2010,TJ_GCV,3165995.0,1790991.0,26326.0,1295794.0,30244.0,22640.0,3165995.0,481501.0,869812.0,400716.0,6617.0,32345.0,26326.0,0.0,514033.0,781761.0,0.0,0.0,30244.0,22640.0,3165995.0,0.0,True,3165995.0,0.0,True
IT,2011,TJ_GCV,2968634.0,1653067.0,19850.0,1225420.0,54373.0,15924.0,2968634.0,433000.0,836878.0,337478.0,6057.0,39654.0,19850.0,0.0,520763.0,704657.0,0.0,0.0,54373.0,15924.0,2968634.0,0.0,True,2968634.0,0.0,True
IT,2012,TJ_GCV,2854263.0,1649152.0,17250.0,1112248.0,55261.0,20352.0,2854263.0,420682.0,842782.0,338500.0,5982.0,41206.0,17250.0,0.0,403975.0,708273.0,0.0,0.0,55261.0,20352.0,2854263.0,0.0,True,2854263.0,0.0,True
IT,2013,TJ_GCV,2669630.0,1638540.0,20917.0,938888.0,52098.0,19187.0,2669630.0,406167.0,840760.0,337688.0,5968.0,47957.0,20917.0,0.0,316731.0,622157.0,0.0,0.0,52098.0,19187.0,2669630.0,0.0,True,2669630.0,0.0,True
IT,2014,TJ_GCV,2358847.0,1437594.0,23698.0,829412.0,55454.0,12689.0,2358847.0,397582.0,704817.0,279683.0,5639.0,49873.0,23698.0,0.0,250920.0,578492.0,0.0,0.0,55454.0,12689.0,2358847.0,0.0,True,2358847.0,0.0,True
IT,2015,TJ_GCV,2572627.0,1534408.0,26633.0,947225.0,52128.0,12233.0,2572627.0,384873.0,790168.0,302341.0,6439.0,50587.0,26633.0,0.0,287812.0,659413.0,0.0,0.0,52128.0,12233.0,2572627.0,0.0,True,2572627.0,0.0,True
IT,2016,TJ_GCV,2701862.0,1546186.0,30358.0,1057652.0,54805.0,12861.0,2701862.0,388997.0,795374.0,304335.0,6042.0,51438.0,30358.0,0.0,338532.0,719120.0,0.0,0.0,54805.0,12861.0,2701862.0,0.0,True,2701862.0,0.0,True
IT,2017,TJ_GCV,2863595.627,1578026.216,30494.783,1173844.429,65910.15,15320.049,2863595.627,412659.923,802963.627,306575.0,6325.323,49502.343,30494.783,0.0,401016.298,761340.614,11487.517,0.0,65910.15,15320.049,2863595.627,0.0,True,2863595.627,0.0,True
IT,2018,TJ_GCV,2769639.586,1564401.107,28660.234,1087881.248,73647.72,15049.277,2769639.586,402357.16,767551.65,337277.337,6363.276,50851.684,28660.234,0.0,355899.247,719238.602,12743.399,0.0,73647.72,15049.277,2769639.586,0.0,True,2769639.586,0.0,True
IT,2019,TJ_GCV,2837253.567,1537141.035,29908.5,1183378.541,71311.391,15514.1,2837253.567,397307.633,750211.538,329657.75,6591.3,53372.814,29908.5,0.0,430769.704,740581.544,12027.293,0.0,71311.391,15514.1,2837253.567,0.0,True,2837253.567,0.0,True
IT,2020,TJ_GCV,2715273.99,1479672.62,30391.379,1126943.808,67833.26,10432.923,2715273.99,375943.868,741184.397,311229.447,6322.237,44992.671,30391.379,0.0,420262.991,694076.702,12604.115,0.0,67833.26,10432.923,2715273.99,0.0,True,2715273.99,0.0,True
IT,2021,TJ_GCV,2910621.058,1701939.056,30882.06,1115488.938,53676.782,8634.222,2910621.058,542672.462,809691.931,274083.919,16069.833,59420.911,30882.06,0.0,457308.672,644848.126,13332.14,0.0,53676.782,8634.222,2910621.058,0.0,True,2910621.058,0.0,True
IT,2022,TJ_GCV,2618555.443,1468738.658,25587.32,1070196.852,41766.8,12265.813,2618555.443,472724.907,696594.174,232875.656,17754.678,48789.243,25587.32,0.0,426966.341,631338.084,11892.427,0.0,41766.8,12265.813,2618555.443,0.0,True,2618555.443,0.0,True
IT,2023,TJ_GCV,2352135.207,1370882.942,21284.926,905404.055,43845.615,10717.669,2352135.207,450238.866,599296.835,258876.494,16981.565,45489.182,21284.926,0.0,316202.642,578450.95,10750.463,0.0,43845.615,10717.669,2352135.207,0.0,True,2352135.207,0.0,True
IT,2024,TJ_GCV,2368091.105,1390923.226,20407.925,912576.45,37544.215,6639.289,2368091.105,446514.443,613433.896,264983.243,20482.177,45509.467,20407.925,0.0,344236.235,545369.529,11272.614,11698.074,37544.215,6639.289,2368091.105,0.0,True,2368091.107,-0.002,True
LI,2014,TJ_GCV,0.0,0.0,0.0,0.0,0.0,0.0,0.0,0.0,0.0,0.0,0.0,0.0,0.0,0.0,0.0,0.0,0.0,0.0,0.0,0.0,0.0,0.0,True,0.0,0.0,True
LI,2015,TJ_GCV,0.0,0.0,0.0,0.0,0.0,0.0,0.0,0.0,0.0,0.0,0.0,0.0,0.0,0.0,0.0,0.0,0.0,0.0,0.0,0.0,0.0,0.0,True,0.0,0.0,True
LI,2016,TJ_GCV,0.0,0.0,0.0,0.0,0.0,0.0,0.0,0.0,0.0,0.0,0.0,0.0,0.0,0.0,0.0,0.0,0.0,0.0,0.0,0.0,0.0,0.0,True,0.0,0.0,True
LI,2017,TJ_GCV,0.0,0.0,0.0,0.0,0.0,0.0,0.0,0.0,0.0,0.0,0.0,0.0,0.0,0.0,0.0,0.0,0.0,0.0,0.0,0.0,0.0,0.0,True,0.0,0.0,True
LI,2018,TJ_GCV,0.0,0.0,0.0,0.0,0.0,0.0,0.0,0.0,0.0,0.0,0.0,0.0,0.0,0.0,0.0,0.0,0.0,0.0,0.0,0.0,0.0,0.0,True,0.0,0.0,True
LI,2019,TJ_GCV,0.0,0.0,0.0,0.0,0.0,0.0,0.0,0.0,0.0,0.0,0.0,0.0,0.0,0.0,0.0,0.0,0.0,0.0,0.0,0.0,0.0,0.0,True,0.0,0.0,True
LI,2020,TJ_GCV,0.0,0.0,0.0,0.0,0.0,0.0,0.0,0.0,0.0,0.0,0.0,0.0,0.0,0.0,0.0,0.0,0.0,0.0,0.0,0.0,0.0,0.0,True,0.0,0.0,True
LI,2021,TJ_GCV,0.0,0.0,0.0,0.0,0.0,0.0,0.0,0.0,0.0,0.0,0.0,0.0,0.0,0.0,0.0,0.0,0.0,0.0,0.0,0.0,0.0,0.0,True,0.0,0.0,True
LI,2022,TJ_GCV,0.0,0.0,0.0,0.0,0.0,0.0,0.0,0.0,0.0,0.0,0.0,0.0,0.0,0.0,0.0,0.0,0.0,0.0,0.0,0.0,0.0,0.0,True,0.0,0.0,True
LI,2023,TJ_GCV,0.0,0.0,0.0,0.0,0.0,0.0,0.0,0.0,0.0,0.0,0.0,0.0,0.0,0.0,0.0,0.0,0.0,0.0,0.0,0.0,0.0,0.0,True,0.0,0.0,True
LI,2024,TJ_GCV,0.0,0.0,0.0,0.0,0.0,0.0,0.0,0.0,0.0,0.0,0.0,0.0,0.0,0.0,0.0,0.0,0.0,0.0,0.0,0.0,0.0,0.0,True,0.0,0.0,True
LT,1990,TJ_GCV,217617.0,69010.0,29927.0,116805.0,0.0,1875.0,217617.0,41217.0,10263.0,14257.0,3273.0,0.0,29927.0,0.0,0.0,71791.0,45014.0,0.0,0.0,1875.0,217617.0,0.0,True,217617.0,0.0,True
LT,1991,TJ_GCV,225277.0,78118.0,33225.0,112486.0,0.0,1448.0,225277.0,43581.0,15767.0,14850.0,3920.0,0.0,33225.0,0.0,0.0,71466.0,41020.0,0.0,0.0,1448.0,225277.0,0.0,True,225277.0,0.0,True
LT,1992,TJ_GCV,128699.0,46130.0,17717.0,64533.0,0.0,319.0,128699.0,24725.0,12761.0,6614.0,2030.0,0.0,17717.0,0.0,0.0,30849.0,33684.0,0.0,0.0,319.0,128699.0,0.0,True,128699.0,0.0,True
LT,1993,TJ_GCV,69604.0,24725.0,7908.0,36167.0,0.0,804.0,69604.0,8577.0,12533.0,2352.0,1263.0,0.0,7908.0,0.0,0.0,16566.0,19601.0,0.0,0.0,804.0,69604.0,0.0,True,69604.0,0.0,True
LT,1994,TJ_GCV,80526.0,24583.0,14854.0,39505.0,0.0,1584.0,80526.0,10299.0,9638.0,3305.0,1341.0,0.0,14854.0,0.0,0.0,16141.0,23364.0,0.0,0.0,1584.0,80526.0,0.0,True,80526.0,0.0,True
LT,1995,TJ_GCV,94366.0,23719.0,22408.0,46089.0,0.0,2150.0,94366.0,10150.0,8551.0,3688.0,1330.0,0.0,22408.0,0.0,0.0,20152.0,25937.0,0.0,0.0,2150.0,94366.0,0.0,True,94366.0,0.0,True
LT,1996,TJ_GCV,100884.0,21310.0,25511.0,51908.0,0.0,2155.0,100884.0,9830.0,8470.0,1989.0,1021.0,0.0,25511.0,0.0,0.0,28994.0,22914.0,0.0,0.0,2155.0,100884.0,0.0,True,100884.0,0.0,True
LT,1997,TJ_GCV,93134.0,20922.0,21505.0,48798.0,0.0,1909.0,93134.0,10632.0,6882.0,2166.0,1242.0,0.0,21505.0,0.0,0.0,22212.0,26170.0,416.0,0.0,1909.0,93134.0,0.0,True,93134.0,0.0,True
LT,1998,TJ_GCV,81578.0,19616.0,22225.0,37683.0,142.0,1912.0,81578.0,11547.0,5747.0,1256.0,1066.0,0.0,22225.0,0.0,0.0,19587.0,17577.0,519.0,142.0,1912.0,81578.0,0.0,True,81578.0,0.0,True
LT,1999,TJ_GCV,84321.0,16330.0,23851.0,42719.0,170.0,1251.0,84321.0,8448.0,5049.0,1979.0,854.0,0.0,23851.0,0.0,0.0,25910.0,16497.0,312.0,170.0,1251.0,84321.0,0.0,True,84321.0,0.0,True
LT,2000,TJ_GCV,96004.0,16893.0,25241.0,52490.0,155.0,1225.0,96004.0,9501.0,4840.0,1447.0,1105.0,0.0,25241.0,0.0,0.0,33304.0,18844.0,342.0,155.0,1225.0,96004.0,0.0,True,96004.0,0.0,True
LT,2001,TJ_GCV,99837.0,18346.0,28344.0,51848.0,149.0,1150.0,99837.0,10096.0,5000.0,1578.0,1297.0,375.0,28344.0,0.0,0.0,35771.0,15672.0,405.0,149.0,1150.0,99837.0,0.0,True,99837.0,0.0,True
LT,2002,TJ_GCV,100953.0,19915.0,28121.0,52062.0,149.0,706.0,100953.0,11286.0,5124.0,1790.0,1299.0,416.0,28121.0,0.0,0.0,34242.0,17317.0,503.0,149.0,706.0,100953.0,0.0,True,100953.0,0.0,True
LT,2003,TJ_GCV,109512.0,20462.0,28522.0,59278.0,144.0,1106.0,109512.0,11549.0,5466.0,1861.0,1229.0,357.0,28522.0,0.0,0.0,40590.0,18122.0,566.0,144.0,1106.0,109512.0,0.0,True,109512.0,0.0,True
LT,2004,TJ_GCV,109214.0,22724.0,25147.0,60207.0,143.0,993.0,109214.0,12629.0,5909.0,2415.0,1414.0,357.0,25147.0,0.0,0.0,45250.0,14307.0,650.0,143.0,993.0,109214.0,0.0,True,109214.0,0.0,True
LT,2005,TJ_GCV,115205.0,27406.0,23706.0,63482.0,144.0,467.0,115205.0,16756.0,6255.0,2353.0,1324.0,718.0,23706.0,0.0,0.0,48561.0,14326.0,595.0,144.0,467.0,115205.0,0.0,True,115205.0,0.0,True
LT,2006,TJ_GCV,114163.0,28547.0,25765.0,59664.0,111.0,76.0,114163.0,16559.0,6515.0,2504.0,1756.0,1213.0,25765.0,0.0,0.0,45464.0,13765.0,435.0,111.0,76.0,114163.0,0.0,True,114163.0,0.0,True
LT,2007,TJ_GCV,134518.0,30110.0,48630.0,55630.0,111.0,37.0,134518.0,16786.0,6848.0,3349.0,1861.0,1266.0,48630.0,0.0,0.0,41602.0,13991.0,37.0,111.0,37.0,134518.0,0.0,True,134518.0,0.0,True
LT,2008,TJ_GCV,120749.0,28956.0,40669.0,51016.0,108.0,0.0,120749.0,16277.0,6783.0,3192.0,1589.0,1115.0,40669.0,0.0,0.0,38661.0,12020.0,335.0,108.0,0.0,120749.0,0.0,True,120749.0,0.0,True
LT,2009,TJ_GCV,101474.0,26684.0,24362.0,50346.0,78.0,4.0,101474.0,14658.0,6750.0,2891.0,1258.0,1127.0,24362.0,0.0,0.0,39295.0,10936.0,115.0,78.0,4.0,101474.0,0.0,True,101474.0,0.0,True
LT,2010,TJ_GCV,115912.0,28788.0,22377.0,64673.0,70.0,4.0,115912.0,15726.0,7368.0,3089.0,1451.0,1154.0,22377.0,0.0,0.0,51946.0,12727.0,0.0,70.0,4.0,115912.0,0.0,True,115912.0,0.0,True
LT,2011,TJ_GCV,126443.0,28089.0,44807.0,53323.0,220.0,4.0,126443.0,16174.0,6735.0,2798.0,1414.0,968.0,44807.0,0.0,0.0,42383.0,10940.0,0.0,220.0,4.0,126443.0,0.0,True,126443.0,0.0,True
LT,2012,TJ_GCV,123466.0,28749.0,46491.0,48077.0,145.0,4.0,123466.0,16745.0,6300.0,2943.0,1284.0,1477.0,46491.0,0.0,0.0,37286.0,10791.0,0.0,145.0,4.0,123466.0,0.0,True,123466.0,0.0,True
LT,2013,TJ_GCV,100693.0,25681.0,35486.0,39444.0,82.0,0.0,100693.0,14443.0,5730.0,2940.0,1191.0,1377.0,35486.0,0.0,0.0,30737.0,8707.0,0.0,82.0,0.0,100693.0,0.0,True,100693.0,0.0,True
LT,2014,TJ_GCV,96041.0,24285.0,40636.0,30848.0,272.0,0.0,96041.0,13852.0,5582.0,2507.0,967.0,1377.0,40636.0,0.0,0.0,24187.0,6661.0,0.0,272.0,0.0,96041.0,0.0,True,96041.0,0.0,True
LT,2015,TJ_GCV,96179.0,24141.0,43813.0,26783.0,1442.0,0.0,96179.0,13215.0,5707.0,2861.0,969.0,1389.0,43813.0,0.0,0.0,21472.0,5311.0,0.0,1442.0,0.0,96179.0,0.0,True,96179.0,0.0,True
LT,2016,TJ_GCV,85671.0,25645.0,39111.0,19690.0,1225.0,0.0,85671.0,13386.0,6767.0,3046.0,998.0,1448.0,39111.0,0.0,0.0,14542.0,5148.0,0.0,1225.0,0.0,85671.0,0.0,True,85671.0,0.0,True
LT,2017,TJ_GCV,89385.0,26508.0,46309.0,15709.0,859.0,0.0,89385.0,13570.0,7154.0,3203.0,1012.0,1569.0,46309.0,0.0,0.0,11180.0,4529.0,0.0,859.0,0.0,89385.0,0.0,True,89385.0,0.0,True
LT,2018,TJ_GCV,82606.0,27770.0,39901.0,14070.0,865.0,0.0,82606.0,14475.0,7663.0,3401.0,973.0,1258.0,39901.0,0.0,0.0,9045.0,5025.0,0.0,865.0,0.0,82606.0,0.0,True,82606.0,0.0,True
LT,2019,TJ_GCV,86732.0,27172.0,44595.0,11841.0,3124.0,0.0,86732.0,14121.0,7483.0,3377.0,962.0,1229.0,44595.0,0.0,0.0,8339.0,3502.0,0.0,3124.0,0.0,86732.0,0.0,True,86732.0,0.0,True
LT,2020,TJ_GCV,91726.0,27112.0,42125.0,18241.0,4248.0,0.0,91726.0,13501.0,8112.0,3226.0,942.0,1331.0,42125.0,0.0,0.0,15591.0,2650.0,0.0,4248.0,0.0,91726.0,0.0,True,91726.0,0.0,True
LT,2021,TJ_GCV,87284.0,30142.0,36732.0,18010.0,2400.0,0.0,87284.0,14013.0,10230.0,3371.0,1099.0,1429.0,36732.0,0.0,0.0,13629.0,4381.0,0.0,2400.0,0.0,87284.0,0.0,True,87284.0,0.0,True
LT,2022,TJ_GCV,59612.0,27250.0,22236.0,8829.0,1297.0,0.0,59612.0,12412.0,9189.0,3343.0,944.0,1362.0,22236.0,0.0,0.0,6068.0,2761.0,0.0,1297.0,0.0,59612.0,0.0,True,59612.0,0.0,True
LT,2023,TJ_GCV,58222.0,26630.0,21991.0,8741.0,856.0,4.0,58222.0,11609.0,8456.0,4268.0,939.0,1358.0,21991.0,0.0,0.0,5901.0,2840.0,0.0,856.0,4.0,58222.0,0.0,True,58222.0,0.0,True
LT,2024,TJ_GCV,64126.0,27039.0,26173.0,10135.0,743.0,36.0,64126.0,12110.0,8448.0,4258.0,930.0,1293.0,26173.0,0.0,0.0,7330.0,2805.0,0.0,743.0,36.0,64126.0,0.0,True,64126.0,0.0,True
LU,1990,TJ_GCV,19981.0,19533.0,0.0,448.0,0.0,0.0,19981.0,12989.0,6544.0,0.0,0.0,0.0,0.0,0.0,448.0,0.0,0.0,0.0,0.0,0.0,19981.0,0.0,True,19981.0,0.0,True
LU,1991,TJ_GCV,20789.0,20377.0,0.0,364.0,0.0,48.0,20789.0,13018.0,7359.0,0.0,0.0,0.0,0.0,0.0,364.0,0.0,0.0,0.0,0.0,48.0,20789.0,0.0,True,20789.0,0.0,True
LU,1992,TJ_GCV,21669.0,21223.0,0.0,393.0,0.0,53.0,21669.0,13778.0,7445.0,0.0,0.0,0.0,0.0,0.0,393.0,0.0,0.0,0.0,0.0,53.0,21669.0,0.0,True,21669.0,0.0,True
LU,1993,TJ_GCV,22509.0,22070.0,0.0,284.0,0.0,155.0,22509.0,14151.0,7919.0,0.0,0.0,0.0,0.0,0.0,284.0,0.0,0.0,0.0,0.0,155.0,22509.0,0.0,True,22509.0,0.0,True
LU,1994,TJ_GCV,22712.0,21985.0,0.0,634.0,0.0,93.0,22712.0,14186.0,7799.0,0.0,0.0,0.0,0.0,0.0,634.0,0.0,0.0,0.0,0.0,93.0,22712.0,0.0,True,22712.0,0.0,True
LU,1995,TJ_GCV,25916.0,23929.0,0.0,1916.0,0.0,71.0,25916.0,15412.0,8517.0,0.0,0.0,0.0,0.0,0.0,757.0,1159.0,0.0,0.0,0.0,71.0,25916.0,0.0,True,25916.0,0.0,True
LU,1996,TJ_GCV,28430.0,26235.0,0.0,2081.0,0.0,114.0,28430.0,16235.0,10000.0,0.0,0.0,0.0,0.0,0.0,987.0,1094.0,0.0,0.0,0.0,114.0,28430.0,0.0,True,28430.0,0.0,True
LU,1997,TJ_GCV,29131.0,27138.0,0.0,1930.0,0.0,63.0,29131.0,17795.0,9343.0,0.0,0.0,0.0,0.0,0.0,804.0,1126.0,0.0,0.0,0.0,63.0,29131.0,0.0,True,29131.0,0.0,True
LU,1998,TJ_GCV,29434.0,27438.0,0.0,1899.0,0.0,97.0,29434.0,17379.0,10059.0,0.0,0.0,0.0,0.0,0.0,0.0,1899.0,0.0,0.0,0.0,97.0,29434.0,0.0,True,29434.0,0.0,True
LU,1999,TJ_GCV,30517.0,28418.0,0.0,2093.0,0.0,6.0,30517.0,18509.0,9909.0,0.0,0.0,0.0,0.0,0.0,0.0,2093.0,0.0,0.0,0.0,6.0,30517.0,0.0,True,30517.0,0.0,True
LU,2000,TJ_GCV,31231.008,28125.741,0.0,3105.267,0.0,0.0,31231.008,13928.706,7286.613,6909.261,1.161,0.0,0.0,0.0,0.0,3085.631,19.636,0.0,0.0,0.0,31231.008,0.0,True,31231.008,0.0,True
LU,2001,TJ_GCV,34718.0,27997.842,0.0,6720.158,0.0,0.0,34718.0,14931.758,8063.593,5001.72,0.771,0.0,0.0,0.0,2977.603,3721.854,20.701,0.0,0.0,0.0,34718.0,0.0,True,34718.0,0.0,True
LU,2002,TJ_GCV,49629.0,28258.277,0.0,21370.723,0.0,0.0,49629.0,14655.022,8146.391,5456.111,0.753,0.0,0.0,0.0,16718.964,4593.542,58.217,0.0,0.0,0.0,49629.0,0.0,True,49629.0,0.0,True
LU,2003,TJ_GCV,50237.999,28673.979,0.0,21564.02,0.0,0.0,50237.999,14091.365,8745.13,5836.231,1.253,0.0,0.0,0.0,16309.385,5189.175,65.46,0.0,0.0,0.0,50237.999,0.0,True,50237.999,0.0,True
LU,2004,TJ_GCV,55632.0,29942.324,0.0,25689.676,0.0,0.0,55632.0,15305.151,9472.014,5163.843,1.316,0.0,0.0,0.0,19896.139,5745.467,48.07,0.0,0.0,0.0,55632.0,0.0,True,55632.0,0.0,True
LU,2005,TJ_GCV,54720.184,29338.038,0.0,25382.146,0.0,0.0,54720.184,15305.96,9485.405,4545.487,1.186,0.0,0.0,0.0,19594.626,5732.896,54.624,0.0,0.0,0.0,54720.184,0.0,True,54720.184,0.0,True
LU,2006,TJ_GCV,57237.242,30622.595,0.0,26614.647,0.0,0.0,57237.242,16312.876,8777.24,5530.924,1.555,0.0,0.0,0.0,20530.985,6033.999,49.663,0.0,0.0,0.0,57237.242,0.0,True,57237.242,0.0,True
LU,2007,TJ_GCV,53426.135,29822.706,0.0,23603.429,0.0,0.0,53426.135,16287.844,8734.246,4799.357,1.259,0.0,0.0,0.0,18610.313,4940.04,53.076,0.0,0.0,0.0,53426.135,0.0,True,53426.135,0.0,True
LU,2008,TJ_GCV,50856.702,30616.002,0.0,20240.7,0.0,0.0,50856.702,15473.904,9340.892,5799.887,1.319,0.0,0.0,0.0,14799.094,5389.607,51.999,0.0,0.0,0.0,50856.702,0.0,True,50856.702,0.0,True
LU,2009,TJ_GCV,51751.742,28658.82,0.0,23092.922,0.0,0.0,51751.742,13660.443,9137.532,5859.605,1.24,0.0,0.0,0.0,18424.889,4601.902,66.131,0.0,0.0,0.0,51751.742,0.0,True,51751.742,0.0,True
LU,2010,TJ_GCV,55665.215,31411.987,0.0,24253.228,0.0,0.0,55665.215,14399.051,10667.474,6343.969,1.493,0.0,0.0,0.0,18675.703,5500.191,77.334,0.0,0.0,0.0,55665.215,0.0,True,55665.215,0.0,True
LU,2011,TJ_GCV,48050.655,27945.952,0.0,20104.703,0.0,0.0,48050.655,14702.25,10037.662,3206.04,-0.0,0.0,0.0,0.0,14419.857,5577.52,107.326,0.0,0.0,0.0,48050.655,0.0,True,48050.655,0.0,True
LU,2012,TJ_GCV,49068.103,28435.383,0.0,20632.72,0.0,0.0,49068.103,14124.01,9294.952,5016.421,0.0,0.0,0.0,0.0,15074.828,5473.28,84.612,0.0,0.0,0.0,49068.103,0.0,True,49068.103,0.0,True
LU,2013,TJ_GCV,41580.04,27971.576,0.0,13608.464,0.0,0.0,41580.04,13180.402,9831.502,4959.672,0.0,0.0,0.0,0.0,7926.696,5552.35,129.418,0.0,0.0,0.0,41580.04,0.0,True,41580.04,0.0,True
LU,2014,TJ_GCV,39418.995,26731.779,0.0,12687.216,0.0,0.0,39418.995,13095.188,9448.538,4188.029,0.024,0.0,0.0,0.0,8576.496,4021.491,89.229,0.0,0.0,0.0,39418.995,0.0,True,39418.995,0.0,True
LU,2015,TJ_GCV,35997.559,28017.802,0.0,7979.757,0.0,0.0,35997.559,12902.175,10297.863,4817.737,0.027,0.0,0.0,0.0,4282.596,3635.06,62.101,0.0,0.0,0.0,35997.559,0.0,True,35997.559,0.0,True
LU,2016,TJ_GCV,33213.272,29451.52,0.0,3761.752,0.0,0.0,33213.272,13065.43,10954.428,5431.615,0.047,0.0,0.0,0.0,110.306,3510.3,141.146,0.0,0.0,0.0,33213.272,0.0,True,33213.272,0.0,True
LU,2017,TJ_GCV,32500.734,29007.299,0.0,3493.435,0.0,0.0,32500.734,12442.211,12446.574,4118.479,0.035,0.0,0.0,0.0,0.0,3224.423,269.012,0.0,0.0,0.0,32500.734,0.0,True,32500.734,0.0,True
LU,2018,TJ_GCV,32043.528,29002.492,0.0,3041.036,0.0,0.0,32043.528,12965.318,11375.635,4661.527,0.012,0.0,0.0,0.0,0.0,2768.635,272.401,0.0,0.0,0.0,32043.528,0.0,True,32043.528,0.0,True
LU,2019,TJ_GCV,31975.611,28998.835,0.0,2976.776,0.0,0.0,31975.611,12538.055,11462.164,4998.579,0.037,0.0,0.0,0.0,0.0,2695.283,281.493,0.0,0.0,0.0,31975.611,0.0,True,31975.611,0.0,True
LU,2020,TJ_GCV,29134.814,26254.283,0.0,2880.531,0.0,0.0,29134.814,10745.621,12012.911,3495.709,0.042,0.0,0.0,0.0,0.0,2642.42,238.111,0.0,0.0,0.0,29134.814,0.0,True,29134.814,0.0,True
LU,2021,TJ_GCV,31347.566,28262.731,0.0,3084.835,0.0,0.0,31347.566,11727.09,11192.524,5343.117,0.0,0.0,0.0,0.0,0.0,2661.238,423.597,0.0,0.0,0.0,31347.566,0.0,True,31347.566,0.0,True
LU,2022,TJ_GCV,24628.313,22258.513,0.0,2369.8,0.0,0.0,24628.313,8327.466,9965.047,3965.802,0.198,0.0,0.0,0.0,0.0,2008.676,361.124,0.0,0.0,0.0,24628.313,0.0,True,24628.313,0.0,True
LU,2023,TJ_GCV,23099.483,21358.604,0.0,1740.879,0.0,0.0,23099.483,8066.919,8820.094,4471.14,0.451,0.0,0.0,0.0,0.0,1490.42,250.459,0.0,0.0,0.0,23099.483,0.0,True,23099.483,0.0,True
LU,2024,TJ_GCV,24289.41,22947.614,0.0,1341.796,0.0,0.0,24289.41,8667.072,9476.28,4803.779,0.483,0.0,0.0,0.0,0.0,1113.96,227.836,0.0,0.0,0.0,24289.41,0.0,True,24289.41,0.0,True
LV,1990,TJ_GCV,110725.0,32460.0,0.0,77209.0,905.0,151.0,110725.0,20433.0,4449.0,4260.0,1772.0,1546.0,0.0,0.0,0.0,32120.0,45089.0,0.0,905.0,151.0,110725.0,0.0,True,110725.0,0.0,True
LV,1991,TJ_GCV,111630.0,30173.0,0.0,78951.0,700.0,1806.0,111630.0,17774.0,4750.0,4520.0,1734.0,1395.0,0.0,0.0,0.0,32167.0,46784.0,0.0,700.0,1806.0,111630.0,0.0,True,111630.0,0.0,True
LV,1992,TJ_GCV,80260.0,27484.0,0.0,50430.0,700.0,1646.0,80260.0,15126.0,5450.0,4632.0,1493.0,783.0,0.0,0.0,0.0,24437.0,25993.0,0.0,700.0,1646.0,80260.0,0.0,True,80260.0,0.0,True
LV,1993,TJ_GCV,52869.0,20254.0,0.0,30329.0,693.0,1593.0,52869.0,10695.0,5654.0,2044.0,708.0,1153.0,0.0,0.0,0.0,13629.0,16700.0,0.0,693.0,1593.0,52869.0,0.0,True,52869.0,0.0,True
LV,1994,TJ_GCV,38471.0,16066.0,0.0,20583.0,707.0,1115.0,38471.0,8723.0,4843.0,1639.0,786.0,75.0,0.0,0.0,0.0,8196.0,12387.0,0.0,707.0,1115.0,38471.0,0.0,True,38471.0,0.0,True
LV,1995,TJ_GCV,46977.0,17045.0,0.0,27797.0,1049.0,1086.0,46977.0,9591.0,4645.0,2060.0,712.0,37.0,0.0,0.0,0.0,13299.0,14498.0,0.0,1049.0,1086.0,46977.0,0.0,True,46977.0,0.0,True
LV,1996,TJ_GCV,40248.0,17016.0,0.0,20975.0,1147.0,1110.0,40248.0,9988.0,4180.0,2034.0,777.0,37.0,0.0,0.0,0.0,10839.0,10136.0,0.0,1147.0,1110.0,40248.0,0.0,True,40248.0,0.0,True
LV,1997,TJ_GCV,49051.0,15425.0,0.0,31850.0,629.0,1147.0,49051.0,9655.0,3403.0,1701.0,629.0,37.0,0.0,0.0,0.0,20420.0,11430.0,0.0,629.0,1147.0,49051.0,0.0,True,49051.0,0.0,True
LV,1998,TJ_GCV,48054.0,15833.0,0.0,30260.0,814.0,1147.0,48054.0,9951.0,3218.0,1961.0,666.0,37.0,0.0,0.0,0.0,18089.0,12171.0,0.0,814.0,1147.0,48054.0,0.0,True,48054.0,0.0,True
LV,1999,TJ_GCV,46045.0,14830.0,0.0,29402.0,703.0,1110.0,46045.0,8987.0,3143.0,2108.0,555.0,37.0,0.0,0.0,0.0,16939.0,12463.0,0.0,703.0,1110.0,46045.0,0.0,True,46045.0,0.0,True
LV,2000,TJ_GCV,50706.0,15294.0,0.0,33767.0,897.0,748.0,50706.0,9647.0,2954.0,2057.0,561.0,75.0,0.0,0.0,0.0,18061.0,15706.0,0.0,897.0,748.0,50706.0,0.0,True,50706.0,0.0,True
LV,2001,TJ_GCV,58581.0,18129.0,0.0,38954.0,974.0,524.0,58581.0,11799.0,3334.0,2210.0,674.0,112.0,0.0,0.0,0.0,23110.0,15844.0,0.0,974.0,524.0,58581.0,0.0,True,58581.0,0.0,True
LV,2002,TJ_GCV,60080.0,20798.0,0.0,37751.0,896.0,635.0,60080.0,13106.0,3659.0,3249.0,709.0,75.0,0.0,0.0,0.0,23748.0,14003.0,0.0,896.0,635.0,60080.0,0.0,True,60080.0,0.0,True
LV,2003,TJ_GCV,62675.0,21228.0,0.0,39653.0,972.0,822.0,62675.0,12782.0,4074.0,3475.0,822.0,75.0,0.0,0.0,0.0,25488.0,14165.0,0.0,972.0,822.0,62675.0,0.0,True,62675.0,0.0,True
LV,2004,TJ_GCV,61983.0,22885.0,0.0,37533.0,969.0,596.0,61983.0,13231.0,4398.0,4175.0,1006.0,75.0,0.0,0.0,0.0,24898.0,12635.0,0.0,969.0,596.0,61983.0,0.0,True,61983.0,0.0,True
LV,2005,TJ_GCV,63169.0,23628.0,0.0,38386.0,969.0,186.0,63169.0,13714.0,4659.0,4360.0,820.0,75.0,0.0,0.0,0.0,25156.0,13230.0,0.0,969.0,186.0,63169.0,0.0,True,63169.0,0.0,True
LV,2006,TJ_GCV,65436.0,23887.0,0.0,40208.0,1043.0,298.0,65436.0,13489.0,4807.0,4733.0,783.0,75.0,0.0,0.0,0.0,29886.0,10322.0,0.0,1043.0,298.0,65436.0,0.0,True,65436.0,0.0,True
LV,2007,TJ_GCV,63247.0,24331.0,0.0,37911.0,633.0,372.0,63247.0,13133.0,5097.0,5320.0,707.0,74.0,0.0,0.0,0.0,28200.0,9711.0,0.0,633.0,372.0,63247.0,0.0,True,63247.0,0.0,True
LV,2008,TJ_GCV,62015.0,23316.0,0.0,37432.0,894.0,373.0,62015.0,12179.0,5215.0,5364.0,521.0,37.0,0.0,0.0,0.0,27413.0,10019.0,0.0,894.0,373.0,62015.0,0.0,True,62015.0,0.0,True
LV,2009,TJ_GCV,57089.0,20104.0,0.0,35723.0,552.0,710.0,57089.0,9863.0,4782.0,5193.0,262.0,4.0,0.0,0.0,0.0,26708.0,9015.0,0.0,552.0,710.0,57089.0,0.0,True,57089.0,0.0,True
LV,2010,TJ_GCV,68007.0,23153.0,0.0,43584.0,971.0,299.0,68007.0,11278.0,5789.0,5376.0,710.0,0.0,0.0,0.0,0.0,34695.0,8889.0,0.0,971.0,299.0,68007.0,0.0,True,68007.0,0.0,True
LV,2011,TJ_GCV,59937.0,18459.0,0.0,39871.0,1046.0,561.0,59937.0,8071.0,4970.0,4857.0,561.0,0.0,0.0,0.0,0.0,32210.0,7661.0,0.0,1046.0,561.0,59937.0,0.0,True,59937.0,0.0,True
LV,2012,TJ_GCV,56343.0,18718.0,0.0,35981.0,1084.0,560.0,56343.0,8444.0,4969.0,4558.0,747.0,0.0,0.0,0.0,0.0,28994.0,6987.0,0.0,1084.0,560.0,56343.0,0.0,True,56343.0,0.0,True
LV,2013,TJ_GCV,55737.0,15985.0,0.0,38417.0,1030.0,305.0,55737.0,6638.0,4731.0,3891.0,725.0,0.0,0.0,0.0,0.0,33458.0,4959.0,0.0,1030.0,305.0,55737.0,0.0,True,55737.0,0.0,True
LV,2014,TJ_GCV,50318.0,15196.0,0.0,33550.0,920.0,652.0,50318.0,5576.0,4714.0,4216.0,690.0,0.0,0.0,0.0,0.0,29896.0,3654.0,0.0,920.0,652.0,50318.0,0.0,True,50318.0,0.0,True
LV,2015,TJ_GCV,51097.0,14725.0,0.0,35240.0,757.0,375.0,51097.0,5610.0,4563.0,3981.0,571.0,0.0,0.0,0.0,0.0,32244.0,2996.0,0.0,757.0,375.0,51097.0,0.0,True,51097.0,0.0,True
LV,2016,TJ_GCV,51790.0,14945.0,0.0,35776.0,563.0,506.0,51790.0,5006.0,4948.0,4380.0,611.0,0.0,0.0,0.0,0.0,32978.0,2798.0,0.0,563.0,506.0,51790.0,0.0,True,51790.0,0.0,True
LV,2017,TJ_GCV,46192.138,15258.994,0.0,29916.664,487.693,528.787,46192.138,5003.325,5179.884,4701.023,374.762,0.0,0.0,0.0,0.0,18586.099,11330.565,0.0,487.693,528.787,46192.138,0.0,True,46192.138,0.0,True
LV,2018,TJ_GCV,54383.891,16025.252,0.0,37193.683,576.665,588.291,54383.891,5292.68,5544.369,4885.947,299.673,2.583,0.0,0.0,0.0,27057.704,10135.979,0.0,576.665,588.291,54383.891,0.0,True,54383.891,0.0,True
LV,2019,TJ_GCV,51326.68,15054.111,0.0,34948.936,632.181,691.452,51326.68,4534.025,5151.268,5119.638,240.571,8.609,0.0,0.0,0.0,26417.378,8531.558,0.0,632.181,691.452,51326.68,0.0,True,51326.68,0.0,True
LV,2020,TJ_GCV,42345.285,15022.554,0.0,26273.774,546.742,502.215,42345.285,4498.982,5097.246,5174.777,226.685,24.864,0.0,0.0,0.0,17266.644,9007.13,0.0,546.742,502.215,42345.285,0.0,True,42345.285,0.0,True
LV,2021,TJ_GCV,44857.856,16356.576,0.0,27433.089,584.003,484.188,44857.856,5092.245,5370.219,5477.096,356.152,60.864,0.0,0.0,0.0,17628.595,9804.494,0.0,584.003,484.188,44857.856,0.0,True,44857.856,0.0,True
LV,2022,TJ_GCV,32188.164,13843.017,0.0,17484.431,415.658,445.058,32188.164,3550.495,4868.28,5200.741,127.877,95.624,0.0,0.0,0.0,9800.321,7684.11,0.0,415.658,445.058,32188.164,0.0,True,32188.164,0.0,True
LV,2023,TJ_GCV,31919.541,12920.454,0.0,17947.195,647.144,404.748,31919.541,3774.459,3959.196,4906.503,151.825,128.471,0.0,0.0,0.0,12114.005,5833.19,0.0,647.144,404.748,31919.541,0.0,True,31919.541,0.0,True
LV,2024,TJ_GCV,33725.454,13432.205,0.0,19569.659,396.212,327.378,33725.454,3997.792,4234.776,4765.142,272.735,161.76,0.0,0.0,0.0,14162.458,5407.201,0.0,396.212,327.378,33725.454,0.0,True,33725.454,0.0,True
MD,2010,TJ_GCV,40283.0,19999.0,11.0,18220.0,0.0,2053.0,40283.0,2693.0,12308.0,4583.0,96.0,319.0,0.0,11.0,21.0,13806.0,4393.0,0.0,0.0,2053.0,40283.0,0.0,True,40283.0,0.0,True
MD,2011,TJ_GCV,38986.0,19767.0,0.0,17310.0,0.0,1909.0,38986.0,2766.0,11663.0,4768.0,86.0,484.0,0.0,0.0,10.0,13070.0,4230.0,0.0,0.0,1909.0,38986.0,0.0,True,38986.0,0.0,True
MD,2012,TJ_GCV,37094.0,18430.0,0.0,16768.0,0.0,1896.0,37094.0,2687.0,10498.0,4672.0,132.0,441.0,0.0,0.0,7.0,12691.0,4070.0,0.0,0.0,1896.0,37094.0,0.0,True,37094.0,0.0,True
MD,2013,TJ_GCV,34991.0,16346.0,0.0,15938.0,0.0,2707.0,34991.0,2445.0,9788.0,3675.0,148.0,290.0,0.0,0.0,30.0,12031.0,3877.0,0.0,0.0,2707.0,34991.0,0.0,True,34991.0,0.0,True
MD,2014,TJ_GCV,35614.0,16171.0,0.0,16577.0,0.0,2866.0,35614.0,2275.0,10012.0,3462.0,70.0,352.0,0.0,0.0,40.0,12891.0,3646.0,0.0,0.0,2866.0,35614.0,0.0,True,35614.0,0.0,True
MD,2015,TJ_GCV,34197.0,16454.0,0.0,15309.0,0.0,2434.0,34197.0,2507.0,9441.0,3544.0,89.0,873.0,0.0,0.0,0.0,11874.0,3435.0,0.0,0.0,2434.0,34197.0,0.0,True,34197.0,0.0,True
MD,2016,TJ_GCV,35105.0,17510.0,0.0,15480.0,0.0,2115.0,35105.0,2510.0,9899.0,3948.0,86.0,1067.0,0.0,0.0,0.0,11660.0,3820.0,0.0,0.0,2115.0,35105.0,0.0,True,35105.0,0.0,True
MD,2017,TJ_GCV,35062.0,17959.0,0.0,15039.0,6.0,2058.0,35062.0,2513.0,10476.0,3830.0,88.0,1052.0,0.0,0.0,0.0,11511.0,3528.0,0.0,6.0,2058.0,35062.0,0.0,True,35062.0,0.0,True
MD,2018,TJ_GCV,38156.7,20363.7,0.0,15930.0,2.0,1861.0,38156.7,3199.0,12003.7,4001.0,122.0,1038.0,0.0,0.0,0.0,12292.0,3638.0,0.0,2.0,1861.0,38156.7,0.0,True,38156.7,0.0,True
MD,2019,TJ_GCV,35256.0,19671.0,0.0,14377.0,2.0,1206.0,35256.0,2712.0,12067.0,3950.0,126.0,816.0,0.0,0.0,0.0,10935.0,3442.0,0.0,2.0,1206.0,35256.0,0.0,True,35256.0,0.0,True
MD,2020,TJ_GCV,35928.0,20452.0,0.0,14488.0,6.0,982.0,35928.0,2911.0,13412.0,3538.0,131.0,460.0,0.0,0.0,0.0,11112.0,3376.0,0.0,6.0,982.0,35928.0,0.0,True,35928.0,0.0,True
MD,2021,TJ_GCV,41076.8,24791.0,0.0,15322.0,15.8,948.0,41076.8,3159.0,16002.0,4148.0,223.0,1259.0,0.0,0.0,0.0,11733.0,3589.0,0.0,15.8,948.0,41076.8,0.0,True,41076.8,0.0,True
MD,2022,TJ_GCV,29266.2,18471.5,0.0,9977.9,4.9,811.9,29266.2,2683.4,11480.8,3477.7,231.0,598.6,0.0,0.0,2.0,7126.1,2849.8,0.0,4.9,811.9,29266.2,0.0,True,29266.2,0.0,True
MD,2023,TJ_GCV,23850.2,14989.9,0.0,8231.2,12.8,616.3,23850.2,2698.2,9555.2,2423.0,101.2,212.3,0.0,0.0,0.0,5696.4,2534.8,0.0,12.8,616.3,23850.2,0.0,True,23850.2,0.0,True
MD,2024,TJ_GCV,30250.1,16680.7,0.0,12998.4,14.7,556.3,30250.1,2512.5,10560.8,3117.9,129.7,359.8,0.0,0.0,0.0,10323.6,2674.8,0.0,14.7,556.3,30250.1,0.0,True,30250.1,0.0,True
ME,2005,TJ_GCV,0.0,0.0,0.0,0.0,0.0,0.0,0.0,0.0,0.0,0.0,0.0,0.0,0.0,0.0,0.0,0.0,0.0,0.0,0.0,0.0,0.0,0.0,True,0.0,0.0,True
ME,2006,TJ_GCV,0.0,0.0,0.0,0.0,0.0,0.0,0.0,0.0,0.0,0.0,0.0,0.0,0.0,0.0,0.0,0.0,0.0,0.0,0.0,0.0,0.0,0.0,True,0.0,0.0,True
ME,2007,TJ_GCV,0.0,0.0,0.0,0.0,0.0,0.0,0.0,0.0,0.0,0.0,0.0,0.0,0.0,0.0,0.0,0.0,0.0,0.0,0.0,0.0,0.0,0.0,True,0.0,0.0,True
ME,2008,TJ_GCV,0.0,0.0,0.0,0.0,0.0,0.0,0.0,0.0,0.0,0.0,0.0,0.0,0.0,0.0,0.0,0.0,0.0,0.0,0.0,0.0,0.0,0.0,True,0.0,0.0,True
ME,2009,TJ_GCV,0.0,0.0,0.0,0.0,0.0,0.0,0.0,0.0,0.0,0.0,0.0,0.0,0.0,0.0,0.0,0.0,0.0,0.0,0.0,0.0,0.0,0.0,True,0.0,0.0,True
ME,2010,TJ_GCV,0.0,0.0,0.0,0.0,0.0,0.0,0.0,0.0,0.0,0.0,0.0,0.0,0.0,0.0,0.0,0.0,0.0,0.0,0.0,0.0,0.0,0.0,True,0.0,0.0,True
ME,2011,TJ_GCV,0.0,0.0,0.0,0.0,0.0,0.0,0.0,0.0,0.0,0.0,0.0,0.0,0.0,0.0,0.0,0.0,0.0,0.0,0.0,0.0,0.0,0.0,True,0.0,0.0,True
ME,2012,TJ_GCV,0.0,0.0,0.0,0.0,0.0,0.0,0.0,0.0,0.0,0.0,0.0,0.0,0.0,0.0,0.0,0.0,0.0,0.0,0.0,0.0,0.0,0.0,True,0.0,0.0,True
ME,2013,TJ_GCV,0.0,0.0,0.0,0.0,0.0,0.0,0.0,0.0,0.0,0.0,0.0,0.0,0.0,0.0,0.0,0.0,0.0,0.0,0.0,0.0,0.0,0.0,True,0.0,0.0,True
ME,2014,TJ_GCV,0.0,0.0,0.0,0.0,0.0,0.0,0.0,0.0,0.0,0.0,0.0,0.0,0.0,0.0,0.0,0.0,0.0,0.0,0.0,0.0,0.0,0.0,True,0.0,0.0,True
ME,2015,TJ_GCV,0.0,0.0,0.0,0.0,0.0,0.0,0.0,0.0,0.0,0.0,0.0,0.0,0.0,0.0,0.0,0.0,0.0,0.0,0.0,0.0,0.0,0.0,True,0.0,0.0,True
ME,2016,TJ_GCV,0.0,0.0,0.0,0.0,0.0,0.0,0.0,0.0,0.0,0.0,0.0,0.0,0.0,0.0,0.0,0.0,0.0,0.0,0.0,0.0,0.0,0.0,True,0.0,0.0,True
ME,2017,TJ_GCV,0.0,0.0,0.0,0.0,0.0,0.0,0.0,0.0,0.0,0.0,0.0,0.0,0.0,0.0,0.0,0.0,0.0,0.0,0.0,0.0,0.0,0.0,True,0.0,0.0,True
ME,2018,TJ_GCV,0.0,0.0,0.0,0.0,0.0,0.0,0.0,0.0,0.0,0.0,0.0,0.0,0.0,0.0,0.0,0.0,0.0,0.0,0.0,0.0,0.0,0.0,True,0.0,0.0,True
ME,2019,TJ_GCV,0.0,0.0,0.0,0.0,0.0,0.0,0.0,0.0,0.0,0.0,0.0,0.0,0.0,0.0,0.0,0.0,0.0,0.0,0.0,0.0,0.0,0.0,True,0.0,0.0,True
ME,2020,TJ_GCV,0.0,0.0,0.0,0.0,0.0,0.0,0.0,0.0,0.0,0.0,0.0,0.0,0.0,0.0,0.0,0.0,0.0,0.0,0.0,0.0,0.0,0.0,True,0.0,0.0,True
ME,2021,TJ_GCV,0.0,0.0,0.0,0.0,0.0,0.0,0.0,0.0,0.0,0.0,0.0,0.0,0.0,0.0,0.0,0.0,0.0,0.0,0.0,0.0,0.0,0.0,True,0.0,0.0,True
ME,2022,TJ_GCV,0.0,0.0,0.0,0.0,0.0,0.0,0.0,0.0,0.0,0.0,0.0,0.0,0.0,0.0,0.0,0.0,0.0,0.0,0.0,0.0,0.0,0.0,True,0.0,0.0,True
ME,2023,TJ_GCV,0.0,0.0,0.0,0.0,0.0,0.0,0.0,0.0,0.0,0.0,0.0,0.0,0.0,0.0,0.0,0.0,0.0,0.0,0.0,0.0,0.0,0.0,True,0.0,0.0,True
ME,2024,TJ_GCV,0.0,0.0,0.0,0.0,0.0,0.0,0.0,0.0,0.0,0.0,0.0,0.0,0.0,0.0,0.0,0.0,0.0,0.0,0.0,0.0,0.0,0.0,True,0.0,0.0,True
MK,1990,TJ_GCV,0.0,0.0,0.0,0.0,0.0,0.0,0.0,0.0,0.0,0.0,0.0,0.0,0.0,0.0,0.0,0.0,0.0,0.0,0.0,0.0,0.0,0.0,True,0.0,0.0,True
MK,1991,TJ_GCV,0.0,0.0,0.0,0.0,0.0,0.0,0.0,0.0,0.0,0.0,0.0,0.0,0.0,0.0,0.0,0.0,0.0,0.0,0.0,0.0,0.0,0.0,True,0.0,0.0,True
MK,1992,TJ_GCV,0.0,0.0,0.0,0.0,0.0,0.0,0.0,0.0,0.0,0.0,0.0,0.0,0.0,0.0,0.0,0.0,0.0,0.0,0.0,0.0,0.0,0.0,True,0.0,0.0,True
MK,1993,TJ_GCV,0.0,0.0,0.0,0.0,0.0,0.0,0.0,0.0,0.0,0.0,0.0,0.0,0.0,0.0,0.0,0.0,0.0,0.0,0.0,0.0,0.0,0.0,True,0.0,0.0,True
MK,1994,TJ_GCV,0.0,0.0,0.0,0.0,0.0,0.0,0.0,0.0,0.0,0.0,0.0,0.0,0.0,0.0,0.0,0.0,0.0,0.0,0.0,0.0,0.0,0.0,True,0.0,0.0,True
MK,1995,TJ_GCV,0.0,0.0,0.0,0.0,0.0,0.0,0.0,0.0,0.0,0.0,0.0,0.0,0.0,0.0,0.0,0.0,0.0,0.0,0.0,0.0,0.0,0.0,True,0.0,0.0,True
MK,1996,TJ_GCV,0.0,0.0,0.0,0.0,0.0,0.0,0.0,0.0,0.0,0.0,0.0,0.0,0.0,0.0,0.0,0.0,0.0,0.0,0.0,0.0,0.0,0.0,True,0.0,0.0,True
MK,1997,TJ_GCV,0.0,0.0,0.0,0.0,0.0,0.0,0.0,0.0,0.0,0.0,0.0,0.0,0.0,0.0,0.0,0.0,0.0,0.0,0.0,0.0,0.0,0.0,True,0.0,0.0,True
MK,1998,TJ_GCV,808.0,0.0,0.0,808.0,0.0,0.0,808.0,0.0,0.0,0.0,0.0,0.0,0.0,0.0,0.0,136.0,672.0,0.0,0.0,0.0,808.0,0.0,True,808.0,0.0,True
MK,1999,TJ_GCV,1541.0,171.0,0.0,1370.0,0.0,0.0,1541.0,171.0,0.0,0.0,0.0,0.0,0.0,0.0,0.0,342.0,1028.0,0.0,0.0,0.0,1541.0,0.0,True,1541.0,0.0,True
MK,2000,TJ_GCV,2517.0,325.0,0.0,2192.0,0.0,0.0,2517.0,325.0,0.0,0.0,0.0,0.0,0.0,0.0,0.0,368.0,1824.0,0.0,0.0,0.0,2517.0,0.0,True,2517.0,0.0,True
MK,2001,TJ_GCV,3351.0,1221.0,0.0,2130.0,0.0,0.0,3351.0,1221.0,0.0,0.0,0.0,0.0,0.0,0.0,0.0,196.0,1934.0,0.0,0.0,0.0,3351.0,0.0,True,3351.0,0.0,True
MK,2002,TJ_GCV,3464.0,1483.0,0.0,1981.0,0.0,0.0,3464.0,1483.0,0.0,0.0,0.0,0.0,0.0,0.0,0.0,185.0,1796.0,0.0,0.0,0.0,3464.0,0.0,True,3464.0,0.0,True
MK,2003,TJ_GCV,3091.0,1412.0,0.0,1679.0,0.0,0.0,3091.0,1412.0,0.0,0.0,0.0,0.0,0.0,0.0,0.0,126.0,1553.0,0.0,0.0,0.0,3091.0,0.0,True,3091.0,0.0,True
MK,2004,TJ_GCV,2720.0,1483.0,0.0,1237.0,0.0,0.0,2720.0,1483.0,0.0,0.0,0.0,0.0,0.0,0.0,0.0,115.0,1122.0,0.0,0.0,0.0,2720.0,0.0,True,2720.0,0.0,True
MK,2005,TJ_GCV,2916.0,2308.0,0.0,608.0,0.0,0.0,2916.0,2173.0,0.0,135.0,0.0,0.0,0.0,0.0,0.0,0.0,608.0,0.0,0.0,0.0,2916.0,0.0,True,2916.0,0.0,True
MK,2006,TJ_GCV,3122.0,2307.0,0.0,804.0,0.0,11.0,3122.0,2175.0,0.0,125.0,0.0,7.0,0.0,0.0,0.0,0.0,804.0,0.0,0.0,11.0,3122.0,0.0,True,3122.0,0.0,True
MK,2007,TJ_GCV,3984.0,2285.0,0.0,1676.0,0.0,23.0,3984.0,2163.0,0.0,115.0,0.0,7.0,0.0,0.0,0.0,0.0,1676.0,0.0,0.0,23.0,3984.0,0.0,True,3984.0,0.0,True
MK,2008,TJ_GCV,4530.0,2093.0,0.0,2402.0,0.0,35.0,4530.0,1976.0,0.0,106.0,0.0,11.0,0.0,0.0,0.0,0.0,2402.0,0.0,0.0,35.0,4530.0,0.0,True,4530.0,0.0,True
MK,2009,TJ_GCV,3001.0,1791.0,0.0,1181.0,0.0,29.0,3001.0,1694.0,0.0,86.0,0.0,11.0,0.0,0.0,0.0,307.0,874.0,0.0,0.0,29.0,3001.0,0.0,True,3001.0,0.0,True
MK,2010,TJ_GCV,4445.0,1931.0,0.0,2480.0,0.0,34.0,4445.0,1833.0,0.0,89.0,0.0,9.0,0.0,0.0,0.0,733.0,1747.0,0.0,0.0,34.0,4445.0,0.0,True,4445.0,0.0,True
MK,2011,TJ_GCV,5131.0,2031.0,0.0,3069.0,0.0,31.0,5131.0,1927.0,0.0,93.0,0.0,11.0,0.0,0.0,0.0,1216.0,1853.0,0.0,0.0,31.0,5131.0,0.0,True,5131.0,0.0,True
MK,2012,TJ_GCV,5325.0,1051.0,0.0,4256.0,0.0,18.0,5325.0,945.0,0.0,101.0,0.0,5.0,0.0,0.0,0.0,3092.0,1164.0,0.0,0.0,18.0,5325.0,0.0,True,5325.0,0.0,True
MK,2013,TJ_GCV,6027.0,1255.0,0.0,4744.0,0.0,28.0,6027.0,1126.0,0.0,123.0,0.0,6.0,0.0,0.0,0.0,3443.0,1301.0,0.0,0.0,28.0,6027.0,0.0,True,6027.0,0.0,True
MK,2014,TJ_GCV,5171.0,1565.0,0.0,3588.0,0.0,18.0,5171.0,1332.0,2.0,224.0,0.0,7.0,0.0,0.0,0.0,1713.0,1875.0,0.0,0.0,18.0,5171.0,0.0,True,5171.0,0.0,True
MK,2015,TJ_GCV,5209.0,1465.0,0.0,3720.0,0.0,24.0,5209.0,1204.0,3.0,251.0,0.0,7.0,0.0,0.0,0.0,1646.0,2074.0,0.0,0.0,24.0,5209.0,0.0,True,5209.0,0.0,True
MK,2016,TJ_GCV,8190.0,1770.0,0.0,6400.0,0.0,20.0,8190.0,1496.0,4.0,263.0,0.0,7.0,0.0,0.0,0.0,5114.0,1286.0,0.0,0.0,20.0,8190.0,0.0,True,8190.0,0.0,True
MK,2017,TJ_GCV,10533.0,2051.0,0.0,8466.0,0.0,16.0,10533.0,1738.0,7.0,297.0,0.0,9.0,0.0,0.0,0.0,7225.0,1241.0,0.0,0.0,16.0,10533.0,0.0,True,10533.0,0.0,True
MK,2018,TJ_GCV,9715.0,2016.0,0.0,7672.0,0.0,27.0,9715.0,1698.0,9.0,276.0,0.0,33.0,0.0,0.0,0.0,6558.0,1114.0,0.0,0.0,27.0,9715.0,0.0,True,9715.0,0.0,True
MK,2019,TJ_GCV,11357.0,2008.0,0.0,9292.0,0.0,57.0,11357.0,1648.0,9.0,269.0,0.0,82.0,0.0,0.0,0.0,8034.0,1258.0,0.0,0.0,57.0,11357.0,0.0,True,11357.0,0.0,True
MK,2020,TJ_GCV,13000.701,2044.701,0.0,10912.0,0.0,44.0,13000.701,1670.172,11.529,272.0,0.0,91.0,0.0,0.0,0.0,9668.0,1244.0,0.0,0.0,44.0,13000.701,0.0,True,13000.701,0.0,True
MK,2021,TJ_GCV,16505.487,2440.487,0.0,14019.0,0.0,46.0,16505.487,1912.2,13.387,318.7,0.0,196.2,0.0,0.0,0.0,12928.0,1091.0,0.0,0.0,46.0,16505.487,0.0,True,16505.487,0.0,True
MK,2022,TJ_GCV,11119.768,1982.768,0.0,9087.0,0.0,50.0,11119.768,1674.074,6.6,215.347,0.0,86.747,0.0,0.0,0.0,8342.0,745.0,0.0,0.0,50.0,11119.768,0.0,True,11119.768,0.0,True
MK,2023,TJ_GCV,14067.644,2176.714,0.0,11786.908,0.0,104.022,14067.644,1829.363,5.415,210.77,0.0,131.166,0.0,0.0,0.0,10764.443,1022.465,0.0,0.0,104.022,14067.644,0.0,True,14067.644,0.0,True
MK,2024,TJ_GCV,13741.831,2452.601,0.0,11156.422,0.0,132.808,13741.831,2038.484,9.169,257.804,0.0,147.144,0.0,0.0,0.0,10080.743,1075.679,0.0,0.0,132.808,13741.831,0.0,True,13741.831,0.0,True
MT,1990,TJ_GCV,0.0,0.0,0.0,0.0,0.0,0.0,0.0,0.0,0.0,0.0,0.0,0.0,0.0,0.0,0.0,0.0,0.0,0.0,0.0,0.0,0.0,0.0,True,0.0,0.0,True
MT,1991,TJ_GCV,0.0,0.0,0.0,0.0,0.0,0.0,0.0,0.0,0.0,0.0,0.0,0.0,0.0,0.0,0.0,0.0,0.0,0.0,0.0,0.0,0.0,0.0,True,0.0,0.0,True
MT,1992,TJ_GCV,0.0,0.0,0.0,0.0,0.0,0.0,0.0,0.0,0.0,0.0,0.0,0.0,0.0,0.0,0.0,0.0,0.0,0.0,0.0,0.0,0.0,0.0,True,0.0,0.0,True
MT,1993,TJ_GCV,0.0,0.0,0.0,0.0,0.0,0.0,0.0,0.0,0.0,0.0,0.0,0.0,0.0,0.0,0.0,0.0,0.0,0.0,0.0,0.0,0.0,0.0,True,0.0,0.0,True
MT,1994,TJ_GCV,0.0,0.0,0.0,0.0,0.0,0.0,0.0,0.0,0.0,0.0,0.0,0.0,0.0,0.0,0.0,0.0,0.0,0.0,0.0,0.0,0.0,0.0,True,0.0,0.0,True
MT,1995,TJ_GCV,0.0,0.0,0.0,0.0,0.0,0.0,0.0,0.0,0.0,0.0,0.0,0.0,0.0,0.0,0.0,0.0,0.0,0.0,0.0,0.0,0.0,0.0,True,0.0,0.0,True
MT,1996,TJ_GCV,0.0,0.0,0.0,0.0,0.0,0.0,0.0,0.0,0.0,0.0,0.0,0.0,0.0,0.0,0.0,0.0,0.0,0.0,0.0,0.0,0.0,0.0,True,0.0,0.0,True
MT,1997,TJ_GCV,0.0,0.0,0.0,0.0,0.0,0.0,0.0,0.0,0.0,0.0,0.0,0.0,0.0,0.0,0.0,0.0,0.0,0.0,0.0,0.0,0.0,0.0,True,0.0,0.0,True
MT,1998,TJ_GCV,0.0,0.0,0.0,0.0,0.0,0.0,0.0,0.0,0.0,0.0,0.0,0.0,0.0,0.0,0.0,0.0,0.0,0.0,0.0,0.0,0.0,0.0,True,0.0,0.0,True
MT,1999,TJ_GCV,0.0,0.0,0.0,0.0,0.0,0.0,0.0,0.0,0.0,0.0,0.0,0.0,0.0,0.0,0.0,0.0,0.0,0.0,0.0,0.0,0.0,0.0,True,0.0,0.0,True
MT,2000,TJ_GCV,0.0,0.0,0.0,0.0,0.0,0.0,0.0,0.0,0.0,0.0,0.0,0.0,0.0,0.0,0.0,0.0,0.0,0.0,0.0,0.0,0.0,0.0,True,0.0,0.0,True
MT,2001,TJ_GCV,0.0,0.0,0.0,0.0,0.0,0.0,0.0,0.0,0.0,0.0,0.0,0.0,0.0,0.0,0.0,0.0,0.0,0.0,0.0,0.0,0.0,0.0,True,0.0,0.0,True
MT,2002,TJ_GCV,0.0,0.0,0.0,0.0,0.0,0.0,0.0,0.0,0.0,0.0,0.0,0.0,0.0,0.0,0.0,0.0,0.0,0.0,0.0,0.0,0.0,0.0,True,0.0,0.0,True
MT,2003,TJ_GCV,0.0,0.0,0.0,0.0,0.0,0.0,0.0,0.0,0.0,0.0,0.0,0.0,0.0,0.0,0.0,0.0,0.0,0.0,0.0,0.0,0.0,0.0,True,0.0,0.0,True
MT,2004,TJ_GCV,0.0,0.0,0.0,0.0,0.0,0.0,0.0,0.0,0.0,0.0,0.0,0.0,0.0,0.0,0.0,0.0,0.0,0.0,0.0,0.0,0.0,0.0,True,0.0,0.0,True
MT,2005,TJ_GCV,0.0,0.0,0.0,0.0,0.0,0.0,0.0,0.0,0.0,0.0,0.0,0.0,0.0,0.0,0.0,0.0,0.0,0.0,0.0,0.0,0.0,0.0,True,0.0,0.0,True
MT,2006,TJ_GCV,0.0,0.0,0.0,0.0,0.0,0.0,0.0,0.0,0.0,0.0,0.0,0.0,0.0,0.0,0.0,0.0,0.0,0.0,0.0,0.0,0.0,0.0,True,0.0,0.0,True
MT,2007,TJ_GCV,0.0,0.0,0.0,0.0,0.0,0.0,0.0,0.0,0.0,0.0,0.0,0.0,0.0,0.0,0.0,0.0,0.0,0.0,0.0,0.0,0.0,0.0,True,0.0,0.0,True
MT,2008,TJ_GCV,0.0,0.0,0.0,0.0,0.0,0.0,0.0,0.0,0.0,0.0,0.0,0.0,0.0,0.0,0.0,0.0,0.0,0.0,0.0,0.0,0.0,0.0,True,0.0,0.0,True
MT,2009,TJ_GCV,0.0,0.0,0.0,0.0,0.0,0.0,0.0,0.0,0.0,0.0,0.0,0.0,0.0,0.0,0.0,0.0,0.0,0.0,0.0,0.0,0.0,0.0,True,0.0,0.0,True
MT,2010,TJ_GCV,0.0,0.0,0.0,0.0,0.0,0.0,0.0,0.0,0.0,0.0,0.0,0.0,0.0,0.0,0.0,0.0,0.0,0.0,0.0,0.0,0.0,0.0,True,0.0,0.0,True
MT,2011,TJ_GCV,0.0,0.0,0.0,0.0,0.0,0.0,0.0,0.0,0.0,0.0,0.0,0.0,0.0,0.0,0.0,0.0,0.0,0.0,0.0,0.0,0.0,0.0,True,0.0,0.0,True
MT,2012,TJ_GCV,0.0,0.0,0.0,0.0,0.0,0.0,0.0,0.0,0.0,0.0,0.0,0.0,0.0,0.0,0.0,0.0,0.0,0.0,0.0,0.0,0.0,0.0,True,0.0,0.0,True
MT,2013,TJ_GCV,0.0,0.0,0.0,0.0,0.0,0.0,0.0,0.0,0.0,0.0,0.0,0.0,0.0,0.0,0.0,0.0,0.0,0.0,0.0,0.0,0.0,0.0,True,0.0,0.0,True
MT,2014,TJ_GCV,0.0,0.0,0.0,0.0,0.0,0.0,0.0,0.0,0.0,0.0,0.0,0.0,0.0,0.0,0.0,0.0,0.0,0.0,0.0,0.0,0.0,0.0,True,0.0,0.0,True
MT,2015,TJ_GCV,0.0,0.0,0.0,0.0,0.0,0.0,0.0,0.0,0.0,0.0,0.0,0.0,0.0,0.0,0.0,0.0,0.0,0.0,0.0,0.0,0.0,0.0,True,0.0,0.0,True
MT,2016,TJ_GCV,0.0,0.0,0.0,0.0,0.0,0.0,0.0,0.0,0.0,0.0,0.0,0.0,0.0,0.0,0.0,0.0,0.0,0.0,0.0,0.0,0.0,0.0,True,0.0,0.0,True
MT,2017,TJ_GCV,11244.845,0.0,0.0,10775.677,0.0,469.168,11244.845,0.0,0.0,0.0,0.0,0.0,0.0,0.0,10775.677,0.0,0.0,0.0,0.0,469.168,11244.845,0.0,True,11244.845,0.0,True
MT,2018,TJ_GCV,13614.106,0.0,0.0,13601.532,0.0,12.574,13614.106,0.0,0.0,0.0,0.0,0.0,0.0,0.0,13601.532,0.0,0.0,0.0,0.0,12.574,13614.106,0.0,True,13614.106,0.0,True
MT,2019,TJ_GCV,14230.547,0.0,0.0,14216.46,0.0,14.087,14230.547,0.0,0.0,0.0,0.0,0.0,0.0,0.0,14216.46,0.0,0.0,0.0,0.0,14.087,14230.547,0.0,True,14230.547,0.0,True
MT,2020,TJ_GCV,14801.865,0.0,0.0,14799.079,0.0,2.786,14801.865,0.0,0.0,0.0,0.0,0.0,0.0,0.0,14799.079,0.0,0.0,0.0,0.0,2.786,14801.865,0.0,True,14801.865,0.0,True
MT,2021,TJ_GCV,14811.024,0.0,0.0,14776.722,0.0,34.302,14811.024,0.0,0.0,0.0,0.0,0.0,0.0,0.0,14776.722,0.0,0.0,0.0,0.0,34.302,14811.024,0.0,True,14811.024,0.0,True
MT,2022,TJ_GCV,15013.668,0.0,0.0,15011.046,0.0,2.622,15013.668,0.0,0.0,0.0,0.0,0.0,0.0,0.0,15011.046,0.0,0.0,0.0,0.0,2.622,15013.668,0.0,True,15013.668,0.0,True
MT,2023,TJ_GCV,15682.303,0.0,0.0,15679.773,0.0,2.53,15682.303,0.0,0.0,0.0,0.0,0.0,0.0,0.0,15679.773,0.0,0.0,0.0,0.0,2.53,15682.303,0.0,True,15682.303,0.0,True
MT,2024,TJ_GCV,14571.13,0.0,0.0,14567.082,0.0,4.048,14571.13,0.0,0.0,0.0,0.0,0.0,0.0,0.0,14567.082,0.0,0.0,0.0,0.0,4.048,14571.13,0.0,True,14571.13,0.0,True
NL,1990,TJ_GCV,1472424.0,996674.151,105830.0,328989.0,40930.849,0.0,1472424.0,314543.151,389232.0,150743.0,142156.0,0.0,105830.0,0.0,0.0,316257.0,12732.0,0.0,40930.849,0.0,1472424.0,0.0,True,1472424.0,0.0,True
NL,1991,TJ_GCV,1644236.0,1110826.659,113423.0,375450.0,44536.341,0.0,1644236.0,324130.659,450226.0,175479.0,160991.0,0.0,113423.0,0.0,0.0,362824.0,12626.0,0.0,44536.341,0.0,1644236.0,0.0,True,1644236.0,0.0,True
NL,1992,TJ_GCV,1601395.0,1054944.435,112474.0,387804.0,46172.565,0.0,1601395.0,324485.435,413742.0,160388.0,156329.0,0.0,112474.0,0.0,0.0,378097.0,9707.0,0.0,46172.565,0.0,1601395.0,0.0,True,1601395.0,0.0,True
NL,1993,TJ_GCV,1645857.0,1082222.413,107296.0,409169.0,47169.587,0.0,1645857.0,312342.413,434906.0,171683.0,163291.0,0.0,107296.0,0.0,0.0,399710.0,9459.0,0.0,47169.587,0.0,1645857.0,0.0,True,1645857.0,0.0,True
NL,1994,TJ_GCV,1590510.0,1022695.662,114056.0,408335.0,45423.338,0.0,1590510.0,303748.662,407543.0,160080.0,151324.0,0.0,114056.0,0.0,0.0,398101.0,10234.0,0.0,45423.338,0.0,1590510.0,0.0,True,1590510.0,0.0,True
NL,1995,TJ_GCV,1632684.0,1058607.19,111802.0,418992.0,43282.81,0.0,1632684.0,295864.19,447138.0,164598.0,151007.0,0.0,111802.0,0.0,0.0,403009.0,15983.0,0.0,43282.81,0.0,1632684.0,0.0,True,1632684.0,0.0,True
NL,1996,TJ_GCV,1809393.0,1192371.357,106882.0,457147.0,52992.643,0.0,1809393.0,308883.357,523625.0,191905.0,167958.0,0.0,106882.0,0.0,0.0,442795.0,14352.0,0.0,52992.643,0.0,1809393.0,0.0,True,1809393.0,0.0,True
NL,1997,TJ_GCV,1695331.0,1031024.476,115041.0,488355.0,60910.524,0.0,1695331.0,283261.476,439293.0,166599.0,141871.0,0.0,115041.0,0.0,0.0,472877.0,15478.0,0.0,60910.524,0.0,1695331.0,0.0,True,1695331.0,0.0,True
NL,1998,TJ_GCV,1674165.0,994412.326,110647.0,503430.0,65675.674,0.0,1674165.0,276423.326,417718.0,160726.0,139543.0,2.0,110647.0,0.0,157231.0,329995.0,16204.0,0.0,65675.674,0.0,1674165.0,0.0,True,1674165.0,0.0,True
NL,1999,TJ_GCV,1635803.0,962918.963,109361.0,499307.0,64216.037,0.0,1635803.0,281909.963,396221.0,149766.0,135018.0,4.0,109361.0,0.0,151846.0,328416.0,19045.0,0.0,64216.037,0.0,1635803.0,0.0,True,1635803.0,0.0,True
NL,2000,TJ_GCV,1640410.0,960230.776,113361.0,503819.0,62999.224,0.0,1640410.0,276737.776,395821.0,150136.0,137529.0,7.0,113361.0,0.0,141784.0,340767.0,21268.0,0.0,62999.224,0.0,1640410.0,0.0,True,1640410.0,0.0,True
NL,2001,TJ_GCV,1673511.0,978459.904,101081.0,532463.0,61507.096,0.0,1673511.0,262433.904,420693.0,161660.0,133662.0,11.0,101081.0,0.0,155738.0,358308.0,18417.0,0.0,61507.096,0.0,1673511.0,0.0,True,1673511.0,0.0,True
NL,2002,TJ_GCV,1656531.0,941624.172,97977.0,547922.0,69007.828,0.0,1656531.0,259216.172,405957.0,152076.0,124357.0,18.0,97977.0,0.0,173237.0,356307.0,18378.0,0.0,69007.828,0.0,1656531.0,0.0,True,1656531.0,0.0,True
NL,2003,TJ_GCV,1667829.0,957549.999,97510.0,545505.0,67264.001,0.0,1667829.0,253856.999,415759.0,163186.0,124723.0,25.0,97510.0,0.0,178215.0,348713.0,18577.0,0.0,67264.001,0.0,1667829.0,0.0,True,1667829.0,0.0,True
NL,2004,TJ_GCV,1707768.0,959280.256,100295.0,579580.0,68612.744,0.0,1707768.0,254984.256,397427.0,179794.0,127044.0,31.0,100295.0,0.0,175953.0,386189.0,17438.0,0.0,68612.744,0.0,1707768.0,0.0,True,1707768.0,0.0,True
NL,2005,TJ_GCV,1658904.0,930184.596,104834.0,550764.0,73121.404,0.0,1658904.0,255418.596,382146.0,163896.0,128690.0,34.0,104834.0,0.0,149737.0,383910.0,17117.0,0.0,73121.404,0.0,1658904.0,0.0,True,1658904.0,0.0,True
NL,2006,TJ_GCV,1593473.0,902484.135,95478.0,527083.0,68427.865,0.0,1593473.0,244806.135,385186.0,164009.0,108421.0,62.0,95478.0,0.0,139909.0,375028.0,12146.0,0.0,68427.865,0.0,1593473.0,0.0,True,1593473.0,0.0,True
NL,2007,TJ_GCV,1553800.0,836700.51,104098.0,548533.0,64468.49,0.0,1553800.0,237775.51,343965.0,146566.0,108296.0,98.0,99876.0,4222.0,144666.0,392210.0,11657.0,0.0,64468.49,0.0,1553800.0,0.0,True,1553800.0,0.0,True
NL,2008,TJ_GCV,1617442.0,891633.625,92498.0,564431.0,68879.375,0.0,1617442.0,231661.625,389712.0,159845.0,110270.0,145.0,91276.0,1222.0,146088.0,406918.0,11425.0,0.0,68879.375,0.0,1617442.0,0.0,True,1617442.0,0.0,True
NL,2009,TJ_GCV,1656182.0,871463.234,114262.0,601160.0,69296.766,0.0,1656182.0,209606.234,388084.0,164464.0,109017.0,292.0,89818.0,24444.0,180395.0,408882.0,11883.0,0.0,69296.766,0.0,1656182.0,0.0,True,1656182.0,0.0,True
NL,2010,TJ_GCV,1872030.0,1002177.697,145347.0,641596.0,82909.303,0.0,1872030.0,230714.697,451936.0,187712.0,131384.0,431.0,104014.0,41333.0,203879.0,427250.0,10467.0,0.0,82909.303,0.0,1872030.0,0.0,True,1872030.0,0.0,True
NL,2011,TJ_GCV,1639379.0,840170.582,140007.0,568985.0,90216.418,0.0,1639379.0,226086.582,351089.0,149872.0,112319.0,804.0,99451.0,40556.0,192997.0,366528.0,9460.0,0.0,90216.418,0.0,1639379.0,0.0,True,1639379.0,0.0,True
NL,2012,TJ_GCV,1574078.333,881984.148,142623.0,471104.0,78367.185,0.0,1574078.333,221788.148,375453.0,169025.0,114615.0,1103.0,106734.0,35889.0,115769.0,345239.0,10096.0,0.0,78367.185,0.0,1574078.333,0.0,True,1574078.333,0.0,True
NL,2013,TJ_GCV,1567942.666,906306.979,119699.444,461049.0,80887.243,0.0,1567942.666,224858.979,398852.0,169631.0,111747.0,1218.0,107477.444,12222.0,145809.0,304466.0,10774.0,0.0,80887.243,0.0,1567942.666,0.0,True,1567942.666,0.0,True
NL,2014,TJ_GCV,1381932.889,743757.535,128117.333,433700.0,76358.021,0.0,1381932.889,214011.535,297449.0,134327.0,96553.0,1417.0,111228.333,16889.0,149470.0,274026.0,10204.0,0.0,76358.021,0.0,1381932.889,0.0,True,1381932.889,0.0,True
NL,2015,TJ_GCV,1355829.921,788752.819,110543.284,381082.675,75384.483,66.66,1355829.921,225177.988,316985.803,144791.615,100094.591,1702.822,110543.284,0.0,122358.225,248957.179,9767.271,0.0,75384.483,66.66,1355829.921,0.0,True,1355829.921,0.0,True
NL,2016,TJ_GCV,1411176.271,814453.97,106169.121,424378.111,66122.506,52.563,1411176.271,234211.002,330282.755,145453.945,102374.704,2131.564,106169.121,0.0,170747.325,244280.855,9349.931,0.0,66122.506,52.563,1411176.271,0.0,True,1411176.271,0.0,True
NL,2017,TJ_GCV,1457322.953,808107.954,125139.248,456559.645,67416.816,99.29,1457322.953,240783.123,320327.375,144325.547,100012.506,2659.403,119106.054,6033.194,193050.796,254064.473,9444.376,0.0,67416.816,99.29,1457322.953,0.0,True,1457322.953,0.0,True
NL,2018,TJ_GCV,1429061.753,801304.922,111174.762,442214.933,74296.069,71.067,1429061.753,236303.078,318205.851,139791.462,104133.452,2871.079,111174.762,0.0,189082.402,246429.013,6703.518,0.0,74296.069,71.067,1429061.753,0.0,True,1429061.753,0.0,True
NL,2019,TJ_GCV,1494007.95,774752.643,122938.529,524672.695,71601.254,42.829,1494007.95,235667.87,307271.638,129111.481,99718.023,2983.631,122938.529,0.0,255689.928,257135.965,11846.802,0.0,71601.254,42.829,1494007.95,0.0,True,1494007.95,0.0,True
NL,2020,TJ_GCV,1454062.815,740881.394,115501.48,527442.459,70201.516,35.966,1454062.815,232599.24,294148.937,116058.411,95264.814,2809.992,115501.48,0.0,277402.857,237416.507,12623.095,0.0,70201.516,35.966,1454062.815,0.0,True,1454062.815,0.0,True
NL,2021,TJ_GCV,1403869.154,797595.756,123567.744,419067.805,63594.577,43.272,1403869.154,238259.786,333819.502,126622.638,96005.499,2888.331,108169.74,15398.004,193221.88,210849.922,14996.003,0.0,63594.577,43.272,1403869.154,0.0,True,1403869.154,0.0,True
NL,2022,TJ_GCV,1099528.835,629857.079,75736.335,357165.382,36676.922,93.117,1099528.835,205672.721,248788.478,105935.846,66491.133,2968.901,75736.335,0.0,168327.786,177655.361,11182.235,0.0,36676.922,93.117,1099528.835,0.0,True,1099528.835,0.0,True
NL,2023,TJ_GCV,1046953.344,588942.933,74463.053,346441.623,37053.021,52.714,1046953.344,195838.119,222994.102,97490.699,69816.731,2803.282,74420.881,42.172,155864.353,176189.215,14388.055,0.0,37053.021,52.714,1046953.344,0.0,True,1046953.344,0.0,True
NL,2024,TJ_GCV,1051750.326,576086.566,76406.227,357562.285,41668.574,26.674,1051750.326,191470.93,218056.855,89609.407,73721.078,3228.296,76406.227,0.0,150825.01,157915.802,19500.937,29320.536,41668.574,26.674,1051750.326,0.0,True,1051750.326,0.0,True
NO,1990,TJ_GCV,91926.0,0.0,0.0,0.0,91926.0,0.0,91926.0,0.0,0.0,0.0,0.0,0.0,0.0,0.0,0.0,0.0,0.0,0.0,91926.0,0.0,91926.0,0.0,True,91926.0,0.0,True
NO,1991,TJ_GCV,89869.0,0.0,0.0,0.0,89869.0,0.0,89869.0,0.0,0.0,0.0,0.0,0.0,0.0,0.0,0.0,0.0,0.0,0.0,89869.0,0.0,89869.0,0.0,True,89869.0,0.0,True
NO,1992,TJ_GCV,150595.0,0.0,0.0,0.0,150595.0,0.0,150595.0,0.0,0.0,0.0,0.0,0.0,0.0,0.0,0.0,0.0,0.0,0.0,150595.0,0.0,150595.0,0.0,True,150595.0,0.0,True
NO,1993,TJ_GCV,171928.0,0.0,0.0,60.0,171868.0,0.0,171928.0,0.0,0.0,0.0,0.0,0.0,0.0,0.0,60.0,0.0,0.0,0.0,171868.0,0.0,171928.0,0.0,True,171928.0,0.0,True
NO,1994,TJ_GCV,182672.0,0.0,0.0,923.0,181749.0,0.0,182672.0,0.0,0.0,0.0,0.0,0.0,0.0,0.0,923.0,0.0,0.0,0.0,181749.0,0.0,182672.0,0.0,True,182672.0,0.0,True
NO,1995,TJ_GCV,161027.0,0.0,0.0,1130.0,159897.0,0.0,161027.0,0.0,0.0,0.0,0.0,0.0,0.0,0.0,1130.0,0.0,0.0,0.0,159897.0,0.0,161027.0,0.0,True,161027.0,0.0,True
NO,1996,TJ_GCV,138816.0,0.0,0.0,1438.0,137378.0,0.0,138816.0,0.0,0.0,0.0,0.0,0.0,0.0,0.0,1438.0,0.0,0.0,0.0,137378.0,0.0,138816.0,0.0,True,138816.0,0.0,True
NO,1997,TJ_GCV,182437.0,0.0,0.0,1215.0,181222.0,0.0,182437.0,0.0,0.0,0.0,0.0,0.0,0.0,0.0,1213.0,0.0,2.0,0.0,181222.0,0.0,182437.0,0.0,True,182437.0,0.0,True
NO,1998,TJ_GCV,200324.0,0.0,0.0,1195.0,199129.0,0.0,200324.0,0.0,0.0,0.0,0.0,0.0,0.0,0.0,1143.0,0.0,52.0,0.0,199129.0,0.0,200324.0,0.0,True,200324.0,0.0,True
NO,1999,TJ_GCV,221289.0,0.0,0.0,1789.0,219500.0,0.0,221289.0,0.0,0.0,0.0,0.0,0.0,0.0,0.0,1684.0,0.0,105.0,0.0,219500.0,0.0,221289.0,0.0,True,221289.0,0.0,True
NO,2000,TJ_GCV,165999.0,8197.0,19392.0,1395.0,137015.0,0.0,165999.0,8065.0,5.0,50.0,0.0,77.0,19392.0,0.0,1269.0,0.0,126.0,0.0,137015.0,0.0,165999.0,0.0,True,165999.0,0.0,True
NO,2001,TJ_GCV,183922.0,8364.0,23135.0,1737.0,150686.0,0.0,183922.0,7955.0,95.0,201.0,0.0,113.0,23135.0,0.0,1622.0,0.0,115.0,0.0,150686.0,0.0,183922.0,0.0,True,183922.0,0.0,True
NO,2002,TJ_GCV,181883.0,6407.0,17140.0,1322.0,157014.0,0.0,181883.0,5943.0,91.0,231.0,0.0,142.0,17140.0,0.0,1186.0,5.0,131.0,0.0,157014.0,0.0,181883.0,0.0,True,181883.0,0.0,True
NO,2003,TJ_GCV,200784.0,8474.0,23954.0,2114.0,166242.0,0.0,200784.0,7853.0,94.0,207.0,10.0,310.0,23954.0,0.0,1793.0,8.0,313.0,0.0,166242.0,0.0,200784.0,0.0,True,200784.0,0.0,True
NO,2004,TJ_GCV,214086.0,9911.0,27558.0,2491.0,174126.0,0.0,214086.0,8815.0,133.0,272.0,269.0,422.0,27558.0,0.0,2244.0,13.0,234.0,0.0,174126.0,0.0,214086.0,0.0,True,214086.0,0.0,True
NO,2005,TJ_GCV,207499.0,10255.0,24191.0,2608.0,170445.0,0.0,207499.0,8532.0,241.0,298.0,734.0,450.0,24191.0,0.0,2256.0,13.0,339.0,0.0,170445.0,0.0,207499.0,0.0,True,207499.0,0.0,True
NO,2006,TJ_GCV,214200.0,11053.0,24767.0,3319.0,175061.0,0.0,214200.0,9163.0,155.0,519.0,728.0,488.0,24767.0,0.0,2826.0,16.0,477.0,0.0,175061.0,0.0,214200.0,0.0,True,214200.0,0.0,True
NO,2007,TJ_GCV,220842.0,11910.0,25829.0,5783.0,177320.0,0.0,220842.0,8389.0,166.0,791.0,682.0,1882.0,25829.0,0.0,5194.0,0.0,589.0,0.0,177320.0,0.0,220842.0,0.0,True,220842.0,0.0,True
NO,2008,TJ_GCV,259818.551,13809.765,25829.0,3450.0,216729.786,0.0,259818.551,9769.765,143.0,920.0,748.0,2229.0,25829.0,0.0,2731.0,0.0,719.0,0.0,216729.786,0.0,259818.551,0.0,True,259818.551,0.0,True
NO,2009,TJ_GCV,263981.813,14501.166,20656.0,26181.0,202643.647,0.0,263981.813,10310.166,162.0,891.0,764.0,2374.0,20656.0,0.0,25481.0,0.0,700.0,0.0,202643.647,0.0,263981.813,0.0,True,263981.813,0.0,True
NO,2010,TJ_GCV,269811.861,14899.107,21595.42,32683.856,200633.478,0.0,269811.861,10253.696,184.288,949.901,906.024,2605.198,21595.42,0.0,19224.991,12703.972,754.893,0.0,200633.478,0.0,269811.861,0.0,True,269811.861,0.0,True
NO,2011,TJ_GCV,258234.783,15658.648,23409.027,26297.703,192869.405,0.0,258234.783,10836.23,153.738,932.506,673.45,3062.724,23409.027,0.0,10760.489,14802.107,735.107,0.0,192869.405,0.0,258234.783,0.0,True,258234.783,0.0,True
NO,2012,TJ_GCV,251553.582,18911.084,20244.118,16302.886,196095.494,0.0,251553.582,12813.167,164.941,1079.61,718.383,4134.983,20244.118,0.0,525.849,15109.162,667.875,0.0,196095.494,0.0,251553.582,0.0,True,251553.582,0.0,True
NO,2013,TJ_GCV,253637.784,19435.84,22221.004,15116.408,196864.532,0.0,253637.784,12695.4,172.744,986.236,709.535,4871.925,22221.004,0.0,261.613,14260.826,593.969,0.0,196864.532,0.0,253637.784,0.0,True,253637.784,0.0,True
NO,2014,TJ_GCV,267141.547,19313.312,24105.041,15902.008,207821.186,0.0,267141.547,12184.656,176.703,751.987,588.353,5611.613,24105.041,0.0,143.629,15205.589,552.79,0.0,207821.186,0.0,267141.547,0.0,True,267141.547,0.0,True
NO,2015,TJ_GCV,275524.696,19358.807,25569.417,15737.943,214858.529,0.0,275524.696,12008.384,156.179,1001.704,614.828,5577.712,25569.417,0.0,43.421,15255.337,439.185,0.0,214858.529,0.0,275524.696,0.0,True,275524.696,0.0,True
NO,2016,TJ_GCV,267331.29,19201.27,20926.806,15897.707,211305.507,0.0,267331.29,12192.45,167.659,1161.882,603.442,5075.837,20926.806,0.0,24.866,15284.045,588.796,0.0,211305.507,0.0,267331.29,0.0,True,267331.29,0.0,True
NO,2017,TJ_GCV,275957.929,20890.172,23516.905,15463.135,216087.717,0.0,275957.929,13521.902,149.685,1208.473,622.744,5387.368,23516.905,0.0,1.275,14825.543,636.317,0.0,216087.717,0.0,275957.929,0.0,True,275957.929,0.0,True
NO,2018,TJ_GCV,258365.091,18818.432,21047.942,15932.992,202565.725,0.0,258365.091,13228.762,149.26,840.338,623.088,3976.984,21047.942,0.0,4.177,15193.819,734.996,0.0,202565.725,0.0,258365.091,0.0,True,258365.091,0.0,True
NO,2019,TJ_GCV,263488.153,19133.946,24867.427,14564.916,204921.864,0.0,263488.153,13686.392,72.009,862.105,626.439,3887.001,24867.427,0.0,0.0,13987.787,577.129,0.0,204921.864,0.0,263488.153,0.0,True,263488.153,0.0,True
NO,2020,TJ_GCV,251010.105,17119.157,24501.534,10963.078,198426.336,0.0,251010.105,12091.448,72.799,690.488,643.469,3620.953,24501.534,0.0,0.062,10587.595,375.421,0.0,198426.336,0.0,251010.105,0.0,True,251010.105,0.0,True
NO,2021,TJ_GCV,227025.271,18641.322,17271.474,4628.997,186483.478,0.0,227025.271,13917.228,71.486,661.238,699.333,3292.037,17271.474,0.0,0.015,4067.218,561.764,0.0,186483.478,0.0,227025.271,0.0,True,227025.271,0.0,True
NO,2022,TJ_GCV,219274.823,18788.871,15586.991,8120.687,176778.274,0.0,219274.823,12630.407,57.284,483.829,317.145,5300.206,15586.991,0.0,0.0,7766.671,354.016,0.0,176778.274,0.0,219274.823,0.0,True,219274.823,0.0,True
NO,2023,TJ_GCV,212122.969,16418.561,14793.502,9376.693,171534.213,0.0,212122.969,11485.224,85.477,391.264,274.423,4182.173,14793.502,0.0,0.0,8882.734,493.959,0.0,171534.213,0.0,212122.969,0.0,True,212122.969,0.0,True
NO,2024,TJ_GCV,183127.565,15793.696,5835.517,9199.633,152298.719,0.0,183127.565,9930.958,54.158,397.755,669.9,4740.925,5835.517,0.0,0.0,8742.982,456.651,0.0,152298.719,0.0,183127.565,0.0,True,183127.565,0.0,True
PL,1990,TJ_GCV,411354.0,268298.0,89412.0,28361.0,15602.0,9681.0,411354.0,116699.0,135782.0,15319.0,498.0,0.0,89412.0,0.0,0.0,3295.0,20751.0,4315.0,15602.0,9681.0,411354.0,0.0,True,411354.0,0.0,True
PL,1991,TJ_GCV,375408.0,249311.0,70633.0,22629.0,15523.0,17312.0,375408.0,88281.0,148527.0,12197.0,306.0,0.0,70633.0,0.0,0.0,2600.0,15543.0,4486.0,15523.0,17312.0,375408.0,0.0,True,375408.0,0.0,True
PL,1992,TJ_GCV,361097.0,247880.0,63448.0,14581.0,17970.0,17218.0,361097.0,78484.0,156902.0,12433.0,61.0,0.0,63448.0,0.0,0.0,2099.0,8525.0,3957.0,17970.0,17218.0,361097.0,0.0,True,361097.0,0.0,True
PL,1993,TJ_GCV,368317.0,259768.0,59050.0,5324.0,15513.0,28662.0,368317.0,89468.0,157322.0,12831.0,147.0,0.0,59050.0,0.0,0.0,2536.0,915.0,1873.0,15513.0,28662.0,368317.0,0.0,True,368317.0,0.0,True
PL,1994,TJ_GCV,395069.0,270051.0,77243.0,4674.0,21102.0,21999.0,395069.0,90654.0,168523.0,10637.0,236.0,1.0,77243.0,0.0,0.0,3193.0,1357.0,124.0,21102.0,21999.0,395069.0,0.0,True,395069.0,0.0,True
PL,1995,TJ_GCV,406249.0,282085.0,88384.0,5264.0,18236.0,12280.0,406249.0,89786.0,177288.0,14733.0,270.0,8.0,88384.0,0.0,0.0,2933.0,2331.0,0.0,18236.0,12280.0,406249.0,0.0,True,406249.0,0.0,True
PL,1996,TJ_GCV,445822.0,284270.0,87434.0,7952.0,27798.0,38368.0,445822.0,103959.0,158952.0,20857.0,475.0,27.0,87434.0,0.0,0.0,3912.0,4040.0,0.0,27798.0,38368.0,445822.0,0.0,True,445822.0,0.0,True
PL,1997,TJ_GCV,451440.0,305934.0,88636.0,10391.0,26315.0,20164.0,451440.0,111629.0,166691.0,26951.0,634.0,29.0,88636.0,0.0,0.0,3027.0,5806.0,1558.0,26315.0,20164.0,451440.0,0.0,True,451440.0,0.0,True
PL,1998,TJ_GCV,444747.0,296625.0,82650.0,18300.0,28914.0,18258.0,444747.0,105593.0,153631.0,36410.0,965.0,26.0,82650.0,0.0,0.0,4538.0,7427.0,6335.0,28914.0,18258.0,444747.0,0.0,True,444747.0,0.0,True
PL,1999,TJ_GCV,428632.0,289845.0,70201.0,22552.0,33655.0,12379.0,428632.0,96302.0,151106.0,41885.0,529.0,23.0,70201.0,0.0,0.0,9053.0,8958.0,4541.0,33655.0,12379.0,428632.0,0.0,True,428632.0,0.0,True
PL,2000,TJ_GCV,463325.0,294155.0,85355.0,32880.0,35112.0,15823.0,463325.0,106143.0,141790.0,42852.0,595.0,2775.0,85355.0,0.0,0.0,13914.0,10115.0,8851.0,35112.0,15823.0,463325.0,0.0,True,463325.0,0.0,True
PL,2001,TJ_GCV,475563.0,314714.0,79538.0,40188.0,27045.0,14078.0,475563.0,106106.0,148597.0,55523.0,863.0,3625.0,79538.0,0.0,0.0,18859.0,12521.0,8808.0,27045.0,14078.0,475563.0,0.0,True,475563.0,0.0,True
PL,2002,TJ_GCV,465464.0,319131.0,60675.0,52796.0,25154.0,7708.0,465464.0,105231.0,141214.0,67779.0,1016.0,3891.0,60675.0,0.0,0.0,29327.0,13673.0,9796.0,25154.0,7708.0,465464.0,0.0,True,465464.0,0.0,True
PL,2003,TJ_GCV,517101.0,335779.0,86969.0,59145.0,25012.0,10196.0,517101.0,112290.0,141810.0,74508.0,1330.0,5841.0,86969.0,0.0,0.0,36626.0,13924.0,8595.0,25012.0,10196.0,517101.0,0.0,True,517101.0,0.0,True
PL,2004,TJ_GCV,549410.0,353322.0,88892.0,68080.0,29694.0,9422.0,549410.0,126097.0,140418.0,77293.0,1313.0,8201.0,88892.0,0.0,49.0,45066.0,14470.0,8495.0,29694.0,9422.0,549410.0,0.0,True,549410.0,0.0,True
PL,2005,TJ_GCV,569538.0,368302.0,93844.0,72952.0,27320.0,7120.0,569538.0,130002.0,150123.0,76011.0,1204.0,10962.0,93844.0,0.0,66.0,49710.0,13667.0,9509.0,27320.0,7120.0,569538.0,0.0,True,569538.0,0.0,True
PL,2006,TJ_GCV,570833.0,377397.0,90366.0,69760.0,28070.0,5240.0,570833.0,136722.0,154095.0,70574.0,1659.0,14347.0,90366.0,0.0,0.0,44892.0,13860.0,11008.0,28070.0,5240.0,570833.0,0.0,True,570833.0,0.0,True
PL,2007,TJ_GCV,570619.0,378550.0,89621.0,65580.0,33885.0,2983.0,570619.0,143239.0,147358.0,72765.0,2046.0,13142.0,89621.0,0.0,0.0,43709.0,11503.0,10368.0,33885.0,2983.0,570619.0,0.0,True,570619.0,0.0,True
PL,2008,TJ_GCV,576918.0,382704.0,92123.0,68298.0,31172.0,2621.0,576918.0,140434.0,146056.0,79167.0,2112.0,14935.0,92123.0,0.0,0.0,44989.0,11859.0,11450.0,31172.0,2621.0,576918.0,0.0,True,576918.0,0.0,True
PL,2009,TJ_GCV,561107.0,383988.0,73229.0,68658.0,29299.0,5933.0,561107.0,135917.0,149841.0,84162.0,1752.0,12316.0,73229.0,0.0,0.0,45466.0,11926.0,11266.0,29299.0,5933.0,561107.0,0.0,True,561107.0,0.0,True
PL,2010,TJ_GCV,603179.408,413286.0,77290.0,72432.0,32982.408,7189.0,603179.408,143714.0,164919.0,92703.0,1651.0,10299.0,77290.0,0.0,0.0,45252.0,12845.0,14335.0,32982.408,7189.0,603179.408,0.0,True,603179.408,0.0,True
PL,2011,TJ_GCV,599872.338,397142.0,84627.0,75284.0,41414.338,1405.0,599872.338,147610.0,150523.0,86976.0,1701.0,10332.0,84627.0,0.0,0.0,53135.0,11267.0,10882.0,41414.338,1405.0,599872.338,0.0,True,599872.338,0.0,True
PL,2012,TJ_GCV,640541.345,407618.0,93339.0,87784.0,46492.345,5308.0,640541.345,146632.0,157108.0,89875.0,1996.0,12007.0,93339.0,0.0,0.0,57640.0,11208.0,18936.0,46492.345,5308.0,640541.345,0.0,True,640541.345,0.0,True
PL,2013,TJ_GCV,642391.432,413272.0,90238.0,84748.0,51991.432,2142.0,642391.432,150371.0,159097.0,85001.0,1668.0,17135.0,90238.0,0.0,0.0,47363.0,11965.0,25420.0,51991.432,2142.0,642391.432,0.0,True,642391.432,0.0,True
PL,2014,TJ_GCV,622151.354,388344.0,95888.0,83409.0,53251.354,1259.0,622151.354,148779.0,146220.0,74921.0,1598.0,16826.0,95888.0,0.0,0.0,47736.0,10061.0,25612.0,53251.354,1259.0,622151.354,0.0,True,622151.354,0.0,True
PL,2015,TJ_GCV,647181.565,394934.0,98600.0,96802.0,55608.565,1237.0,647181.565,150250.0,146891.0,79803.0,1271.0,16719.0,98600.0,0.0,0.0,57442.0,9698.0,29662.0,55608.565,1237.0,647181.565,0.0,True,647181.565,0.0,True
PL,2016,TJ_GCV,683678.891,429169.0,98080.0,106293.0,48903.891,1233.0,683678.891,158673.0,161276.0,89969.0,1450.0,17801.0,98080.0,0.0,0.0,68953.0,9482.0,27858.0,48903.891,1233.0,683678.891,0.0,True,683678.891,0.0,True
PL,2017,TJ_GCV,715669.199,426540.678,101387.939,120434.831,66722.953,582.798,715669.199,171406.077,168857.809,67562.238,1687.772,17026.782,101387.939,0.0,0.0,83637.636,9103.398,27693.797,66722.953,582.798,715669.199,0.0,True,715669.199,0.0,True
PL,2018,TJ_GCV,722383.136,429647.376,93011.038,142257.46,56900.342,566.92,722383.136,181868.712,165679.036,62582.627,1407.34,18109.661,93011.038,0.0,0.0,102753.083,9477.65,30026.727,56900.342,566.92,722383.136,0.0,True,722383.136,0.0,True
PL,2019,TJ_GCV,742931.514,432031.616,87039.911,154643.534,68737.513,478.94,742931.514,181913.718,169275.699,62735.835,1731.188,16375.176,87039.911,0.0,0.0,117539.233,9148.9,27955.401,68737.513,478.94,742931.514,0.0,True,742931.514,0.0,True
PL,2020,TJ_GCV,765705.953,427164.012,95445.731,171789.929,70847.035,459.246,765705.953,179438.825,178703.194,53222.756,2006.359,13792.878,95445.731,0.0,0.0,135750.081,10081.507,25958.341,70847.035,459.246,765705.953,0.0,True,765705.953,0.0,True
PL,2021,TJ_GCV,822407.465,499917.205,91054.987,166126.44,64913.412,395.421,822407.465,197241.686,212411.953,74784.306,2421.918,13057.342,91054.987,0.0,0.0,131214.107,11997.882,22914.451,64913.412,395.421,822407.465,0.0,True,822407.465,0.0,True
PL,2022,TJ_GCV,703777.285,448236.138,79064.522,126533.579,49330.456,612.59,703777.285,170168.04,201839.194,71694.614,1702.142,2832.148,79064.522,0.0,0.0,96167.514,15245.603,15120.462,49330.456,612.59,703777.285,0.0,True,703777.285,0.0,True
PL,2023,TJ_GCV,733842.241,437159.378,63223.467,169599.367,63428.016,432.013,733842.241,170397.151,195628.098,65742.969,1857.725,3533.435,63223.467,0.0,0.0,137038.773,14169.448,18391.146,63428.016,432.013,733842.241,0.0,True,733842.241,0.0,True
PL,2024,TJ_GCV,797804.995,449199.876,66725.269,215427.401,66043.95,408.499,797804.995,181416.948,196968.516,64498.185,2053.127,4263.1,66725.269,0.0,18100.0,150120.427,17538.116,29668.858,66043.95,408.499,797804.995,0.0,True,797804.995,0.0,True
PT,1990,TJ_GCV,0.0,0.0,0.0,0.0,0.0,0.0,0.0,0.0,0.0,0.0,0.0,0.0,0.0,0.0,0.0,0.0,0.0,0.0,0.0,0.0,0.0,0.0,True,0.0,0.0,True
PT,1991,TJ_GCV,0.0,0.0,0.0,0.0,0.0,0.0,0.0,0.0,0.0,0.0,0.0,0.0,0.0,0.0,0.0,0.0,0.0,0.0,0.0,0.0,0.0,0.0,True,0.0,0.0,True
PT,1992,TJ_GCV,0.0,0.0,0.0,0.0,0.0,0.0,0.0,0.0,0.0,0.0,0.0,0.0,0.0,0.0,0.0,0.0,0.0,0.0,0.0,0.0,0.0,0.0,True,0.0,0.0,True
PT,1993,TJ_GCV,0.0,0.0,0.0,0.0,0.0,0.0,0.0,0.0,0.0,0.0,0.0,0.0,0.0,0.0,0.0,0.0,0.0,0.0,0.0,0.0,0.0,0.0,True,0.0,0.0,True
PT,1994,TJ_GCV,0.0,0.0,0.0,0.0,0.0,0.0,0.0,0.0,0.0,0.0,0.0,0.0,0.0,0.0,0.0,0.0,0.0,0.0,0.0,0.0,0.0,0.0,True,0.0,0.0,True
PT,1995,TJ_GCV,0.0,0.0,0.0,0.0,0.0,0.0,0.0,0.0,0.0,0.0,0.0,0.0,0.0,0.0,0.0,0.0,0.0,0.0,0.0,0.0,0.0,0.0,True,0.0,0.0,True
PT,1996,TJ_GCV,0.0,0.0,0.0,0.0,0.0,0.0,0.0,0.0,0.0,0.0,0.0,0.0,0.0,0.0,0.0,0.0,0.0,0.0,0.0,0.0,0.0,0.0,True,0.0,0.0,True
PT,1997,TJ_GCV,4025.0,2044.0,0.0,1949.0,0.0,32.0,4025.0,1987.0,39.0,18.0,0.0,0.0,0.0,0.0,1105.0,12.0,0.0,832.0,0.0,32.0,4025.0,0.0,True,4025.0,0.0,True
PT,1998,TJ_GCV,32152.0,10897.0,0.0,21142.0,0.0,113.0,32152.0,10222.0,358.0,279.0,38.0,0.0,0.0,0.0,16838.0,684.0,0.0,3620.0,0.0,113.0,32152.0,0.0,True,32152.0,0.0,True
PT,1999,TJ_GCV,89912.0,22763.0,0.0,67035.0,0.0,114.0,89912.0,20239.0,1681.0,580.0,263.0,0.0,0.0,0.0,59652.0,3323.0,0.0,4060.0,0.0,114.0,89912.0,0.0,True,89912.0,0.0,True
PT,2000,TJ_GCV,94063.0,36773.0,0.0,57170.0,0.0,120.0,94063.0,30648.0,3404.0,2663.0,6.0,52.0,0.0,0.0,49183.0,5299.0,0.0,2688.0,0.0,120.0,94063.0,0.0,True,94063.0,0.0,True
PT,2001,TJ_GCV,104353.0,48370.0,0.0,55926.0,0.0,57.0,104353.0,38653.0,5448.0,3964.0,95.0,210.0,0.0,0.0,46155.0,9170.0,0.0,601.0,0.0,57.0,104353.0,0.0,True,104353.0,0.0,True
PT,2002,TJ_GCV,126965.0,55042.0,0.0,70586.0,0.0,1337.0,126965.0,42652.0,6816.0,5107.0,145.0,322.0,0.0,0.0,58029.0,12557.0,0.0,0.0,0.0,1337.0,126965.0,0.0,True,126965.0,0.0,True
PT,2003,TJ_GCV,122623.0,56110.0,0.0,65545.0,0.0,968.0,122623.0,42712.0,7351.0,5468.0,160.0,419.0,0.0,0.0,47292.0,18253.0,0.0,0.0,0.0,968.0,122623.0,0.0,True,122623.0,0.0,True
PT,2004,TJ_GCV,153719.0,59569.0,0.0,92439.0,775.0,936.0,153719.0,44029.0,8432.0,6517.0,154.0,437.0,0.0,0.0,72426.0,20013.0,0.0,0.0,775.0,936.0,153719.0,0.0,True,153719.0,0.0,True
PT,2005,TJ_GCV,172733.0,60814.0,0.0,107403.0,3696.0,820.0,172733.0,44478.0,9301.0,6340.0,178.0,517.0,0.0,0.0,83854.0,23549.0,0.0,0.0,3696.0,820.0,172733.0,0.0,True,172733.0,0.0,True
PT,2006,TJ_GCV,167822.0,62304.0,0.0,98517.0,4125.0,2876.0,167822.0,44971.0,9425.0,7230.0,194.0,484.0,0.0,0.0,72486.0,26031.0,0.0,0.0,4125.0,2876.0,167822.0,0.0,True,167822.0,0.0,True
PT,2007,TJ_GCV,175961.0,66978.0,0.0,104365.0,4262.0,356.0,175961.0,48128.0,10244.0,7833.0,237.0,536.0,0.0,0.0,77063.0,27302.0,0.0,0.0,4262.0,356.0,175961.0,0.0,True,175961.0,0.0,True
PT,2008,TJ_GCV,191078.0,67229.0,0.0,118841.0,4027.0,981.0,191078.0,47315.0,10695.0,8374.0,286.0,559.0,0.0,0.0,91255.0,27586.0,0.0,0.0,4027.0,981.0,191078.0,0.0,True,191078.0,0.0,True
PT,2009,TJ_GCV,192345.0,66893.0,0.0,119662.0,4379.0,1411.0,192345.0,44424.0,12289.0,9371.0,253.0,556.0,0.0,0.0,84828.0,34834.0,0.0,0.0,4379.0,1411.0,192345.0,0.0,True,192345.0,0.0,True
PT,2010,TJ_GCV,208788.0,72775.0,0.0,129071.0,5617.0,1325.0,208788.0,48968.0,13910.0,9131.0,183.0,583.0,0.0,0.0,80645.0,48426.0,0.0,0.0,5617.0,1325.0,208788.0,0.0,True,208788.0,0.0,True
PT,2011,TJ_GCV,210531.0,76468.0,0.0,127891.0,5956.0,216.0,210531.0,53515.0,12001.0,10122.0,246.0,584.0,0.0,0.0,77366.0,50525.0,0.0,0.0,5956.0,216.0,210531.0,0.0,True,210531.0,0.0,True
PT,2012,TJ_GCV,181763.0,75125.0,0.0,101168.0,4609.0,861.0,181763.0,52177.0,11993.0,10135.0,263.0,557.0,0.0,0.0,43358.0,55149.0,0.0,2661.0,4609.0,861.0,181763.0,0.0,True,181763.0,0.0,True
PT,2013,TJ_GCV,171854.0,72882.0,0.0,91396.0,7355.0,221.0,171854.0,50404.0,11385.0,10181.0,336.0,576.0,0.0,0.0,12923.0,66274.0,0.0,12199.0,7355.0,221.0,171854.0,0.0,True,171854.0,0.0,True
PT,2014,TJ_GCV,161980.0,72000.0,0.0,83302.0,6488.0,190.0,161980.0,49162.0,12009.0,10043.0,223.0,563.0,0.0,0.0,13019.0,59583.0,0.0,10700.0,6488.0,190.0,161980.0,0.0,True,161980.0,0.0,True
PT,2015,TJ_GCV,190050.515,75117.515,0.0,108701.0,5855.0,377.0,190050.515,51085.015,12229.604,10869.465,278.431,655.0,0.0,0.0,41708.0,55592.0,0.0,11401.0,5855.0,377.0,190050.515,0.0,True,190050.515,0.0,True
PT,2016,TJ_GCV,202406.57,76085.57,0.0,122028.0,4060.0,233.0,202406.57,52110.741,11343.449,11755.518,230.862,645.0,0.0,0.0,57049.0,53589.0,0.0,11390.0,4060.0,233.0,202406.57,0.0,True,202406.57,0.0,True
PT,2017,TJ_GCV,253279.638,80983.753,0.0,167100.216,4902.324,293.345,253279.638,56480.553,11664.101,11885.347,271.011,682.741,0.0,0.0,101053.858,54529.952,0.0,11516.406,4902.324,293.345,253279.638,0.0,True,253279.638,0.0,True
PT,2018,TJ_GCV,232515.661,83569.309,0.0,144250.94,4401.777,293.635,232515.661,57775.036,12703.885,12165.752,180.034,744.602,0.0,0.0,76740.77,57219.975,0.0,10290.195,4401.777,293.635,232515.661,0.0,True,232515.661,0.0,True
PT,2019,TJ_GCV,245280.945,84122.246,0.0,156476.102,4388.719,293.878,245280.945,58315.269,13222.522,11473.013,299.924,811.518,0.0,0.0,87690.167,58480.173,0.0,10305.762,4388.719,293.878,245280.945,0.0,True,245280.945,0.0,True
PT,2020,TJ_GCV,241747.185,78454.103,2601.252,156329.777,4038.238,323.815,241747.185,54094.295,13706.332,9393.927,328.27,931.279,2601.252,0.0,90974.153,56740.566,0.0,8615.058,4038.238,323.815,241747.185,0.0,True,241747.185,0.0,True
PT,2021,TJ_GCV,231837.189,86762.079,2601.934,137927.472,4208.793,336.911,231837.189,60917.878,13339.633,11017.532,383.591,1103.445,2601.934,0.0,82661.745,47585.238,0.0,7680.489,4208.793,336.911,231837.189,0.0,True,231837.189,0.0,True
PT,2022,TJ_GCV,222323.541,78625.783,2289.018,138332.095,2783.603,293.042,222323.541,54040.583,12418.867,10451.651,197.656,1517.026,2289.018,0.0,102970.978,33003.965,0.0,2357.152,2783.603,293.042,222323.541,0.0,True,222323.541,0.0,True
PT,2023,TJ_GCV,176310.341,76251.434,2554.354,93552.203,3698.636,253.714,176310.341,52447.675,11669.897,10370.072,182.485,1581.305,2554.354,0.0,60189.281,25026.532,0.0,8336.39,3698.636,253.714,176310.341,0.0,True,176310.341,0.0,True
PT,2024,TJ_GCV,146174.388,77446.567,2611.815,61279.163,4603.542,233.3,146174.388,53365.834,11815.77,10346.158,254.257,1664.549,2611.815,0.0,27549.95,23754.521,0.0,9974.692,4603.542,233.3,146174.387,0.001,True,146174.388,0.0,True
RO,1990,TJ_GCV,1341565.0,923608.0,0.0,417957.0,0.0,0.0,1341565.0,779979.0,105046.0,0.0,38583.0,0.0,0.0,0.0,0.0,417957.0,0.0,0.0,0.0,0.0,1341565.0,0.0,True,1341565.0,0.0,True
RO,1991,TJ_GCV,1107063.0,696575.0,0.0,410488.0,0.0,0.0,1107063.0,532075.0,127296.0,0.0,37204.0,0.0,0.0,0.0,0.0,410488.0,0.0,0.0,0.0,0.0,1107063.0,0.0,True,1107063.0,0.0,True
RO,1992,TJ_GCV,995233.0,246649.0,95706.0,602669.0,23688.0,26521.0,995233.0,156991.0,71915.0,15364.0,1909.0,470.0,95706.0,0.0,78199.0,334117.0,190353.0,0.0,23688.0,26521.0,995233.0,0.0,True,995233.0,0.0,True
RO,1993,TJ_GCV,937455.0,256915.0,75656.0,539500.0,31108.0,34276.0,937455.0,166944.0,76665.0,10673.0,2462.0,171.0,75656.0,0.0,48446.0,321942.0,169112.0,0.0,31108.0,34276.0,937455.0,0.0,True,937455.0,0.0,True
RO,1994,TJ_GCV,894438.0,391183.0,39227.0,358530.0,61860.0,43638.0,894438.0,297462.0,78799.0,13384.0,1401.0,137.0,39227.0,0.0,68043.0,227070.0,63417.0,0.0,61860.0,43638.0,894438.0,0.0,True,894438.0,0.0,True
RO,1995,TJ_GCV,893618.0,441346.0,30006.0,333486.0,63947.0,24833.0,893618.0,336959.0,83281.0,15710.0,5268.0,128.0,30006.0,0.0,43383.0,235439.0,54664.0,0.0,63947.0,24833.0,893618.0,0.0,True,893618.0,0.0,True
RO,1996,TJ_GCV,899799.0,419004.0,45137.0,364394.0,49061.0,22203.0,899799.0,319789.0,79631.0,16980.0,2441.0,163.0,45137.0,0.0,46102.0,241229.0,77063.0,0.0,49061.0,22203.0,899799.0,0.0,True,899799.0,0.0,True
RO,1997,TJ_GCV,774734.0,355882.0,58018.0,270523.0,84171.0,6140.0,774734.0,244105.0,95720.0,12631.0,3324.0,102.0,58018.0,0.0,26489.0,170472.0,73562.0,0.0,84171.0,6140.0,774734.0,0.0,True,774734.0,0.0,True
RO,1998,TJ_GCV,696012.0,295675.0,24987.0,288736.0,72711.0,13903.0,696012.0,167200.0,103761.0,21071.0,2156.0,1487.0,24987.0,0.0,21678.0,180243.0,86815.0,0.0,72711.0,13903.0,696012.0,0.0,True,696012.0,0.0,True
RO,1999,TJ_GCV,636996.0,295003.0,34354.0,237640.0,52153.0,17846.0,636996.0,179612.0,94536.0,17494.0,2358.0,1003.0,34354.0,0.0,32047.0,134834.0,70759.0,0.0,52153.0,17846.0,636996.0,0.0,True,636996.0,0.0,True
RO,2000,TJ_GCV,636388.0,301252.0,37398.0,223289.0,60328.0,14121.0,636388.0,184973.0,103129.0,10914.0,991.0,1245.0,37398.0,0.0,36022.0,121816.0,65451.0,0.0,60328.0,14121.0,636388.0,0.0,True,636388.0,0.0,True
RO,2001,TJ_GCV,613125.0,318625.0,35282.0,190150.0,51732.0,17336.0,613125.0,196822.0,92799.0,24091.0,705.0,4208.0,35282.0,0.0,39120.0,92869.0,58161.0,0.0,51732.0,17336.0,613125.0,0.0,True,613125.0,0.0,True
RO,2002,TJ_GCV,634009.0,323686.0,27631.0,191446.0,72201.0,19045.0,634009.0,205979.0,109407.0,4267.0,1523.0,2510.0,27631.0,0.0,40425.0,102157.0,48864.0,0.0,72201.0,19045.0,634009.0,0.0,True,634009.0,0.0,True
RO,2003,TJ_GCV,685209.0,354912.0,25669.0,217636.0,63259.0,23733.0,685209.0,212185.0,119146.0,21502.0,1055.0,1024.0,25669.0,0.0,45248.0,131694.0,40694.0,0.0,63259.0,23733.0,685209.0,0.0,True,685209.0,0.0,True
RO,2004,TJ_GCV,645627.0,343227.0,29877.0,201769.0,50881.0,19873.0,645627.0,190773.0,118324.0,31386.0,1601.0,1143.0,29877.0,0.0,39083.0,125540.0,37146.0,0.0,50881.0,19873.0,645627.0,0.0,True,645627.0,0.0,True
RO,2005,TJ_GCV,645197.0,334311.0,49910.0,186225.0,48273.0,26478.0,645197.0,187687.0,107027.0,36362.0,1687.0,1548.0,49910.0,0.0,29156.0,123735.0,33334.0,0.0,48273.0,26478.0,645197.0,0.0,True,645197.0,0.0,True
RO,2006,TJ_GCV,667748.0,359181.0,33767.0,195234.0,38573.0,40993.0,667748.0,163588.0,118514.0,74253.0,1381.0,1445.0,33767.0,0.0,53077.0,116848.0,25309.0,0.0,38573.0,40993.0,667748.0,0.0,True,667748.0,0.0,True
RO,2007,TJ_GCV,592389.0,304365.0,39435.0,191843.0,34955.0,21791.0,592389.0,154975.0,96175.0,50267.0,1169.0,1779.0,39435.0,0.0,52739.0,112402.0,25725.0,977.0,34955.0,21791.0,592389.0,0.0,True,592389.0,0.0,True
RO,2008,TJ_GCV,590028.0,317867.0,43936.0,173574.0,33943.0,20708.0,590028.0,173914.0,101813.0,37587.0,2214.0,2339.0,43936.0,0.0,35944.0,113951.0,21298.0,2381.0,33943.0,20708.0,590028.0,0.0,True,590028.0,0.0,True
RO,2009,TJ_GCV,490127.0,273211.0,35665.0,136798.0,31532.0,12921.0,490127.0,124716.0,99870.0,43218.0,2905.0,2502.0,35665.0,0.0,21013.0,87528.0,25265.0,2992.0,31532.0,12921.0,490127.0,0.0,True,490127.0,0.0,True
RO,2010,TJ_GCV,501867.0,279902.0,35468.0,132340.0,38332.0,15825.0,501867.0,129866.0,102609.0,43525.0,3419.0,483.0,35468.0,0.0,17349.0,86977.0,25205.0,2809.0,38332.0,15825.0,501867.0,0.0,True,501867.0,0.0,True
RO,2011,TJ_GCV,513982.0,283858.0,42621.0,139140.0,33158.0,15205.0,513982.0,137156.0,108483.0,35167.0,2618.0,434.0,42621.0,0.0,22145.0,92774.0,21229.0,2992.0,33158.0,15205.0,513982.0,0.0,True,513982.0,0.0,True
RO,2012,TJ_GCV,500204.0,278070.0,42786.0,134738.0,29263.0,15347.0,500204.0,120271.0,118331.0,35542.0,3483.0,443.0,42786.0,0.0,23177.0,93450.0,15119.0,2992.0,29263.0,15347.0,500204.0,0.0,True,500204.0,0.0,True
RO,2013,TJ_GCV,463656.0,264286.0,35917.0,128270.0,29177.0,6006.0,463656.0,111012.0,113726.0,36500.0,2918.0,130.0,35917.0,0.0,30799.0,72072.0,21430.0,3969.0,29177.0,6006.0,463656.0,0.0,True,463656.0,0.0,True
RO,2014,TJ_GCV,441446.0,254289.0,38302.0,117874.0,27350.0,3631.0,441446.0,114141.0,101100.0,36090.0,2801.0,157.0,38302.0,0.0,26815.0,68392.0,17844.0,4823.0,27350.0,3631.0,441446.0,0.0,True,441446.0,0.0,True
RO,2015,TJ_GCV,416371.0,246523.0,15523.0,130521.0,20488.0,3316.0,416371.0,104079.0,104336.0,34918.0,3135.0,55.0,15523.0,0.0,44036.0,65305.0,16478.0,4702.0,20488.0,3316.0,416371.0,0.0,True,416371.0,0.0,True
RO,2016,TJ_GCV,416178.0,242086.0,12817.0,130248.0,26816.0,4211.0,416178.0,96967.0,106422.0,35471.0,3183.0,43.0,12817.0,0.0,42119.0,71915.0,10780.0,5434.0,26816.0,4211.0,416178.0,0.0,True,416178.0,0.0,True
RO,2017,TJ_GCV,439381.982,256802.652,15938.0,141243.24,21807.411,3590.679,439381.982,101463.876,112635.567,37775.719,4917.106,10.384,15938.0,0.0,46347.2,75336.21,15041.39,4518.44,21807.411,3590.679,439381.982,0.0,True,439381.982,0.0,True
RO,2018,TJ_GCV,449625.231,265064.938,17145.168,144266.718,19767.351,3381.056,449625.231,105076.604,116942.623,37841.114,5194.509,10.088,17145.168,0.0,52327.372,68827.338,19082.048,4029.96,19767.351,3381.056,449625.231,0.0,True,449625.231,0.0,True
RO,2019,TJ_GCV,417961.545,259111.701,17837.371,121253.551,17004.9,2754.022,417961.545,100055.877,116523.537,37695.918,4832.566,3.803,17837.371,0.0,34952.143,66577.734,15022.054,4701.62,17004.9,2754.022,417961.545,0.0,True,417961.545,0.0,True
RO,2020,TJ_GCV,431292.419,269277.14,21080.032,126844.699,11634.493,2456.055,431292.419,102593.859,126465.106,35497.865,4707.45,12.86,21080.032,0.0,43332.128,64923.903,13459.628,5129.04,11634.493,2456.055,431292.419,0.0,True,431292.419,0.0,True
RO,2021,TJ_GCV,456530.864,301690.143,18404.007,124689.187,9380.137,2367.39,456530.864,112367.223,149142.682,34874.987,4987.173,318.078,18404.007,0.0,40909.828,58533.283,20849.755,4396.32,9380.137,2367.39,456530.864,0.0,True,456530.863,0.001,True
RO,2022,TJ_GCV,379741.438,247762.551,1333.484,116334.285,10264.641,4046.477,379741.438,82407.632,124774.513,36608.703,3649.693,322.01,1333.484,0.0,47172.4,48677.866,16148.759,4335.26,10264.641,4046.477,379741.438,0.0,True,379741.438,0.0,True
RO,2023,TJ_GCV,364048.039,230323.479,1061.721,116916.599,12405.278,3340.962,364048.039,66810.052,120639.888,39782.488,2774.198,316.853,1061.721,0.0,47602.692,49682.39,15601.557,4029.96,12405.278,3340.962,364048.039,0.0,True,364048.039,0.0,True
RO,2024,TJ_GCV,362595.075,228841.574,1090.695,118034.32,11267.187,3361.299,362595.075,70583.733,121061.81,34389.861,2467.142,339.028,1090.695,0.0,49633.703,47815.551,16249.806,4335.26,11267.187,3361.299,362595.075,0.0,True,362595.075,0.0,True
RS,1990,TJ_GCV,120384.0,109864.0,0.0,10520.0,0.0,0.0,120384.0,36258.0,0.0,0.0,73606.0,0.0,0.0,0.0,10520.0,0.0,0.0,0.0,0.0,0.0,120384.0,0.0,True,120384.0,0.0,True
RS,1991,TJ_GCV,116417.0,104709.0,0.0,10520.0,1188.0,0.0,116417.0,34557.0,0.0,0.0,70152.0,0.0,0.0,0.0,10520.0,0.0,0.0,0.0,1188.0,0.0,116417.0,0.0,True,116417.0,0.0,True
RS,1992,TJ_GCV,105070.0,56984.0,10355.0,37731.0,0.0,0.0,105070.0,39772.0,10826.0,0.0,6386.0,0.0,10355.0,0.0,6825.0,0.0,30906.0,0.0,0.0,0.0,105070.0,0.0,True,105070.0,0.0,True
RS,1993,TJ_GCV,65485.0,35515.0,6454.0,23516.0,0.0,0.0,65485.0,24788.0,6747.0,0.0,3980.0,0.0,6454.0,0.0,4254.0,0.0,19262.0,0.0,0.0,0.0,65485.0,0.0,True,65485.0,0.0,True
RS,1994,TJ_GCV,54665.0,29647.0,5388.0,19630.0,0.0,0.0,54665.0,20693.0,5632.0,0.0,3322.0,0.0,5388.0,0.0,3551.0,0.0,16079.0,0.0,0.0,0.0,54665.0,0.0,True,54665.0,0.0,True
RS,1995,TJ_GCV,62771.0,35015.0,6363.0,21393.0,0.0,0.0,62771.0,24439.0,6652.0,0.0,3924.0,0.0,6363.0,0.0,4078.0,0.0,17315.0,0.0,0.0,0.0,62771.0,0.0,True,62771.0,0.0,True
RS,1996,TJ_GCV,90517.0,57813.0,10506.0,22198.0,0.0,0.0,90517.0,40351.0,10983.0,0.0,6479.0,0.0,10506.0,0.0,5881.0,0.0,16317.0,0.0,0.0,0.0,90517.0,0.0,True,90517.0,0.0,True
RS,1997,TJ_GCV,100041.0,63896.0,11611.0,24534.0,0.0,0.0,100041.0,44596.0,12138.0,0.0,7162.0,0.0,11611.0,0.0,6500.0,0.0,18034.0,0.0,0.0,0.0,100041.0,0.0,True,100041.0,0.0,True
RS,1998,TJ_GCV,93190.0,59520.0,10816.0,22854.0,0.0,0.0,93190.0,41542.0,11307.0,0.0,6671.0,0.0,10816.0,0.0,6055.0,0.0,16799.0,0.0,0.0,0.0,93190.0,0.0,True,93190.0,0.0,True
RS,1999,TJ_GCV,67400.0,43261.0,7861.0,16278.0,0.0,0.0,67400.0,30194.0,8218.0,0.0,4849.0,0.0,7861.0,0.0,4128.0,0.0,12150.0,0.0,0.0,0.0,67400.0,0.0,True,67400.0,0.0,True
RS,2000,TJ_GCV,71317.0,45643.0,8294.0,17380.0,0.0,0.0,71317.0,31857.0,8671.0,0.0,5115.0,0.0,8294.0,0.0,4524.0,0.0,12856.0,0.0,0.0,0.0,71317.0,0.0,True,71317.0,0.0,True
RS,2001,TJ_GCV,80515.0,47641.0,10631.0,22243.0,0.0,0.0,80515.0,32039.0,8694.0,0.0,6908.0,0.0,10631.0,0.0,5768.0,0.0,16475.0,0.0,0.0,0.0,80515.0,0.0,True,80515.0,0.0,True
RS,2002,TJ_GCV,80976.0,40939.0,10692.0,29345.0,0.0,0.0,80976.0,32222.0,8717.0,0.0,0.0,0.0,10692.0,0.0,5801.0,0.0,23544.0,0.0,0.0,0.0,80976.0,0.0,True,80976.0,0.0,True
RS,2003,TJ_GCV,84678.0,42811.0,11181.0,30686.0,0.0,0.0,84678.0,33695.0,9116.0,0.0,0.0,0.0,11181.0,0.0,6066.0,0.0,24620.0,0.0,0.0,0.0,84678.0,0.0,True,84678.0,0.0,True
RS,2004,TJ_GCV,107543.0,54371.0,14200.0,38972.0,0.0,0.0,107543.0,42793.0,11578.0,0.0,0.0,0.0,14200.0,0.0,7704.0,0.0,31268.0,0.0,0.0,0.0,107543.0,0.0,True,107543.0,0.0,True
RS,2005,TJ_GCV,90571.0,45528.0,12059.0,32984.0,0.0,0.0,90571.0,35833.0,9695.0,0.0,0.0,0.0,12059.0,0.0,0.0,5532.0,27452.0,0.0,0.0,0.0,90571.0,0.0,True,90571.0,0.0,True
RS,2006,TJ_GCV,92652.0,46843.0,18224.0,27585.0,0.0,0.0,92652.0,36868.0,9975.0,0.0,0.0,0.0,18224.0,0.0,0.0,4687.0,22898.0,0.0,0.0,0.0,92652.0,0.0,True,92652.0,0.0,True
RS,2007,TJ_GCV,93559.0,59791.0,1842.0,31216.0,182.0,528.0,93559.0,42805.0,3798.0,0.0,13174.0,14.0,1842.0,0.0,537.0,7745.0,22934.0,0.0,182.0,528.0,93559.0,0.0,True,93559.0,0.0,True
RS,2008,TJ_GCV,93124.0,59929.0,6141.0,23518.0,2075.0,1461.0,93124.0,46633.0,8508.0,4086.0,494.0,208.0,6141.0,0.0,792.0,4612.0,18114.0,0.0,2075.0,1461.0,93124.0,0.0,True,93124.0,0.0,True
RS,2009,TJ_GCV,64897.0,37352.0,3663.0,21732.0,1952.0,198.0,64897.0,22950.0,9257.0,4446.0,538.0,161.0,3663.0,0.0,1243.0,3330.0,17159.0,0.0,1952.0,198.0,64897.0,0.0,True,64897.0,0.0,True
RS,2010,TJ_GCV,86219.0,43319.0,10055.0,29837.0,2232.0,776.0,86219.0,28404.0,10017.0,4029.0,679.0,190.0,10055.0,0.0,3644.0,5202.0,20991.0,0.0,2232.0,776.0,86219.0,0.0,True,86219.0,0.0,True
RS,2011,TJ_GCV,88509.0,42268.0,10503.0,33516.0,2009.0,213.0,88509.0,27504.0,9877.0,4082.0,646.0,159.0,10503.0,0.0,2054.0,8244.0,23218.0,0.0,2009.0,213.0,88509.0,0.0,True,88509.0,0.0,True
RS,2012,TJ_GCV,78054.0,42744.0,796.0,30603.0,3472.0,439.0,78054.0,28169.0,9047.0,4597.0,766.0,165.0,796.0,0.0,0.0,8588.0,22015.0,0.0,3472.0,439.0,78054.0,0.0,True,78054.0,0.0,True
RS,2013,TJ_GCV,86832.0,46619.0,0.0,33684.0,5924.0,605.0,86832.0,33059.0,8095.0,4502.0,724.0,239.0,0.0,0.0,0.0,8033.0,20674.0,4977.0,5924.0,605.0,86832.0,0.0,True,86832.0,0.0,True
RS,2014,TJ_GCV,74848.0,31431.0,4232.0,31712.0,6799.0,674.0,74848.0,18078.0,6631.0,5295.0,1193.0,234.0,4232.0,0.0,0.0,7087.0,19754.0,4871.0,6799.0,674.0,74848.0,0.0,True,74848.0,0.0,True
RS,2015,TJ_GCV,81426.0,34606.0,5840.0,32788.0,7768.0,424.0,81426.0,20239.0,7031.0,6312.0,767.0,257.0,5840.0,0.0,0.0,4997.0,22729.0,5062.0,7768.0,424.0,81426.0,0.0,True,81426.0,0.0,True
RS,2016,TJ_GCV,87986.0,36776.0,10819.0,32852.0,6704.0,835.0,87986.0,20376.0,7804.0,7282.0,1073.0,241.0,10819.0,0.0,0.0,5331.0,22742.0,4779.0,6704.0,835.0,87986.0,0.0,True,87986.0,0.0,True
RS,2017,TJ_GCV,98491.344,43878.397,11086.856,34670.312,7518.378,1337.401,98491.344,25211.933,8890.488,8687.09,835.815,253.071,11086.856,0.0,0.0,7478.244,22627.457,4564.611,7518.378,1337.401,98491.344,0.0,True,98491.344,0.0,True
RS,2018,TJ_GCV,99174.584,48285.111,7311.572,34908.221,7310.053,1359.627,99174.584,28617.946,9037.581,9265.352,870.499,493.733,7311.572,0.0,0.0,8112.884,21619.749,5175.588,7310.053,1359.627,99174.584,0.0,True,99174.584,0.0,True
RS,2019,TJ_GCV,92725.683,42576.815,6287.811,35303.059,7796.044,761.954,92725.683,23046.606,9451.822,8670.051,907.084,501.252,6287.811,0.0,0.0,10140.429,19966.656,5195.974,7796.044,761.954,92725.683,0.0,True,92725.683,0.0,True
RS,2020,TJ_GCV,92549.622,39351.013,6971.082,37286.737,8406.867,533.923,92549.622,17434.595,11223.059,8899.378,772.77,1021.211,6971.082,0.0,0.0,8792.683,23008.564,5485.49,8406.867,533.923,92549.622,0.0,True,92549.622,0.0,True
RS,2021,TJ_GCV,111393.48,50800.177,4943.403,45940.726,8926.477,782.697,111393.48,22047.991,13766.993,12932.251,954.091,1098.851,4943.403,0.0,0.0,15236.192,24355.913,6348.621,8926.477,782.697,111393.48,0.0,True,111393.48,0.0,True
RS,2022,TJ_GCV,107707.356,52708.432,0.0,46487.747,8011.185,499.992,107707.356,23183.365,13975.687,13489.252,940.608,1119.52,0.0,0.0,0.0,18920.302,20628.367,6939.078,8011.185,499.992,107707.356,0.0,True,107707.356,0.0,True
RS,2023,TJ_GCV,104849.825,49499.097,0.0,48054.793,6413.261,882.674,104849.825,22793.721,13522.775,11278.881,804.499,1099.221,0.0,0.0,0.0,21554.291,20094.051,6406.451,6413.261,882.674,104849.825,0.0,True,104849.825,0.0,True
RS,2024,TJ_GCV,106029.169,52037.454,0.0,46002.274,6560.175,1429.266,106029.169,23034.901,14932.89,11954.454,707.428,1407.781,0.0,0.0,0.0,18810.231,21652.166,5539.877,6560.175,1429.266,106029.169,0.0,True,106029.169,0.0,True
SE,1990,TJ_GCV,25190.0,15558.0,0.0,9595.0,37.0,0.0,25190.0,11762.0,1584.0,1582.0,630.0,0.0,0.0,0.0,0.0,6066.0,3214.0,315.0,37.0,0.0,25190.0,0.0,True,25190.0,0.0,True
SE,1991,TJ_GCV,26123.0,14497.0,0.0,11581.0,45.0,0.0,26123.0,9946.0,2163.0,1691.0,697.0,0.0,0.0,0.0,0.0,8723.0,2734.0,124.0,45.0,0.0,26123.0,0.0,True,26123.0,0.0,True
SE,1992,TJ_GCV,29599.0,13935.0,0.0,15609.0,55.0,0.0,29599.0,9228.0,2265.0,1722.0,720.0,0.0,0.0,0.0,0.0,13426.0,2180.0,3.0,55.0,0.0,29599.0,0.0,True,29599.0,0.0,True
SE,1993,TJ_GCV,32929.0,16175.0,0.0,16694.0,60.0,0.0,32929.0,10651.0,2564.0,2084.0,719.0,157.0,0.0,0.0,0.0,13949.0,2602.0,143.0,60.0,0.0,32929.0,0.0,True,32929.0,0.0,True
SE,1994,TJ_GCV,33008.0,16273.0,0.0,16417.0,318.0,0.0,33008.0,11059.0,2941.0,1328.0,809.0,136.0,0.0,0.0,0.0,13757.0,2560.0,100.0,318.0,0.0,33008.0,0.0,True,33008.0,0.0,True
SE,1995,TJ_GCV,32582.0,17159.0,0.0,15395.0,28.0,0.0,32582.0,11675.0,2909.0,1456.0,1007.0,112.0,0.0,0.0,0.0,12648.0,2387.0,360.0,28.0,0.0,32582.0,0.0,True,32582.0,0.0,True
SE,1996,TJ_GCV,33383.0,18902.0,0.0,14406.0,75.0,0.0,33383.0,12542.0,2798.0,2336.0,1066.0,160.0,0.0,0.0,0.0,11451.0,2570.0,385.0,75.0,0.0,33383.0,0.0,True,33383.0,0.0,True
SE,1997,TJ_GCV,34994.0,18407.0,0.0,16506.0,81.0,0.0,34994.0,12236.0,2607.0,2323.0,875.0,366.0,0.0,0.0,0.0,11764.0,4395.0,347.0,81.0,0.0,34994.0,0.0,True,34994.0,0.0,True
SE,1998,TJ_GCV,36379.0,19856.0,0.0,16523.0,0.0,0.0,36379.0,13403.0,3627.0,1702.0,956.0,168.0,0.0,0.0,0.0,12520.0,3654.0,349.0,0.0,0.0,36379.0,0.0,True,36379.0,0.0,True
SE,1999,TJ_GCV,35825.0,20979.0,0.0,14843.0,3.0,0.0,35825.0,14275.0,4031.0,1551.0,992.0,130.0,0.0,0.0,0.0,10858.0,3654.0,331.0,3.0,0.0,35825.0,0.0,True,35825.0,0.0,True
SE,2000,TJ_GCV,32943.0,20623.0,0.0,12154.0,166.0,0.0,32943.0,14075.0,3526.0,1534.0,1016.0,472.0,0.0,0.0,0.0,9990.0,1876.0,288.0,166.0,0.0,32943.0,0.0,True,32943.0,0.0,True
SE,2001,TJ_GCV,37067.0,22902.0,0.0,14088.0,77.0,0.0,37067.0,15831.0,4215.0,1414.0,963.0,479.0,0.0,0.0,0.0,9482.0,4297.0,309.0,77.0,0.0,37067.0,0.0,True,37067.0,0.0,True
SE,2002,TJ_GCV,37345.0,21359.0,0.0,15803.0,183.0,0.0,37345.0,14703.0,2194.0,2912.0,990.0,560.0,0.0,0.0,0.0,12204.0,3294.0,305.0,183.0,0.0,37345.0,0.0,True,37345.0,0.0,True
SE,2003,TJ_GCV,38945.0,23117.0,0.0,15669.0,159.0,0.0,38945.0,15448.0,1814.0,4012.0,1030.0,813.0,0.0,0.0,0.0,13077.0,2330.0,262.0,159.0,0.0,38945.0,0.0,True,38945.0,0.0,True
SE,2004,TJ_GCV,37367.0,24150.0,0.0,13029.0,188.0,0.0,37367.0,16414.0,1985.0,4001.0,1033.0,717.0,0.0,0.0,0.0,11434.0,1374.0,221.0,188.0,0.0,37367.0,0.0,True,37367.0,0.0,True
SE,2005,TJ_GCV,34488.0,23692.0,0.0,10733.0,63.0,0.0,34488.0,15743.0,2127.0,4077.0,1030.0,715.0,0.0,0.0,0.0,9193.0,1321.0,219.0,63.0,0.0,34488.0,0.0,True,34488.0,0.0,True
SE,2006,TJ_GCV,34932.0,24323.0,0.0,10428.0,181.0,0.0,34932.0,16540.0,1525.0,4156.0,1051.0,1051.0,0.0,0.0,0.0,9145.0,1063.0,220.0,181.0,0.0,34932.0,0.0,True,34932.0,0.0,True
SE,2007,TJ_GCV,38734.0,25194.0,0.0,13515.0,25.0,0.0,38734.0,16752.0,1889.0,4383.0,1085.0,1085.0,0.0,0.0,0.0,12973.0,315.0,227.0,25.0,0.0,38734.0,0.0,True,38734.0,0.0,True
SE,2008,TJ_GCV,33064.0,22190.0,0.0,10270.0,604.0,0.0,33064.0,13482.0,1949.0,4521.0,1119.0,1119.0,0.0,0.0,0.0,9748.0,288.0,234.0,604.0,0.0,33064.0,0.0,True,33064.0,0.0,True
SE,2009,TJ_GCV,51589.0,21005.0,4880.0,25615.0,89.0,0.0,51589.0,13461.0,3074.0,2383.0,1120.0,967.0,4880.0,0.0,0.0,24910.0,526.0,179.0,89.0,0.0,51589.0,0.0,True,51589.0,0.0,True
SE,2010,TJ_GCV,64986.0,25923.0,4991.0,33983.0,89.0,0.0,64986.0,15013.0,3538.0,4776.0,1120.0,1476.0,4991.0,0.0,0.0,32541.0,1263.0,179.0,89.0,0.0,64986.0,0.0,True,64986.0,0.0,True
SE,2011,TJ_GCV,53948.0,26363.0,4498.0,22509.0,578.0,0.0,53948.0,15637.0,3232.0,4383.0,1120.0,1991.0,4498.0,0.0,0.0,21808.0,701.0,0.0,578.0,0.0,53948.0,0.0,True,53948.0,0.0,True
SE,2012,TJ_GCV,48351.0,27652.0,4457.0,15738.0,504.0,0.0,48351.0,16312.0,2099.0,5657.0,1120.0,2464.0,4457.0,0.0,0.0,14942.0,796.0,0.0,504.0,0.0,48351.0,0.0,True,48351.0,0.0,True
SE,2013,TJ_GCV,44028.0,23091.0,4368.0,15581.0,988.0,0.0,44028.0,13042.0,1554.0,4924.0,1120.0,2451.0,4368.0,0.0,0.0,14963.0,503.0,115.0,988.0,0.0,44028.0,0.0,True,44028.0,0.0,True
SE,2014,TJ_GCV,38137.0,24593.0,4232.0,8414.0,898.0,0.0,38137.0,15820.0,1355.0,4678.0,385.0,2355.0,4232.0,0.0,0.0,7695.0,375.0,344.0,898.0,0.0,38137.0,0.0,True,38137.0,0.0,True
SE,2015,TJ_GCV,40001.0,26443.0,4556.0,8807.0,195.0,0.0,40001.0,18768.0,1273.0,4419.0,381.0,1602.0,4556.0,0.0,0.0,8082.0,400.0,325.0,195.0,0.0,40001.0,0.0,True,40001.0,0.0,True
SE,2016,TJ_GCV,38237.0,21424.0,4444.0,12085.0,284.0,0.0,38237.0,13481.0,1406.0,4455.0,386.0,1696.0,4444.0,0.0,0.0,11451.0,313.0,321.0,284.0,0.0,38237.0,0.0,True,38237.0,0.0,True
SE,2017,TJ_GCV,44936.374,22920.374,15861.0,5291.0,864.0,0.0,44936.374,16669.467,1680.0,3478.0,234.907,858.0,15861.0,0.0,0.0,4724.0,254.0,313.0,864.0,0.0,44936.374,0.0,True,44936.374,0.0,True
SE,2018,TJ_GCV,46568.649,21629.649,16059.0,7301.0,1579.0,0.0,46568.649,15716.928,1521.0,3629.0,231.721,531.0,16059.0,0.0,0.0,6769.0,228.0,304.0,1579.0,0.0,46568.649,0.0,True,46568.649,0.0,True
SE,2019,TJ_GCV,44546.576,22107.507,15758.194,5365.405,1315.47,0.0,44546.576,15791.038,925.932,4729.064,260.968,400.505,15758.194,0.0,0.0,4968.0,111.0,286.405,1315.47,0.0,44546.576,0.0,True,44546.576,0.0,True
SE,2020,TJ_GCV,42372.794,21914.864,17431.7,1772.0,1254.23,0.0,42372.794,16055.934,884.663,4429.703,143.804,400.76,17431.7,0.0,0.0,1484.0,288.0,0.0,1254.23,0.0,42372.794,0.0,True,42372.794,0.0,True
SE,2021,TJ_GCV,47378.758,21328.363,16659.938,5681.0,3709.457,0.0,47378.758,14998.747,1388.224,4341.162,152.956,447.274,16659.938,0.0,0.0,4898.0,783.0,0.0,3709.457,0.0,47378.758,0.0,True,47378.758,0.0,True
SE,2022,TJ_GCV,33970.614,17913.119,7781.719,5404.0,2871.776,0.0,33970.614,12247.431,1179.688,4030.528,152.956,302.516,7781.719,0.0,0.0,2321.0,659.0,2424.0,2871.776,0.0,33970.614,0.0,True,33970.614,0.0,True
SE,2023,TJ_GCV,34604.959,14531.425,8100.989,7659.0,4313.545,0.0,34604.959,9214.885,1080.376,3508.684,60.46,667.02,8100.989,0.0,0.0,2483.0,1875.0,3301.0,4313.545,0.0,34604.959,0.0,True,34604.959,0.0,True
SE,2024,TJ_GCV,40134.273,15242.888,11772.519,8528.435,4590.431,0.0,40134.273,9585.743,988.608,3715.328,60.46,892.749,11772.519,0.0,0.0,1638.902,1646.533,5243.0,4590.431,0.0,40134.273,0.0,True,40134.273,0.0,True
SI,1990,TJ_GCV,35687.0,33240.0,0.0,2447.0,0.0,0.0,35687.0,26408.0,1254.0,5172.0,406.0,0.0,0.0,0.0,0.0,937.0,1510.0,0.0,0.0,0.0,35687.0,0.0,True,35687.0,0.0,True
SI,1991,TJ_GCV,33928.0,30970.0,112.0,2846.0,0.0,0.0,33928.0,23220.0,1611.0,5796.0,343.0,0.0,112.0,0.0,0.0,996.0,1850.0,0.0,0.0,0.0,33928.0,0.0,True,33928.0,0.0,True
SI,1992,TJ_GCV,28647.0,26037.0,323.0,2287.0,0.0,0.0,28647.0,18463.0,1820.0,5754.0,0.0,0.0,323.0,0.0,0.0,480.0,1774.0,33.0,0.0,0.0,28647.0,0.0,True,28647.0,0.0,True
SI,1993,TJ_GCV,28453.0,25777.0,286.0,2390.0,0.0,0.0,28453.0,18229.0,1896.0,5652.0,0.0,0.0,286.0,0.0,0.0,485.0,1892.0,13.0,0.0,0.0,28453.0,0.0,True,28453.0,0.0,True
SI,1994,TJ_GCV,30983.0,25758.0,2244.0,2943.0,38.0,0.0,30983.0,20300.0,1704.0,3754.0,0.0,0.0,2244.0,0.0,7.0,423.0,2513.0,0.0,38.0,0.0,30983.0,0.0,True,30983.0,0.0,True
SI,1995,TJ_GCV,34388.0,26771.0,3988.0,3559.0,70.0,0.0,34388.0,19235.0,2541.0,4995.0,0.0,0.0,3988.0,0.0,58.0,505.0,2996.0,0.0,70.0,0.0,34388.0,0.0,True,34388.0,0.0,True
SI,1996,TJ_GCV,34938.0,27846.0,3071.0,3969.0,52.0,0.0,34938.0,22125.0,2117.0,3604.0,0.0,0.0,3071.0,0.0,89.0,558.0,3322.0,0.0,52.0,0.0,34938.0,0.0,True,34938.0,0.0,True
SI,1997,TJ_GCV,37140.0,28377.0,4943.0,3776.0,44.0,0.0,37140.0,23491.0,2117.0,2769.0,0.0,0.0,4943.0,0.0,109.0,423.0,3244.0,0.0,44.0,0.0,37140.0,0.0,True,37140.0,0.0,True
SI,1998,TJ_GCV,38047.0,29128.0,4890.0,4013.0,16.0,0.0,38047.0,23418.0,2318.0,3392.0,0.0,0.0,4890.0,0.0,179.0,1505.0,2329.0,0.0,16.0,0.0,38047.0,0.0,True,38047.0,0.0,True
SI,1999,TJ_GCV,39716.0,29685.0,5719.0,4293.0,19.0,0.0,39716.0,22065.0,3149.0,4471.0,0.0,0.0,5719.0,0.0,128.0,1807.0,2358.0,0.0,19.0,0.0,39716.0,0.0,True,39716.0,0.0,True
SI,2000,TJ_GCV,38077.0,26464.0,5452.0,5880.0,281.0,0.0,38077.0,22867.0,2726.0,871.0,0.0,0.0,5452.0,0.0,53.0,2689.0,3138.0,0.0,281.0,0.0,38077.0,0.0,True,38077.0,0.0,True
SI,2001,TJ_GCV,39212.0,27904.0,5300.0,5768.0,240.0,0.0,39212.0,21288.0,2878.0,3738.0,0.0,0.0,5300.0,0.0,460.0,2364.0,2944.0,0.0,240.0,0.0,39212.0,0.0,True,39212.0,0.0,True
SI,2002,TJ_GCV,38150.0,27449.0,4543.0,5918.0,240.0,0.0,38150.0,20032.0,3180.0,4237.0,0.0,0.0,4543.0,0.0,353.0,2396.0,3169.0,0.0,240.0,0.0,38150.0,0.0,True,38150.0,0.0,True
SI,2003,TJ_GCV,42200.0,29438.0,5729.0,6834.0,199.0,0.0,42200.0,23214.0,4013.0,2211.0,0.0,0.0,5729.0,0.0,1262.0,2224.0,3348.0,0.0,199.0,0.0,42200.0,0.0,True,42200.0,0.0,True
SI,2004,TJ_GCV,41778.0,30978.0,4762.0,5837.0,201.0,0.0,41778.0,23759.0,4560.0,2659.0,0.0,0.0,4762.0,0.0,520.0,2382.0,2935.0,0.0,201.0,0.0,41778.0,0.0,True,41778.0,0.0,True
SI,2005,TJ_GCV,43210.0,30926.0,5869.0,6255.0,160.0,0.0,43210.0,25158.0,4581.0,1187.0,0.0,0.0,5869.0,0.0,409.0,2296.0,3550.0,0.0,160.0,0.0,43210.0,0.0,True,43210.0,0.0,True
SI,2006,TJ_GCV,41833.0,30574.0,5260.0,5839.0,160.0,0.0,41833.0,25584.0,4346.0,644.0,0.0,0.0,5260.0,0.0,171.0,2936.0,2732.0,0.0,160.0,0.0,41833.0,0.0,True,41833.0,0.0,True
SI,2007,TJ_GCV,42528.0,30017.0,6080.0,6294.0,137.0,0.0,42528.0,25510.0,3968.0,539.0,0.0,0.0,6080.0,0.0,886.0,3278.0,2130.0,0.0,137.0,0.0,42528.0,0.0,True,42528.0,0.0,True
SI,2008,TJ_GCV,40877.0,29780.0,4473.0,6475.0,149.0,0.0,40877.0,24475.0,4758.0,547.0,0.0,0.0,4473.0,0.0,200.0,4240.0,2035.0,0.0,149.0,0.0,40877.0,0.0,True,40877.0,0.0,True
SI,2009,TJ_GCV,38683.0,26666.0,4207.0,7667.0,143.0,0.0,38683.0,20888.0,4934.0,844.0,0.0,0.0,4207.0,0.0,61.0,5754.0,1852.0,0.0,143.0,0.0,38683.0,0.0,True,38683.0,0.0,True
SI,2010,TJ_GCV,40139.0,28859.0,3673.0,7296.0,311.0,0.0,40139.0,22470.0,5290.0,1099.0,0.0,0.0,3673.0,0.0,66.0,5147.0,2083.0,0.0,311.0,0.0,40139.0,0.0,True,40139.0,0.0,True
SI,2011,TJ_GCV,34314.0,26893.0,233.0,7081.0,107.0,0.0,34314.0,19791.0,5268.0,1834.0,0.0,0.0,233.0,0.0,94.0,4695.0,2292.0,0.0,107.0,0.0,34314.0,0.0,True,34314.0,0.0,True
SI,2012,TJ_GCV,33033.0,25460.0,201.0,7266.0,106.0,0.0,33033.0,19362.0,5452.0,614.0,0.0,32.0,201.0,0.0,113.0,5045.0,2108.0,0.0,106.0,0.0,33033.0,0.0,True,33033.0,0.0,True
SI,2013,TJ_GCV,32185.0,25150.0,200.0,6687.0,148.0,0.0,32185.0,18310.0,5322.0,1481.0,0.0,37.0,200.0,0.0,63.0,4761.0,1863.0,0.0,148.0,0.0,32185.0,0.0,True,32185.0,0.0,True
SI,2014,TJ_GCV,29122.0,24100.0,208.0,4673.0,141.0,0.0,29122.0,18218.0,4120.0,1708.0,0.0,54.0,208.0,0.0,83.0,3070.0,1520.0,0.0,141.0,0.0,29122.0,0.0,True,29122.0,0.0,True
SI,2015,TJ_GCV,30904.0,25956.0,234.0,4573.0,141.0,0.0,30904.0,18712.0,4814.0,2332.0,0.0,98.0,234.0,0.0,110.0,3478.0,985.0,0.0,141.0,0.0,30904.0,0.0,True,30904.0,0.0,True
SI,2016,TJ_GCV,32799.0,27837.0,254.0,4685.0,23.0,0.0,32799.0,19328.0,5348.0,3030.0,0.0,131.0,254.0,0.0,68.0,3570.0,1047.0,0.0,23.0,0.0,32799.0,0.0,True,32799.0,0.0,True
SI,2017,TJ_GCV,34361.275,28392.323,251.737,5679.943,37.272,0.0,34361.275,20407.847,5538.326,2294.131,0.0,152.019,251.737,0.0,139.446,4159.93,1380.567,0.0,37.272,0.0,34361.275,0.0,True,34361.275,0.0,True
SI,2018,TJ_GCV,33713.54,27799.049,264.76,5610.988,38.743,0.0,33713.54,21260.368,5161.106,1222.226,0.0,155.349,264.76,0.0,108.001,4192.029,1310.958,0.0,38.743,0.0,33713.54,0.0,True,33713.54,0.0,True
SI,2019,TJ_GCV,34220.45,27527.8,262.824,6388.054,41.772,0.0,34220.45,21024.585,4919.89,1377.723,0.076,205.526,262.824,0.0,280.191,4642.004,1465.859,0.0,41.772,0.0,34220.45,0.0,True,34220.45,0.0,True
SI,2020,TJ_GCV,34217.194,26937.09,247.052,6998.586,34.466,0.0,34217.194,20783.238,4912.702,1078.936,-0.0,162.214,247.052,0.0,556.481,4884.859,1557.246,0.0,34.466,0.0,34217.194,0.0,True,34217.194,0.0,True
SI,2021,TJ_GCV,36061.107,28684.998,271.282,7078.316,26.511,0.0,36061.107,22206.891,5231.206,1034.662,0.0,212.239,271.282,0.0,323.399,4596.229,2158.688,0.0,26.511,0.0,36061.107,0.0,True,36061.107,0.0,True
SI,2022,TJ_GCV,32057.026,25819.508,245.072,5962.906,29.54,0.0,32057.026,18694.773,4663.79,2236.362,0.0,224.583,245.072,0.0,91.505,4410.623,1460.778,0.0,29.54,0.0,32057.026,0.0,True,32057.026,0.0,True
SI,2023,TJ_GCV,31322.421,24326.953,204.25,6772.281,18.937,0.0,31322.421,17731.125,3911.837,2455.957,0.0,228.034,204.25,0.0,48.217,4451.094,2272.97,0.0,18.937,0.0,31322.421,0.0,True,31322.421,0.0,True
SI,2024,TJ_GCV,33222.016,25510.308,229.156,7466.457,16.095,0.0,33222.016,18528.289,3573.936,2467.467,710.4,230.216,229.156,0.0,439.871,3986.824,3039.762,0.0,16.095,0.0,33222.016,0.0,True,33222.016,0.0,True
SK,1990,TJ_GCV,236692.0,182104.0,0.0,47485.0,5259.0,1844.0,236692.0,62027.0,50753.0,61740.0,7584.0,0.0,0.0,0.0,11454.0,25758.0,7768.0,2505.0,5259.0,1844.0,236692.0,0.0,True,236692.0,0.0,True
SK,1991,TJ_GCV,210516.0,152171.0,0.0,43288.0,5935.0,9122.0,210516.0,54832.0,39792.0,50803.0,6744.0,0.0,0.0,0.0,10070.0,23315.0,7330.0,2573.0,5935.0,9122.0,210516.0,0.0,True,210516.0,0.0,True
SK,1992,TJ_GCV,231554.0,169387.0,0.0,48228.0,5161.0,8778.0,231554.0,62112.0,39750.0,60365.0,7160.0,0.0,0.0,0.0,12156.0,25159.0,8406.0,2507.0,5161.0,8778.0,231554.0,0.0,True,231554.0,0.0,True
SK,1993,TJ_GCV,229306.0,161445.0,0.0,52054.0,5100.0,10707.0,229306.0,55471.0,39005.0,60623.0,6346.0,0.0,0.0,0.0,12163.0,28720.0,8518.0,2653.0,5100.0,10707.0,229306.0,0.0,True,229306.0,0.0,True
SK,1994,TJ_GCV,218935.0,150765.0,0.0,59180.0,4382.0,4608.0,218935.0,50519.0,41821.0,55774.0,2651.0,0.0,0.0,0.0,14900.0,31572.0,10203.0,2505.0,4382.0,4608.0,218935.0,0.0,True,218935.0,0.0,True
SK,1995,TJ_GCV,242704.0,164626.0,0.0,66249.0,5424.0,6405.0,242704.0,50693.0,47486.0,64029.0,2418.0,0.0,0.0,0.0,15811.0,34819.0,12944.0,2675.0,5424.0,6405.0,242704.0,0.0,True,242704.0,0.0,True
SK,1996,TJ_GCV,255785.0,178786.0,0.0,65230.0,5405.0,6364.0,255785.0,60289.0,57001.0,59222.0,2274.0,0.0,0.0,0.0,14641.0,33467.0,14923.0,2199.0,5405.0,6364.0,255785.0,0.0,True,255785.0,0.0,True
SK,1997,TJ_GCV,259562.0,176706.0,0.0,73336.0,5417.0,4103.0,259562.0,51864.0,63256.0,59246.0,2340.0,0.0,0.0,0.0,15264.0,37041.0,18556.0,2475.0,5417.0,4103.0,259562.0,0.0,True,259562.0,0.0,True
SK,1998,TJ_GCV,263747.0,184960.0,0.0,67712.0,5705.0,5370.0,263747.0,50239.0,67521.0,64501.0,2699.0,0.0,0.0,0.0,14411.0,30651.0,20518.0,2132.0,5705.0,5370.0,263747.0,0.0,True,263747.0,0.0,True
SK,1999,TJ_GCV,266939.0,189601.0,0.0,71580.0,5488.0,270.0,266939.0,50886.0,72596.0,63963.0,2156.0,0.0,0.0,0.0,11904.0,34891.0,22083.0,2702.0,5488.0,270.0,266939.0,0.0,True,266939.0,0.0,True
SK,2000,TJ_GCV,268719.0,193863.0,0.0,66178.0,5633.0,3045.0,268719.0,51968.0,76396.0,63271.0,2228.0,0.0,0.0,0.0,9563.0,29340.0,22771.0,4504.0,5633.0,3045.0,268719.0,0.0,True,268719.0,0.0,True
SK,2001,TJ_GCV,286952.0,185779.0,16414.0,77715.0,6104.0,940.0,286952.0,49337.0,77075.0,31595.0,2011.0,25761.0,16414.0,0.0,3823.0,39966.0,28619.0,5307.0,6104.0,940.0,286952.0,0.0,True,286952.0,0.0,True
SK,2002,TJ_GCV,272949.0,176044.0,16113.0,68306.0,8750.0,3736.0,272949.0,58110.0,74580.0,20873.0,1337.0,21144.0,16113.0,0.0,1.0,36323.0,26807.0,5175.0,8750.0,3736.0,272949.0,0.0,True,272949.0,0.0,True
SK,2003,TJ_GCV,263708.0,166670.0,14441.0,68404.0,8710.0,5483.0,263708.0,46750.0,74864.0,21887.0,1447.0,21722.0,14441.0,0.0,0.0,34626.0,28988.0,4790.0,8710.0,5483.0,263708.0,0.0,True,263708.0,0.0,True
SK,2004,TJ_GCV,255786.0,153599.0,16595.0,70610.0,9194.0,5788.0,255786.0,39766.0,69196.0,15082.0,1594.0,27961.0,16595.0,0.0,0.0,33416.0,31293.0,5901.0,9194.0,5788.0,255786.0,0.0,True,255786.0,0.0,True
SK,2005,TJ_GCV,274595.0,182706.0,17930.0,65814.0,8065.0,80.0,274595.0,45084.0,65943.0,41894.0,1856.0,27929.0,17930.0,0.0,0.0,29657.0,29451.0,6706.0,8065.0,80.0,274595.0,0.0,True,274595.0,0.0,True
SK,2006,TJ_GCV,250179.0,171136.0,14931.0,56275.0,7763.0,74.0,250179.0,44377.0,59698.0,46342.0,1403.0,19316.0,14931.0,0.0,0.0,23441.0,25888.0,6946.0,7763.0,74.0,250179.0,0.0,True,250179.0,0.0,True
SK,2007,TJ_GCV,236756.0,162684.0,15216.0,50135.0,8713.0,8.0,236756.0,45469.0,51649.0,42970.0,1264.0,21332.0,15216.0,0.0,0.0,20152.0,22306.0,7677.0,8713.0,8.0,236756.0,0.0,True,236756.0,0.0,True
SK,2008,TJ_GCV,240337.0,168066.0,13561.0,48442.0,5810.0,4458.0,240337.0,44024.0,54996.0,42231.0,1397.0,25418.0,13561.0,0.0,0.0,19397.0,20531.0,8514.0,5810.0,4458.0,240337.0,0.0,True,240337.0,0.0,True
SK,2009,TJ_GCV,205820.0,138460.0,12265.0,48176.0,6919.0,0.0,205820.0,35136.0,56098.0,26650.0,1265.0,19311.0,12265.0,0.0,3527.0,18540.0,18513.0,7596.0,6919.0,0.0,205820.0,0.0,True,205820.0,0.0,True
SK,2010,TJ_GCV,232899.0,162437.0,9776.0,53040.0,7646.0,0.0,232899.0,41316.0,61973.0,39215.0,1489.0,18444.0,9776.0,0.0,6721.0,19322.0,19398.0,7599.0,7646.0,0.0,232899.0,0.0,True,232899.0,0.0,True
SK,2011,TJ_GCV,215716.0,136449.0,17816.0,54873.0,6578.0,0.0,215716.0,43167.0,54556.0,16598.0,1797.0,20331.0,17816.0,0.0,10098.0,20386.0,16010.0,8379.0,6578.0,0.0,215716.0,0.0,True,215716.0,0.0,True
SK,2012,TJ_GCV,203075.0,131256.0,14881.0,50372.0,6566.0,0.0,203075.0,40026.0,50419.0,29970.0,1487.0,9354.0,14881.0,0.0,7109.0,21044.0,15266.0,6953.0,6566.0,0.0,203075.0,0.0,True,203075.0,0.0,True
SK,2013,TJ_GCV,212040.0,139388.0,18174.0,47747.0,6731.0,0.0,212040.0,38969.0,53251.0,35911.0,1546.0,9711.0,18174.0,0.0,4205.0,22249.0,12875.0,8418.0,6731.0,0.0,212040.0,0.0,True,212040.0,0.0,True
SK,2014,TJ_GCV,175489.0,114854.0,13351.0,38101.0,5747.0,3436.0,175489.0,38093.0,48244.0,22953.0,1279.0,4285.0,13351.0,0.0,3530.0,15475.0,10763.0,8333.0,5747.0,3436.0,175489.0,0.0,True,175489.0,0.0,True
SK,2015,TJ_GCV,180472.0,115382.0,17955.0,39643.0,3855.0,3637.0,180472.0,36689.0,48871.0,24474.0,1056.0,4292.0,17955.0,0.0,3476.0,15903.0,12003.0,8261.0,3855.0,3637.0,180472.0,0.0,True,180472.0,0.0,True
SK,2016,TJ_GCV,181211.0,119075.0,15928.0,37723.0,4812.0,3673.0,181211.0,36863.0,49681.0,24788.0,1152.0,6591.0,15928.0,0.0,3325.0,15630.0,11047.0,7721.0,4812.0,3673.0,181211.0,0.0,True,181211.0,0.0,True
SK,2017,TJ_GCV,192439.0,127909.0,17922.0,38429.0,4321.0,3858.0,192439.0,39769.0,53499.0,26584.0,1050.0,7007.0,17922.0,0.0,2528.0,17778.0,10026.0,8097.0,4321.0,3858.0,192439.0,0.0,True,192439.0,0.0,True
SK,2018,TJ_GCV,189665.0,123193.0,20988.0,37268.0,4457.0,3759.0,189665.0,41288.0,52050.0,22771.0,891.0,6193.0,20988.0,0.0,4191.0,16973.0,8887.0,7217.0,4457.0,3759.0,189665.0,0.0,True,189665.0,0.0,True
SK,2019,TJ_GCV,190089.0,119317.0,16874.0,45973.0,4105.0,3820.0,190089.0,39038.0,52102.0,18567.0,1018.0,8592.0,16874.0,0.0,12147.0,18108.0,8581.0,7137.0,4105.0,3820.0,190089.0,0.0,True,190089.0,0.0,True
SK,2020,TJ_GCV,190183.0,112909.0,18063.0,52105.0,3150.0,3956.0,190183.0,38216.0,53190.0,16543.0,1106.0,3854.0,18063.0,0.0,14954.0,20884.0,9283.0,6984.0,3150.0,3956.0,190183.0,0.0,True,190183.0,0.0,True
SK,2021,TJ_GCV,211715.0,125652.0,18899.0,59877.0,2929.0,4358.0,211715.0,38684.0,57147.0,25631.0,1224.0,2966.0,18899.0,0.0,16807.0,25011.0,10311.0,7748.0,2929.0,4358.0,211715.0,0.0,True,211715.0,0.0,True
SK,2022,TJ_GCV,176010.0,113916.0,15131.0,39996.0,3284.0,3683.0,176010.0,35654.0,51530.0,24092.0,1466.0,1174.0,15131.0,0.0,3701.0,20255.0,8979.0,7061.0,3284.0,3683.0,176010.0,0.0,True,176010.0,0.0,True
SK,2023,TJ_GCV,166346.0,104755.0,13947.0,41337.0,3141.0,3166.0,166346.0,33793.0,48832.0,20009.0,1359.0,762.0,13947.0,0.0,9413.0,15900.0,8681.0,7343.0,3141.0,3166.0,166346.0,0.0,True,166346.0,0.0,True
SK,2024,TJ_GCV,172597.0,104925.0,16580.0,43859.0,3911.0,3322.0,172597.0,34954.0,46274.0,21635.0,1235.0,827.0,16580.0,0.0,10416.0,18597.0,8356.0,6490.0,3911.0,3322.0,172597.0,0.0,True,172597.0,0.0,True
TR,1990,TJ_GCV,132832.0,24868.0,8185.0,99005.0,755.0,19.0,132832.0,22978.0,1890.0,0.0,0.0,0.0,8185.0,0.0,98996.0,9.0,0.0,0.0,755.0,19.0,132832.0,0.0,True,132832.0,0.0,True
TR,1991,TJ_GCV,162278.0,32944.0,18284.0,110168.0,844.0,38.0,162278.0,25897.0,7047.0,0.0,0.0,0.0,18284.0,0.0,109507.0,661.0,0.0,0.0,844.0,38.0,162278.0,0.0,True,162278.0,0.0,True
TR,1992,TJ_GCV,177482.0,51598.0,24091.0,100171.0,1508.0,114.0,177482.0,36413.0,14266.0,0.0,0.0,919.0,24091.0,0.0,99120.0,1051.0,0.0,0.0,1508.0,114.0,177482.0,0.0,True,177482.0,0.0,True
TR,1993,TJ_GCV,197245.0,66868.0,29889.0,98949.0,850.0,689.0,197245.0,44731.0,20682.0,0.0,0.0,1455.0,29889.0,0.0,95727.0,3222.0,0.0,0.0,850.0,689.0,197245.0,0.0,True,197245.0,0.0,True
TR,1994,TJ_GCV,210306.0,72248.0,23056.0,112993.0,980.0,1029.0,210306.0,46408.0,24321.0,0.0,0.0,1519.0,23056.0,0.0,107604.0,5389.0,0.0,0.0,980.0,1029.0,210306.0,0.0,True,210306.0,0.0,True
TR,1995,TJ_GCV,269211.0,102122.0,27560.0,137881.0,920.0,728.0,269211.0,48427.0,52240.0,0.0,0.0,1455.0,27560.0,0.0,127923.0,9958.0,0.0,0.0,920.0,728.0,269211.0,0.0,True,269211.0,0.0,True
TR,1996,TJ_GCV,325010.0,129429.0,28527.0,164996.0,1227.0,831.0,325010.0,62319.0,65606.0,0.0,0.0,1504.0,28527.0,0.0,152888.0,12108.0,0.0,0.0,1227.0,831.0,325010.0,0.0,True,325010.0,0.0,True
TR,1997,TJ_GCV,388025.0,160244.0,29063.0,194527.0,3337.0,854.0,388025.0,73222.0,85400.0,0.0,0.0,1622.0,29063.0,0.0,170909.0,23618.0,0.0,0.0,3337.0,854.0,388025.0,0.0,True,388025.0,0.0,True
TR,1998,TJ_GCV,410935.0,169806.0,21579.0,214994.0,3654.0,902.0,410935.0,67637.0,100456.0,0.0,0.0,1713.0,21579.0,0.0,163572.0,51422.0,0.0,0.0,3654.0,902.0,410935.0,0.0,True,410935.0,0.0,True
TR,1999,TJ_GCV,487182.0,182577.0,5493.0,294576.0,3453.0,1083.0,487182.0,70704.0,110200.0,0.0,0.0,1673.0,5493.0,0.0,244563.0,50013.0,0.0,0.0,3453.0,1083.0,487182.0,0.0,True,487182.0,0.0,True
TR,2000,TJ_GCV,577933.0,224182.0,4275.0,344525.0,3751.0,1200.0,577933.0,77540.0,125374.0,19423.0,0.0,1845.0,4275.0,0.0,312911.0,31614.0,0.0,0.0,3751.0,1200.0,577933.0,0.0,True,577933.0,0.0,True
TR,2001,TJ_GCV,622065.0,240891.0,3608.0,373370.0,3416.0,780.0,622065.0,66606.0,139575.0,32680.0,0.0,2030.0,3608.0,0.0,343725.0,29645.0,0.0,0.0,3416.0,780.0,622065.0,0.0,True,622065.0,0.0,True
TR,2002,TJ_GCV,685492.0,259633.0,18754.0,402692.0,3608.0,805.0,685492.0,77769.0,145040.0,34545.0,0.0,2279.0,18754.0,0.0,366430.0,36262.0,0.0,0.0,3608.0,805.0,685492.0,0.0,True,685492.0,0.0,True
TR,2003,TJ_GCV,824368.0,338237.0,17791.0,463324.0,4195.0,821.0,824368.0,104831.0,173399.0,57493.0,0.0,2514.0,17791.0,0.0,431665.0,31659.0,0.0,0.0,4195.0,821.0,824368.0,0.0,True,824368.0,0.0,True
TR,2004,TJ_GCV,870362.0,373270.0,19994.0,471567.0,4666.0,865.0,870362.0,113872.0,181299.0,73222.0,0.0,4877.0,19994.0,0.0,428471.0,43096.0,0.0,0.0,4666.0,865.0,870362.0,0.0,True,870362.0,0.0,True
TR,2005,TJ_GCV,1060274.0,444877.0,22615.0,587146.0,4751.0,885.0,1060274.0,125998.0,222586.0,91368.0,0.0,4925.0,22615.0,0.0,519189.0,67957.0,0.0,0.0,4751.0,885.0,1060274.0,0.0,True,1060274.0,0.0,True
TR,2006,TJ_GCV,1208252.0,577919.0,6121.0,618392.0,4865.0,955.0,1208252.0,155326.0,287633.0,129568.0,0.0,5392.0,6121.0,0.0,540193.0,78199.0,0.0,0.0,4865.0,955.0,1208252.0,0.0,True,1208252.0,0.0,True
TR,2007,TJ_GCV,1415312.0,644514.0,9430.0,735515.0,24888.0,965.0,1415312.0,172942.0,321124.0,142676.0,0.0,7772.0,9430.0,0.0,648241.0,87274.0,0.0,0.0,24888.0,965.0,1415312.0,0.0,True,1415312.0,0.0,True
TR,2008,TJ_GCV,1404552.0,603565.0,12204.0,765584.0,20587.0,2612.0,1404552.0,148646.0,303584.0,142817.0,0.0,8518.0,12204.0,0.0,675287.0,90297.0,0.0,0.0,20587.0,2612.0,1404552.0,0.0,True,1404552.0,0.0,True
TR,2009,TJ_GCV,1345192.0,515134.0,8230.0,761660.0,60068.0,100.0,1345192.0,204188.0,204576.0,96294.0,1344.0,8732.0,8230.0,0.0,673442.0,88218.0,0.0,0.0,60068.0,100.0,1345192.0,0.0,True,1345192.0,0.0,True
TR,2010,TJ_GCV,1460495.0,602038.0,9116.0,793194.0,55997.0,150.0,1460495.0,293573.0,225564.0,71727.0,1026.0,10148.0,9116.0,0.0,692505.0,100689.0,0.0,0.0,55997.0,150.0,1460495.0,0.0,True,1460495.0,0.0,True
TR,2011,TJ_GCV,1711403.0,810311.0,11733.0,826120.0,63073.0,166.0,1711403.0,366536.0,336218.0,94947.0,2420.0,10190.0,11733.0,0.0,721131.0,104989.0,0.0,0.0,63073.0,166.0,1711403.0,0.0,True,1711403.0,0.0,True
TR,2012,TJ_GCV,1733423.0,830694.0,12265.0,832166.0,58111.0,187.0,1733423.0,372008.0,338895.0,104286.0,6239.0,9266.0,12265.0,0.0,735635.0,96531.0,0.0,0.0,58111.0,187.0,1733423.0,0.0,True,1733423.0,0.0,True
TR,2013,TJ_GCV,1758659.0,878107.0,11821.0,816124.0,52370.0,237.0,1758659.0,379443.0,365359.0,116155.0,2933.0,14217.0,11821.0,0.0,722307.0,93817.0,0.0,0.0,52370.0,237.0,1758659.0,0.0,True,1758659.0,0.0,True
TR,2014,TJ_GCV,1866205.0,903131.0,11326.0,905315.0,46390.0,43.0,1866205.0,411629.0,356361.0,115412.0,2316.0,17413.0,11326.0,0.0,807168.0,90410.0,0.0,7737.0,46390.0,43.0,1866205.0,0.0,True,1866205.0,0.0,True
TR,2015,TJ_GCV,1840775.0,983982.0,13216.0,779763.0,63684.0,130.0,1840775.0,420298.0,421314.0,121053.0,5103.0,16214.0,13216.0,0.0,682785.0,81007.0,0.0,15971.0,63684.0,130.0,1840775.0,0.0,True,1840775.0,0.0,True
TR,2016,TJ_GCV,1779135.0,983938.0,29989.0,701703.0,63348.0,157.0,1779135.0,398357.0,445060.0,118681.0,4463.0,17377.0,29989.0,0.0,601243.0,82765.0,0.0,17695.0,63348.0,157.0,1779135.0,0.0,True,1779135.0,0.0,True
TR,2017,TJ_GCV,2067694.954,1151144.983,18892.624,824595.118,72908.263,153.966,2067694.954,478998.283,517622.202,129729.76,4518.335,20276.403,18892.624,0.0,718550.952,87200.566,0.0,18843.6,72908.263,153.966,2067694.954,0.0,True,2067694.954,0.0,True
TR,2018,TJ_GCV,1904056.272,1119151.982,41502.0,681879.865,61408.693,113.732,1904056.272,450012.298,486481.289,153046.8,8081.3,21530.295,41502.0,0.0,575411.921,86666.844,0.0,19801.1,61408.693,113.732,1904056.272,0.0,True,1904056.272,0.0,True
TR,2019,TJ_GCV,1734434.669,1180349.454,22137.4,461310.854,70507.551,129.41,1734434.669,429186.454,551366.8,176409.8,7660.0,15726.4,22137.4,0.0,331547.571,94259.183,0.0,35504.1,70507.551,129.41,1734434.669,0.0,True,1734434.669,0.0,True
TR,2020,TJ_GCV,1848091.252,1210089.061,30259.37,547853.4,59757.659,131.762,1848091.252,431872.455,598024.739,164243.264,6051.874,9896.729,30259.37,0.0,424176.869,92052.145,0.0,31624.386,59757.659,131.762,1848091.252,0.0,True,1848091.252,0.0,True
TR,2021,TJ_GCV,2281339.764,1352018.627,37117.318,822752.898,69322.999,127.922,2281339.764,512528.466,638850.758,182834.774,5799.32,12005.309,37117.318,0.0,693102.772,91609.685,0.0,38040.441,69322.999,127.922,2281339.764,0.0,True,2281339.764,0.0,True
TR,2022,TJ_GCV,2004597.072,1353828.582,26245.135,569959.308,54447.986,116.061,2004597.072,421085.971,689750.087,224824.945,6182.648,11984.931,26245.135,0.0,457144.315,79195.674,0.0,33619.319,54447.986,116.061,2004597.072,0.0,True,2004597.072,0.0,True
TR,2023,TJ_GCV,1899634.83,1276114.012,41164.816,529421.79,52836.154,98.058,1899634.83,408129.285,649882.135,203975.312,4785.701,9341.579,41164.816,0.0,420768.482,73818.386,0.0,34834.922,52836.154,98.058,1899634.83,0.0,True,1899634.83,0.0,True
TR,2024,TJ_GCV,2038751.486,1437679.301,37944.708,505769.918,57357.559,0.0,2038751.486,482415.079,725547.09,211957.482,5598.13,12161.52,37944.708,0.0,408776.946,67807.237,0.0,29185.735,57357.559,0.0,2038751.486,0.0,True,2038751.486,0.0,True
UA,1990,TJ_GCV,4273044.0,1545929.0,0.0,2425361.0,197816.0,103938.0,4273044.0,1083706.0,406389.0,55834.0,0.0,0.0,0.0,0.0,215807.0,363667.0,1845887.0,0.0,197816.0,103938.0,4273044.0,0.0,True,4273044.0,0.0,True
UA,1991,TJ_GCV,4337460.0,1788637.0,0.0,2360906.0,82412.0,105505.0,4337460.0,1075131.0,529386.0,56676.0,0.0,127444.0,0.0,0.0,219060.0,369149.0,1772697.0,0.0,82412.0,105505.0,4337460.0,0.0,True,4337460.0,0.0,True
UA,1992,TJ_GCV,4007284.0,1792191.0,0.0,2037619.0,80000.0,97474.0,4007284.0,1105074.0,497241.0,52362.0,0.0,137514.0,0.0,0.0,202385.0,341049.0,1494185.0,0.0,80000.0,97474.0,4007284.0,0.0,True,4007284.0,0.0,True
UA,1993,TJ_GCV,3741800.0,1514354.0,0.0,2026430.0,110000.0,91016.0,3741800.0,801480.0,523894.0,48893.0,0.0,140087.0,0.0,0.0,188977.0,309383.0,1528070.0,0.0,110000.0,91016.0,3741800.0,0.0,True,3741800.0,0.0,True
UA,1994,TJ_GCV,3327214.0,1292536.0,0.0,1833746.0,120000.0,80932.0,3327214.0,535750.0,569083.0,43476.0,0.0,144227.0,0.0,0.0,168039.0,275104.0,1390603.0,0.0,120000.0,80932.0,3327214.0,0.0,True,3327214.0,0.0,True
UA,1995,TJ_GCV,3185866.0,1314774.0,0.0,1663598.0,130000.0,77494.0,3185866.0,594507.0,524565.0,41629.0,0.0,154073.0,0.0,0.0,160900.0,263417.0,1239281.0,0.0,130000.0,77494.0,3185866.0,0.0,True,3185866.0,0.0,True
UA,1996,TJ_GCV,3465405.0,1679685.0,0.0,1636426.0,65000.0,84294.0,3465405.0,676149.0,801719.0,45282.0,0.0,156535.0,0.0,0.0,175018.0,286530.0,1174878.0,0.0,65000.0,84294.0,3465405.0,0.0,True,3465405.0,0.0,True
UA,1997,TJ_GCV,3085815.0,1430342.0,0.0,1520412.0,60000.0,75061.0,3085815.0,579125.0,661857.0,40322.0,0.0,149038.0,0.0,0.0,155847.0,245387.0,1119178.0,0.0,60000.0,75061.0,3085815.0,0.0,True,3085815.0,0.0,True
UA,1998,TJ_GCV,2767579.0,1233864.0,0.0,1406395.0,60000.0,67320.0,2767579.0,487641.0,552182.0,36164.0,0.0,157877.0,0.0,0.0,139775.0,220080.0,1046540.0,0.0,60000.0,67320.0,2767579.0,0.0,True,2767579.0,0.0,True
UA,1999,TJ_GCV,3002254.0,1395031.0,0.0,1469107.0,65088.0,73028.0,3002254.0,582877.0,623773.0,39231.0,0.0,149150.0,0.0,0.0,151627.0,238741.0,1078739.0,0.0,65088.0,73028.0,3002254.0,0.0,True,3002254.0,0.0,True
UA,2000,TJ_GCV,2896755.0,1326485.0,0.0,1437007.0,62801.0,70462.0,2896755.0,556003.0,596311.0,39231.0,0.0,134940.0,0.0,0.0,146299.0,230352.0,1060356.0,0.0,62801.0,70462.0,2896755.0,0.0,True,2896755.0,0.0,True
UA,2001,TJ_GCV,2897547.0,1332913.0,0.0,1431335.0,62818.0,70481.0,2897547.0,569948.0,588465.0,35308.0,0.0,139192.0,0.0,0.0,146339.0,230415.0,1054581.0,0.0,62818.0,70481.0,2897547.0,0.0,True,2897547.0,0.0,True
UA,2002,TJ_GCV,2860935.0,1321198.0,0.0,1408123.0,62024.0,69590.0,2860935.0,557443.0,592388.0,35308.0,0.0,136059.0,0.0,0.0,144490.0,227503.0,1036130.0,0.0,62024.0,69590.0,2860935.0,0.0,True,2860935.0,0.0,True
UA,2003,TJ_GCV,3028733.0,1302370.0,0.0,1594211.0,58480.0,73672.0,3028733.0,494803.0,623773.0,39231.0,0.0,144563.0,0.0,0.0,152965.0,240846.0,1200400.0,0.0,58480.0,73672.0,3028733.0,0.0,True,3028733.0,0.0,True
UA,2004,TJ_GCV,3065690.0,1335681.0,253617.0,1342685.0,59168.0,74539.0,3065690.0,514583.0,619850.0,39231.0,4887.0,157130.0,253617.0,0.0,154766.0,243682.0,944237.0,0.0,59168.0,74539.0,3065690.0,0.0,True,3065690.0,0.0,True
UA,2005,TJ_GCV,3028480.0,1352639.0,254764.0,1282569.0,62168.0,76340.0,3028480.0,503523.0,667455.0,24929.0,5605.0,151127.0,254764.0,0.0,125584.0,352560.0,803472.0,953.0,62168.0,76340.0,3028480.0,0.0,True,3028480.0,0.0,True
UA,2006,TJ_GCV,2711260.0,1327008.0,239977.0,1044200.0,57448.0,42627.0,2711260.0,467034.0,692422.0,24756.0,6071.0,136725.0,239977.0,0.0,68653.0,307060.0,667088.0,1399.0,57448.0,42627.0,2711260.0,0.0,True,2711260.0,0.0,True
UA,2007,TJ_GCV,2573590.0,1393372.0,238497.0,844323.0,53409.0,43989.0,2573590.0,500131.0,629224.0,29425.0,6165.0,228427.0,238497.0,0.0,85070.0,273290.0,485963.0,0.0,53409.0,43989.0,2573590.0,0.0,True,2573590.0,0.0,True
UA,2008,TJ_GCV,2457546.0,1358389.0,230560.0,783046.0,44749.0,40802.0,2457546.0,450758.0,644001.0,24943.0,7427.0,231260.0,230560.0,0.0,60235.0,271254.0,451557.0,0.0,44749.0,40802.0,2457546.0,0.0,True,2457546.0,0.0,True
UA,2009,TJ_GCV,1880000.0,1050846.0,140542.0,606249.0,48694.0,33669.0,1880000.0,260455.0,614855.0,13840.0,6767.0,154929.0,140542.0,0.0,15434.0,181936.0,408879.0,0.0,48694.0,33669.0,1880000.0,0.0,True,1880000.0,0.0,True
UA,2010,TJ_GCV,2124484.0,1130008.0,191366.0,721328.0,50047.0,31735.0,2124484.0,299527.0,654390.0,16199.0,6189.0,153703.0,191366.0,0.0,31992.0,258681.0,430655.0,0.0,50047.0,31735.0,2124484.0,0.0,True,2124484.0,0.0,True
UA,2011,TJ_GCV,2179423.0,1142102.0,216127.0,748376.0,41162.0,31656.0,2179423.0,305823.0,654259.0,19664.0,8228.0,154128.0,216127.0,0.0,19478.0,299688.0,429210.0,0.0,41162.0,31656.0,2179423.0,0.0,True,2179423.0,0.0,True
UA,2012,TJ_GCV,1990486.0,1009660.0,228377.0,687183.0,42791.0,22475.0,1990486.0,245327.0,640292.0,21524.0,7108.0,95409.0,228377.0,0.0,18449.0,269974.0,398760.0,0.0,42791.0,22475.0,1990486.0,0.0,True,1990486.0,0.0,True
UA,2013,TJ_GCV,1836540.0,974907.0,185345.0,617500.0,36828.0,21960.0,1836540.0,202891.0,628808.0,26717.0,9306.0,107185.0,185345.0,0.0,14591.0,225750.0,377159.0,0.0,36828.0,21960.0,1836540.0,0.0,True,1836540.0,0.0,True
UA,2014,TJ_GCV,1515335.0,852117.0,123328.0,474362.0,44362.0,21166.0,1515335.0,154879.0,546463.0,38999.0,5990.0,105786.0,123328.0,0.0,14631.0,190126.0,269605.0,0.0,44362.0,21166.0,1515335.0,0.0,True,1515335.0,0.0,True
UA,2015,TJ_GCV,1210487.0,641816.0,106157.0,398763.0,42088.0,21663.0,1210487.0,128539.0,422653.0,11476.0,5999.0,73149.0,106157.0,0.0,4850.0,164355.0,229558.0,0.0,42088.0,21663.0,1210487.0,0.0,True,1210487.0,0.0,True
UA,2016,TJ_GCV,1182635.0,646479.0,82973.0,389859.0,41391.0,21933.0,1182635.0,115454.0,432004.0,27498.0,6449.0,65074.0,82973.0,0.0,4624.0,152502.0,232733.0,0.0,41391.0,21933.0,1182635.0,0.0,True,1182635.0,0.0,True
UA,2017,TJ_GCV,1133201.0,642122.0,54340.0,368753.0,44627.0,23359.0,1133201.0,122220.0,410771.0,28015.0,6119.0,74997.0,54340.0,0.0,6110.0,139880.0,222763.0,0.0,44627.0,23359.0,1133201.0,0.0,True,1133201.0,0.0,True
UA,2018,TJ_GCV,1173725.0,654018.0,41145.0,406979.0,44047.0,27536.0,1173725.0,136154.0,404218.0,40276.0,5687.0,67683.0,41145.0,0.0,9883.0,168598.0,228498.0,0.0,44047.0,27536.0,1173725.0,0.0,True,1173725.0,0.0,True
UA,2019,TJ_GCV,1074534.0,558082.0,68953.0,382130.0,32998.0,32371.0,1074534.0,126387.0,317785.0,38008.0,4445.0,71457.0,68953.0,0.0,14355.0,150802.0,216973.0,0.0,32998.0,32371.0,1074534.0,0.0,True,1074534.0,0.0,True
UA,2020,TJ_GCV,1102794.0,507840.0,105258.0,424409.0,32706.0,32581.0,1102794.0,130553.0,302493.0,38454.0,5683.0,30657.0,105258.0,0.0,18777.0,179052.0,226580.0,0.0,32706.0,32581.0,1102794.0,0.0,True,1102794.0,0.0,True
UK,1990,TJ_GCV,2198885.0,1871580.0,72323.0,51810.0,139374.0,63798.0,2198885.0,484010.0,1081437.0,127062.0,179071.0,0.0,72323.0,0.0,31446.0,20364.0,0.0,0.0,139374.0,63798.0,2198885.0,0.0,True,2198885.0,0.0,True
UK,1991,TJ_GCV,2367840.0,2061175.0,38722.0,56634.0,147785.0,63524.0,2367840.0,502355.0,1202272.0,143910.0,212638.0,0.0,38722.0,0.0,34816.0,21818.0,0.0,0.0,147785.0,63524.0,2367840.0,0.0,True,2367840.0,0.0,True
UK,1992,TJ_GCV,2405376.0,1997141.0,53597.0,122128.0,163167.0,69343.0,2405376.0,485439.0,1188360.0,157741.0,165601.0,0.0,53597.0,0.0,81507.0,40621.0,0.0,0.0,163167.0,69343.0,2405376.0,0.0,True,2405376.0,0.0,True
UK,1993,TJ_GCV,2653811.0,2037650.0,53597.0,324786.0,172714.0,65064.0,2653811.0,491508.0,1224584.0,139410.0,182148.0,0.0,53597.0,0.0,282920.0,41866.0,0.0,0.0,172714.0,65064.0,2653811.0,0.0,True,2653811.0,0.0,True
UK,1994,TJ_GCV,2767771.0,2049233.0,53597.0,451427.0,198696.0,14818.0,2767771.0,506777.0,1186956.0,281376.0,74124.0,0.0,53597.0,0.0,404839.0,46588.0,0.0,0.0,198696.0,14818.0,2767771.0,0.0,True,2767771.0,0.0,True
UK,1995,TJ_GCV,2952750.0,2116446.0,48719.0,541226.0,205236.0,41123.0,2952750.0,543338.0,1173636.0,295333.0,104139.0,0.0,48719.0,0.0,491059.0,50167.0,0.0,0.0,205236.0,41123.0,2952750.0,0.0,True,2952750.0,0.0,True
UK,1996,TJ_GCV,3438934.0,2367033.0,48719.0,728061.0,237014.0,58107.0,3438934.0,589537.0,1353028.0,320914.0,103554.0,0.0,48719.0,0.0,668465.0,58624.0,0.0,972.0,237014.0,58107.0,3438934.0,0.0,True,3438934.0,0.0,True
UK,1997,TJ_GCV,3536387.0,2267638.0,39312.0,908345.0,243368.0,77724.0,3536387.0,617726.0,1243915.0,319277.0,86720.0,0.0,39312.0,0.0,837147.0,69412.0,0.0,1786.0,243368.0,77724.0,3536387.0,0.0,True,3536387.0,0.0,True
UK,1998,TJ_GCV,3679805.0,2338571.0,43117.0,966028.0,273575.0,58514.0,3679805.0,633902.0,1281222.0,333713.0,89734.0,0.0,43117.0,0.0,881687.0,82152.0,0.0,2189.0,273575.0,58514.0,3679805.0,0.0,True,3679805.0,0.0,True
UK,1999,TJ_GCV,3917332.0,2308926.0,46598.0,1231864.0,277103.0,52841.0,3917332.0,636535.0,1289038.0,287550.0,95803.0,0.0,46598.0,0.0,1038471.0,97304.0,94267.0,1822.0,277103.0,52841.0,3917332.0,0.0,True,3917332.0,0.0,True
UK,2000,TJ_GCV,4053219.0,2389697.0,49576.0,1259626.0,280588.0,73732.0,4053219.0,660383.0,1331672.0,290765.0,106877.0,0.0,49576.0,0.0,1032197.0,136230.0,89608.0,1591.0,280588.0,73732.0,4053219.0,0.0,True,4053219.0,0.0,True
UK,2001,TJ_GCV,4034333.0,2420568.0,40943.0,1211724.0,329191.0,31907.0,4034333.0,647435.0,1365934.0,299988.0,107211.0,0.0,40943.0,0.0,999062.0,127518.0,84910.0,234.0,329191.0,31907.0,4034333.0,0.0,True,4034333.0,0.0,True
UK,2002,TJ_GCV,3981716.0,2312536.0,38808.0,1267038.0,328536.0,34798.0,3981716.0,594598.0,1354939.0,285199.0,77800.0,0.0,38808.0,0.0,1043967.0,143483.0,79232.0,356.0,328536.0,34798.0,3981716.0,0.0,True,3981716.0,0.0,True
UK,2003,TJ_GCV,3992658.0,2373969.0,36076.0,1240171.0,320061.0,22381.0,3992658.0,598381.0,1391350.0,302036.0,82202.0,0.0,36076.0,0.0,1021680.0,146808.0,71388.0,295.0,320061.0,22381.0,3992658.0,0.0,True,3992658.0,0.0,True
UK,2004,TJ_GCV,4079668.0,2389820.0,36076.0,1305744.0,318484.0,29544.0,4079668.0,554230.0,1427079.0,322305.0,86206.0,0.0,36076.0,0.0,1067650.0,159317.0,78637.0,140.0,318484.0,29544.0,4079668.0,0.0,True,4079668.0,0.0,True
UK,2005,TJ_GCV,3975646.0,2318800.0,28486.0,1275109.0,313780.0,39471.0,3975646.0,545188.0,1374764.0,318659.0,80189.0,0.0,28486.0,0.0,1022929.0,171039.0,80958.0,183.0,313780.0,39471.0,3975646.0,0.0,True,3975646.0,0.0,True
UK,2006,TJ_GCV,3770614.0,2203639.0,28486.0,1200549.0,294690.0,43250.0,3770614.0,520346.0,1320941.0,288273.0,74079.0,0.0,28486.0,0.0,952322.0,168746.0,79282.0,199.0,294690.0,43250.0,3770614.0,0.0,True,3770614.0,0.0,True
UK,2007,TJ_GCV,3812221.0,2091763.0,36821.0,1366544.0,273690.0,43403.0,3812221.0,480061.0,1270324.0,271953.0,69425.0,0.0,36821.0,0.0,1113736.0,167425.0,85103.0,280.0,273690.0,43403.0,3812221.0,0.0,True,3812221.0,0.0,True
UK,2008,TJ_GCV,3916394.0,2156299.0,29541.0,1448297.0,254073.0,28184.0,3916394.0,461790.0,1294394.0,329779.0,70336.0,0.0,29541.0,0.0,1190450.0,166068.0,91533.0,246.0,254073.0,28184.0,3916394.0,0.0,True,3916394.0,0.0,True
UK,2009,TJ_GCV,3652676.0,1960578.0,24794.0,1376683.0,250504.0,40117.0,3652676.0,382910.0,1242717.0,294109.0,40842.0,0.0,24794.0,0.0,1139020.0,154470.0,81928.0,1265.0,250504.0,40117.0,3652676.0,0.0,True,3652676.0,0.0,True
UK,2010,TJ_GCV,3943037.0,2161664.0,29119.0,1443911.0,262280.0,46063.0,3943037.0,393367.0,1402544.0,324820.0,40933.0,0.0,29119.0,0.0,1201939.0,155679.0,85346.0,947.0,262280.0,46063.0,3943037.0,0.0,True,3943037.0,0.0,True
UK,2011,TJ_GCV,3279337.0,1796441.0,21418.0,1195460.0,230283.0,35735.0,3279337.0,377118.0,1111827.0,267256.0,40240.0,0.0,21418.0,0.0,986644.0,126031.0,82569.0,216.0,230283.0,35735.0,3279337.0,0.0,True,3279337.0,0.0,True
UK,2012,TJ_GCV,3076147.0,1961645.0,20775.0,862873.0,202448.0,28406.0,3076147.0,369338.0,1235448.0,311956.0,44903.0,0.0,20775.0,0.0,648171.0,131382.0,83119.0,201.0,202448.0,28406.0,3076147.0,0.0,True,3076147.0,0.0,True
UK,2013,TJ_GCV,3053248.0,1985772.0,20152.0,828831.0,191589.0,26904.0,3053248.0,378054.0,1240203.0,322295.0,45220.0,0.0,20152.0,0.0,628389.0,112739.0,87485.0,218.0,191589.0,26904.0,3053248.0,0.0,True,3053248.0,0.0,True
UK,2014,TJ_GCV,2802724.0,1692615.0,19547.0,876987.0,188892.0,24683.0,2802724.0,362290.0,1021288.0,270581.0,38456.0,0.0,19547.0,0.0,673997.0,110216.0,92270.0,504.0,188892.0,24683.0,2802724.0,0.0,True,2802724.0,0.0,True
UK,2015,TJ_GCV,2882678.543,1753436.0,18961.0,869862.543,210443.0,29976.0,2882678.543,351794.0,1071294.0,291134.0,39214.0,0.0,18961.0,0.0,618469.452,147006.665,102874.426,1512.0,210443.0,29976.0,2882678.543,0.0,True,2882678.543,0.0,True
UK,2016,TJ_GCV,3228186.0,1802769.016,18391.984,1180164.0,207390.0,19471.0,3228186.0,362020.608,1101149.837,298972.403,40626.168,0.0,18391.984,0.0,960415.0,112657.0,105854.0,1238.0,207390.0,19471.0,3228186.0,0.0,True,3228186.0,0.0,True
UK,2017,TJ_GCV,3144460.764,1767592.54,17840.224,1130822.0,208380.0,19826.0,3144460.764,373000.785,1062275.483,293619.592,38696.68,0.0,17840.224,0.0,915245.0,114468.0,100575.0,534.0,208380.0,19826.0,3144460.764,0.0,True,3144460.764,0.0,True
UK,2018,TJ_GCV,3184211.614,1845413.596,17305.018,1089748.0,211650.0,20095.0,3184211.614,372627.305,1125973.181,306856.524,39956.586,0.0,17305.018,0.0,868563.0,121523.0,99000.0,662.0,211650.0,20095.0,3184211.614,0.0,True,3184211.614,0.0,True
UK,2019,TJ_GCV,3162010.0,1828767.0,16786.0,1073431.0,224534.0,18492.0,3162010.0,368315.0,1115764.0,305396.0,39292.0,0.0,16786.0,0.0,850739.0,123590.0,98076.0,1026.0,224534.0,18492.0,3162010.0,0.0,True,3162010.0,0.0,True
XK,1990,TJ_GCV,0.0,0.0,0.0,0.0,0.0,0.0,0.0,0.0,0.0,0.0,0.0,0.0,0.0,0.0,0.0,0.0,0.0,0.0,0.0,0.0,0.0,0.0,True,0.0,0.0,True
XK,1991,TJ_GCV,0.0,0.0,0.0,0.0,0.0,0.0,0.0,0.0,0.0,0.0,0.0,0.0,0.0,0.0,0.0,0.0,0.0,0.0,0.0,0.0,0.0,0.0,True,0.0,0.0,True
XK,1992,TJ_GCV,0.0,0.0,0.0,0.0,0.0,0.0,0.0,0.0,0.0,0.0,0.0,0.0,0.0,0.0,0.0,0.0,0.0,0.0,0.0,0.0,0.0,0.0,True,0.0,0.0,True
XK,1993,TJ_GCV,0.0,0.0,0.0,0.0,0.0,0.0,0.0,0.0,0.0,0.0,0.0,0.0,0.0,0.0,0.0,0.0,0.0,0.0,0.0,0.0,0.0,0.0,True,0.0,0.0,True
XK,1994,TJ_GCV,0.0,0.0,0.0,0.0,0.0,0.0,0.0,0.0,0.0,0.0,0.0,0.0,0.0,0.0,0.0,0.0,0.0,0.0,0.0,0.0,0.0,0.0,True,0.0,0.0,True
XK,1995,TJ_GCV,0.0,0.0,0.0,0.0,0.0,0.0,0.0,0.0,0.0,0.0,0.0,0.0,0.0,0.0,0.0,0.0,0.0,0.0,0.0,0.0,0.0,0.0,True,0.0,0.0,True
XK,1996,TJ_GCV,0.0,0.0,0.0,0.0,0.0,0.0,0.0,0.0,0.0,0.0,0.0,0.0,0.0,0.0,0.0,0.0,0.0,0.0,0.0,0.0,0.0,0.0,True,0.0,0.0,True
XK,1997,TJ_GCV,0.0,0.0,0.0,0.0,0.0,0.0,0.0,0.0,0.0,0.0,0.0,0.0,0.0,0.0,0.0,0.0,0.0,0.0,0.0,0.0,0.0,0.0,True,0.0,0.0,True
XK,1998,TJ_GCV,0.0,0.0,0.0,0.0,0.0,0.0,0.0,0.0,0.0,0.0,0.0,0.0,0.0,0.0,0.0,0.0,0.0,0.0,0.0,0.0,0.0,0.0,True,0.0,0.0,True
XK,1999,TJ_GCV,0.0,0.0,0.0,0.0,0.0,0.0,0.0,0.0,0.0,0.0,0.0,0.0,0.0,0.0,0.0,0.0,0.0,0.0,0.0,0.0,0.0,0.0,True,0.0,0.0,True
XK,2000,TJ_GCV,0.0,0.0,0.0,0.0,0.0,0.0,0.0,0.0,0.0,0.0,0.0,0.0,0.0,0.0,0.0,0.0,0.0,0.0,0.0,0.0,0.0,0.0,True,0.0,0.0,True
XK,2001,TJ_GCV,0.0,0.0,0.0,0.0,0.0,0.0,0.0,0.0,0.0,0.0,0.0,0.0,0.0,0.0,0.0,0.0,0.0,0.0,0.0,0.0,0.0,0.0,True,0.0,0.0,True
XK,2002,TJ_GCV,0.0,0.0,0.0,0.0,0.0,0.0,0.0,0.0,0.0,0.0,0.0,0.0,0.0,0.0,0.0,0.0,0.0,0.0,0.0,0.0,0.0,0.0,True,0.0,0.0,True
XK,2003,TJ_GCV,0.0,0.0,0.0,0.0,0.0,0.0,0.0,0.0,0.0,0.0,0.0,0.0,0.0,0.0,0.0,0.0,0.0,0.0,0.0,0.0,0.0,0.0,True,0.0,0.0,True
XK,2004,TJ_GCV,0.0,0.0,0.0,0.0,0.0,0.0,0.0,0.0,0.0,0.0,0.0,0.0,0.0,0.0,0.0,0.0,0.0,0.0,0.0,0.0,0.0,0.0,True,0.0,0.0,True
XK,2005,TJ_GCV,0.0,0.0,0.0,0.0,0.0,0.0,0.0,0.0,0.0,0.0,0.0,0.0,0.0,0.0,0.0,0.0,0.0,0.0,0.0,0.0,0.0,0.0,True,0.0,0.0,True
XK,2006,TJ_GCV,0.0,0.0,0.0,0.0,0.0,0.0,0.0,0.0,0.0,0.0,0.0,0.0,0.0,0.0,0.0,0.0,0.0,0.0,0.0,0.0,0.0,0.0,True,0.0,0.0,True
XK,2007,TJ_GCV,0.0,0.0,0.0,0.0,0.0,0.0,0.0,0.0,0.0,0.0,0.0,0.0,0.0,0.0,0.0,0.0,0.0,0.0,0.0,0.0,0.0,0.0,True,0.0,0.0,True
XK,2008,TJ_GCV,0.0,0.0,0.0,0.0,0.0,0.0,0.0,0.0,0.0,0.0,0.0,0.0,0.0,0.0,0.0,0.0,0.0,0.0,0.0,0.0,0.0,0.0,True,0.0,0.0,True
XK,2009,TJ_GCV,0.0,0.0,0.0,0.0,0.0,0.0,0.0,0.0,0.0,0.0,0.0,0.0,0.0,0.0,0.0,0.0,0.0,0.0,0.0,0.0,0.0,0.0,True,0.0,0.0,True
XK,2010,TJ_GCV,0.0,0.0,0.0,0.0,0.0,0.0,0.0,0.0,0.0,0.0,0.0,0.0,0.0,0.0,0.0,0.0,0.0,0.0,0.0,0.0,0.0,0.0,True,0.0,0.0,True
XK,2011,TJ_GCV,0.0,0.0,0.0,0.0,0.0,0.0,0.0,0.0,0.0,0.0,0.0,0.0,0.0,0.0,0.0,0.0,0.0,0.0,0.0,0.0,0.0,0.0,True,0.0,0.0,True
XK,2012,TJ_GCV,0.0,0.0,0.0,0.0,0.0,0.0,0.0,0.0,0.0,0.0,0.0,0.0,0.0,0.0,0.0,0.0,0.0,0.0,0.0,0.0,0.0,0.0,True,0.0,0.0,True
XK,2013,TJ_GCV,0.0,0.0,0.0,0.0,0.0,0.0,0.0,0.0,0.0,0.0,0.0,0.0,0.0,0.0,0.0,0.0,0.0,0.0,0.0,0.0,0.0,0.0,True,0.0,0.0,True
XK,2014,TJ_GCV,0.0,0.0,0.0,0.0,0.0,0.0,0.0,0.0,0.0,0.0,0.0,0.0,0.0,0.0,0.0,0.0,0.0,0.0,0.0,0.0,0.0,0.0,True,0.0,0.0,True
XK,2015,TJ_GCV,0.0,0.0,0.0,0.0,0.0,0.0,0.0,0.0,0.0,0.0,0.0,0.0,0.0,0.0,0.0,0.0,0.0,0.0,0.0,0.0,0.0,0.0,True,0.0,0.0,True
XK,2016,TJ_GCV,0.0,0.0,0.0,0.0,0.0,0.0,0.0,0.0,0.0,0.0,0.0,0.0,0.0,0.0,0.0,0.0,0.0,0.0,0.0,0.0,0.0,0.0,True,0.0,0.0,True
XK,2017,TJ_GCV,0.0,0.0,0.0,0.0,0.0,0.0,0.0,0.0,0.0,0.0,0.0,0.0,0.0,0.0,0.0,0.0,0.0,0.0,0.0,0.0,0.0,0.0,True,0.0,0.0,True
XK,2018,TJ_GCV,0.0,0.0,0.0,0.0,0.0,0.0,0.0,0.0,0.0,0.0,0.0,0.0,0.0,0.0,0.0,0.0,0.0,0.0,0.0,0.0,0.0,0.0,True,0.0,0.0,True
XK,2019,TJ_GCV,0.0,0.0,0.0,0.0,0.0,0.0,0.0,0.0,0.0,0.0,0.0,0.0,0.0,0.0,0.0,0.0,0.0,0.0,0.0,0.0,0.0,0.0,True,0.0,0.0,True
XK,2020,TJ_GCV,0.0,0.0,0.0,0.0,0.0,0.0,0.0,0.0,0.0,0.0,0.0,0.0,0.0,0.0,0.0,0.0,0.0,0.0,0.0,0.0,0.0,0.0,True,0.0,0.0,True
XK,2021,TJ_GCV,0.0,0.0,0.0,0.0,0.0,0.0,0.0,0.0,0.0,0.0,0.0,0.0,0.0,0.0,0.0,0.0,0.0,0.0,0.0,0.0,0.0,0.0,True,0.0,0.0,True
XK,2022,TJ_GCV,0.0,0.0,0.0,0.0,0.0,0.0,0.0,0.0,0.0,0.0,0.0,0.0,0.0,0.0,0.0,0.0,0.0,0.0,0.0,0.0,0.0,0.0,True,0.0,0.0,True
XK,2023,TJ_GCV,0.0,0.0,0.0,0.0,0.0,0.0,0.0,0.0,0.0,0.0,0.0,0.0,0.0,0.0,0.0,0.0,0.0,0.0,0.0,0.0,0.0,0.0,True,0.0,0.0,True
XK,2024,TJ_GCV,0.0,0.0,0.0,0.0,0.0,0.0,0.0,0.0,0.0,0.0,0.0,0.0,0.0,0.0,0.0,0.0,0.0,0.0,0.0,0.0,0.0,0.0,True,0.0,0.0,True
