dates,country,dates,values
2015-01-01,eu,2015-01-01,748.3692
2015-01-02,eu,2015-01-02,743.4778
2015-01-03,eu,2015-01-03,739.2633
2015-01-04,eu,2015-01-04,735.0244
2015-01-05,eu,2015-01-05,729.0182
2015-01-06,eu,2015-01-06,722.9604
2015-01-07,eu,2015-01-07,716.6063
2015-01-08,eu,2015-01-08,710.9293
2015-01-09,eu,2015-01-09,706.4919
2015-01-10,eu,2015-01-10,703.4325
2015-01-11,eu,2015-01-11,699.5498
2015-01-12,eu,2015-01-12,694.4828
2015-01-13,eu,2015-01-13,689.5233
2015-01-14,eu,2015-01-14,683.5202
2015-01-15,eu,2015-01-15,678.263
2015-01-16,eu,2015-01-16,672.5242
2015-01-17,eu,2015-01-17,667.3575
2015-01-18,eu,2015-01-18,662.0868
2015-01-19,eu,2015-01-19,654.7193
2015-01-20,eu,2015-01-20,647.2751
2015-01-21,eu,2015-01-21,639.8882
2015-01-22,eu,2015-01-22,632.2781
2015-01-23,eu,2015-01-23,624.6012
2015-01-24,eu,2015-01-24,618.046
2015-01-25,eu,2015-01-25,611.7955
2015-01-26,eu,2015-01-26,604.5777
2015-01-27,eu,2015-01-27,597.3303
2015-01-28,eu,2015-01-28,590.1104
2015-01-29,eu,2015-01-29,582.4259
2015-01-30,eu,2015-01-30,574.8778
2015-01-31,eu,2015-01-31,568.5344
2015-02-01,eu,2015-02-01,562.0718
2015-02-02,eu,2015-02-02,553.7736
2015-02-03,eu,2015-02-03,544.987
2015-02-04,eu,2015-02-04,536.2817
2015-02-05,eu,2015-02-05,527.544
2015-02-06,eu,2015-02-06,518.7082
2015-02-07,eu,2015-02-07,510.6749
2015-02-08,eu,2015-02-08,503.3953
2015-02-09,eu,2015-02-09,495.3614
2015-02-10,eu,2015-02-10,487.8475
2015-02-11,eu,2015-02-11,480.134
2015-02-12,eu,2015-02-12,472.4983
2015-02-13,eu,2015-02-13,465.7134
2015-02-14,eu,2015-02-14,460.045
2015-02-15,eu,2015-02-15,454.6515
2015-02-16,eu,2015-02-16,447.7155
2015-02-17,eu,2015-02-17,440.6702
2015-02-18,eu,2015-02-18,433.2488
2015-02-19,eu,2015-02-19,426.0815
2015-02-20,eu,2015-02-20,419.1516
2015-02-21,eu,2015-02-21,413.2302
2015-02-22,eu,2015-02-22,407.852
2015-02-23,eu,2015-02-23,401.9435
2015-02-24,eu,2015-02-24,395.9676
2015-02-25,eu,2015-02-25,390.1979
2015-02-26,eu,2015-02-26,384.8613
2015-02-27,eu,2015-02-27,379.4429
2015-02-28,eu,2015-02-28,374.6263
2015-03-01,eu,2015-03-01,370.5303
2015-03-02,eu,2015-03-02,365.8423
2015-03-03,eu,2015-03-03,360.5635
2015-03-04,eu,2015-03-04,355.2287
2015-03-05,eu,2015-03-05,350.0555
2015-03-06,eu,2015-03-06,345.9986
2015-03-07,eu,2015-03-07,343.3344
2015-03-08,eu,2015-03-08,341.2743
2015-03-09,eu,2015-03-09,338.2257
2015-03-10,eu,2015-03-10,335.6416
2015-03-11,eu,2015-03-11,332.8258
2015-03-12,eu,2015-03-12,329.6497
2015-03-13,eu,2015-03-13,326.4099
2015-03-14,eu,2015-03-14,323.3728
2015-03-15,eu,2015-03-15,320.544
2015-03-16,eu,2015-03-16,317.2634
2015-03-17,eu,2015-03-17,314.7397
2015-03-18,eu,2015-03-18,312.2472
2015-03-19,eu,2015-03-19,309.6486
2015-03-20,eu,2015-03-20,306.8293
2015-03-21,eu,2015-03-21,304.5616
2015-03-22,eu,2015-03-22,302.0545
2015-03-23,eu,2015-03-23,298.9889
2015-03-24,eu,2015-03-24,296.2491
2015-03-25,eu,2015-03-25,293.363
2015-03-26,eu,2015-03-26,290.8332
2015-03-27,eu,2015-03-27,288.423
2015-03-28,eu,2015-03-28,287.4422
2015-03-29,eu,2015-03-29,286.8958
2015-03-30,eu,2015-03-30,285.2001
2015-03-31,eu,2015-03-31,283.1454
2015-04-01,eu,2015-04-01,281.9484
2015-04-02,eu,2015-04-02,280.041
2015-04-03,eu,2015-04-03,279.0837
2015-04-04,eu,2015-04-04,278.6797
2015-04-05,eu,2015-04-05,278.4506
2015-04-06,eu,2015-04-06,278.1745
2015-04-07,eu,2015-04-07,276.7289
2015-04-08,eu,2015-04-08,275.6282
2015-04-09,eu,2015-04-09,275.5378
2015-04-10,eu,2015-04-10,275.6694
2015-04-11,eu,2015-04-11,276.2592
2015-04-12,eu,2015-04-12,277.0183
2015-04-13,eu,2015-04-13,277.089
2015-04-14,eu,2015-04-14,277.8827
2015-04-15,eu,2015-04-15,278.9564
2015-04-16,eu,2015-04-16,280.152
2015-04-17,eu,2015-04-17,281.1598
2015-04-18,eu,2015-04-18,282.5447
2015-04-19,eu,2015-04-19,283.7509
2015-04-20,eu,2015-04-20,284.6322
2015-04-21,eu,2015-04-21,285.7797
2015-04-22,eu,2015-04-22,286.8759
2015-04-23,eu,2015-04-23,288.0315
2015-04-24,eu,2015-04-24,289.473
2015-04-25,eu,2015-04-25,291.4875
2015-04-26,eu,2015-04-26,293.6856
2015-04-27,eu,2015-04-27,294.5263
2015-04-28,eu,2015-04-28,295.2429
2015-04-29,eu,2015-04-29,295.8664
2015-04-30,eu,2015-04-30,297.2191
2015-05-01,eu,2015-05-01,299.6888
2015-05-02,eu,2015-05-02,302.6869
2015-05-03,eu,2015-05-03,305.898
2015-05-04,eu,2015-05-04,308.7947
2015-05-05,eu,2015-05-05,311.9157
2015-05-06,eu,2015-05-06,314.7977
2015-05-07,eu,2015-05-07,317.3288
2015-05-08,eu,2015-05-08,320.0249
2015-05-09,eu,2015-05-09,323.7729
2015-05-10,eu,2015-05-10,340.1265
2015-05-11,eu,2015-05-11,343.5139
2015-05-12,eu,2015-05-12,346.8067
2015-05-13,eu,2015-05-13,349.9852
2015-05-14,eu,2015-05-14,353.4872
2015-05-15,eu,2015-05-15,356.803
2015-05-16,eu,2015-05-16,360.6262
2015-05-17,eu,2015-05-17,364.6866
2015-05-18,eu,2015-05-18,367.9673
2015-05-19,eu,2015-05-19,370.6971
2015-05-20,eu,2015-05-20,373.1211
2015-05-21,eu,2015-05-21,375.6536
2015-05-22,eu,2015-05-22,378.7718
2015-05-23,eu,2015-05-23,382.7122
2015-05-24,eu,2015-05-24,386.76
2015-05-25,eu,2015-05-25,390.6708
2015-05-26,eu,2015-05-26,393.6696
2015-05-27,eu,2015-05-27,396.4929
2015-05-28,eu,2015-05-28,399.3689
2015-05-29,eu,2015-05-29,402.5834
2015-05-30,eu,2015-05-30,406.6385
2015-05-31,eu,2015-05-31,410.8001
2015-06-01,eu,2015-06-01,414.2569
2015-06-02,eu,2015-06-02,417.5474
2015-06-03,eu,2015-06-03,420.8397
2015-06-04,eu,2015-06-04,424.2815
2015-06-05,eu,2015-06-05,427.8129
2015-06-06,eu,2015-06-06,431.9656
2015-06-07,eu,2015-06-07,436.1088
2015-06-08,eu,2015-06-08,439.4678
2015-06-09,eu,2015-06-09,442.5659
2015-06-10,eu,2015-06-10,445.7286
2015-06-11,eu,2015-06-11,449.0544
2015-06-12,eu,2015-06-12,452.6268
2015-06-13,eu,2015-06-13,456.691
2015-06-14,eu,2015-06-14,460.8879
2015-06-15,eu,2015-06-15,463.9888
2015-06-16,eu,2015-06-16,466.8345
2015-06-17,eu,2015-06-17,469.8872
2015-06-18,eu,2015-06-18,473.2468
2015-06-19,eu,2015-06-19,476.4421
2015-06-20,eu,2015-06-20,480.0087
2015-06-21,eu,2015-06-21,483.8629
2015-06-22,eu,2015-06-22,486.8443
2015-06-23,eu,2015-06-23,489.7646
2015-06-24,eu,2015-06-24,492.545
2015-06-25,eu,2015-06-25,495.8791
2015-06-26,eu,2015-06-26,499.7249
2015-06-27,eu,2015-06-27,504.0411
2015-06-28,eu,2015-06-28,508.5911
2015-06-29,eu,2015-06-29,512.7417
2015-06-30,eu,2015-06-30,516.7904
2015-07-01,eu,2015-07-01,521.1559
2015-07-02,eu,2015-07-02,525.1399
2015-07-03,eu,2015-07-03,529.4673
2015-07-04,eu,2015-07-04,534.2692
2015-07-05,eu,2015-07-05,539.2675
2015-07-06,eu,2015-07-06,543.1457
2015-07-07,eu,2015-07-07,546.5404
2015-07-08,eu,2015-07-08,550.313
2015-07-09,eu,2015-07-09,554.1881
2015-07-10,eu,2015-07-10,558.4725
2015-07-11,eu,2015-07-11,563.3315
2015-07-12,eu,2015-07-12,568.2015
2015-07-13,eu,2015-07-13,572.4376
2015-07-14,eu,2015-07-14,576.6051
2015-07-15,eu,2015-07-15,580.408
2015-07-16,eu,2015-07-16,584.3193
2015-07-17,eu,2015-07-17,588.6714
2015-07-18,eu,2015-07-18,593.7148
2015-07-19,eu,2015-07-19,598.7714
2015-07-20,eu,2015-07-20,602.9897
2015-07-21,eu,2015-07-21,606.8647
2015-07-22,eu,2015-07-22,610.4131
2015-07-23,eu,2015-07-23,614.1467
2015-07-24,eu,2015-07-24,618.2958
2015-07-25,eu,2015-07-25,623.1971
2015-07-26,eu,2015-07-26,628.0982
2015-07-27,eu,2015-07-27,632.6296
2015-07-28,eu,2015-07-28,636.888
2015-07-29,eu,2015-07-29,641.0136
2015-07-30,eu,2015-07-30,644.8999
2015-07-31,eu,2015-07-31,649.1588
2015-08-01,eu,2015-08-01,653.9439
2015-08-02,eu,2015-08-02,659.0683
2015-08-03,eu,2015-08-03,663.8316
2015-08-04,eu,2015-08-04,668.0588
2015-08-05,eu,2015-08-05,672.2647
2015-08-06,eu,2015-08-06,676.5635
2015-08-07,eu,2015-08-07,680.2958
2015-08-08,eu,2015-08-08,684.9553
2015-08-09,eu,2015-08-09,689.5926
2015-08-10,eu,2015-08-10,694.0064
2015-08-11,eu,2015-08-11,697.4704
2015-08-12,eu,2015-08-12,701.1639
2015-08-13,eu,2015-08-13,704.762
2015-08-14,eu,2015-08-14,708.627
2015-08-15,eu,2015-08-15,712.8629
2015-08-16,eu,2015-08-16,717.0855
2015-08-17,eu,2015-08-17,720.5007
2015-08-18,eu,2015-08-18,723.6801
2015-08-19,eu,2015-08-19,727.0051
2015-08-20,eu,2015-08-20,731.0933
2015-08-21,eu,2015-08-21,735.5744
2015-08-22,eu,2015-08-22,740.1747
2015-08-23,eu,2015-08-23,744.7064
2015-08-24,eu,2015-08-24,748.1977
2015-08-25,eu,2015-08-25,751.2099
2015-08-26,eu,2015-08-26,754.2232
2015-08-27,eu,2015-08-27,757.4497
2015-08-28,eu,2015-08-28,760.8364
2015-08-29,eu,2015-08-29,764.8617
2015-08-30,eu,2015-08-30,769.0488
2015-08-31,eu,2015-08-31,772.619
2015-09-01,eu,2015-09-01,775.8241
2015-09-02,eu,2015-09-02,778.8459
2015-09-03,eu,2015-09-03,781.4686
2015-09-04,eu,2015-09-04,784.5248
2015-09-05,eu,2015-09-05,788.5448
2015-09-06,eu,2015-09-06,792.4766
2015-09-07,eu,2015-09-07,795.2797
2015-09-08,eu,2015-09-08,797.9673
2015-09-09,eu,2015-09-09,800.2558
2015-09-10,eu,2015-09-10,802.8295
2015-09-11,eu,2015-09-11,805.578
2015-09-12,eu,2015-09-12,809.4185
2015-09-13,eu,2015-09-13,813.8795
2015-09-14,eu,2015-09-14,817.3831
2015-09-15,eu,2015-09-15,820.8157
2015-09-16,eu,2015-09-16,823.9249
2015-09-17,eu,2015-09-17,827.0357
2015-09-18,eu,2015-09-18,830.2044
2015-09-19,eu,2015-09-19,834.2006
2015-09-20,eu,2015-09-20,838.2668
2015-09-21,eu,2015-09-21,841.3384
2015-09-22,eu,2015-09-22,843.7986
2015-09-23,eu,2015-09-23,846.0615
2015-09-24,eu,2015-09-24,847.6867
2015-09-25,eu,2015-09-25,849.8477
2015-09-26,eu,2015-09-26,852.7667
2015-09-27,eu,2015-09-27,855.7637
2015-09-28,eu,2015-09-28,857.7661
2015-09-29,eu,2015-09-29,859.7555
2015-09-30,eu,2015-09-30,861.2806
2015-10-01,eu,2015-10-01,862.8892
2015-10-02,eu,2015-10-02,864.647
2015-10-03,eu,2015-10-03,867.0996
2015-10-04,eu,2015-10-04,869.7445
2015-10-05,eu,2015-10-05,871.5258
2015-10-06,eu,2015-10-06,873.687
2015-10-07,eu,2015-10-07,875.527
2015-10-08,eu,2015-10-08,877.0081
2015-10-09,eu,2015-10-09,878.6109
2015-10-10,eu,2015-10-10,880.6453
2015-10-11,eu,2015-10-11,882.5474
2015-10-12,eu,2015-10-12,883.0523
2015-10-13,eu,2015-10-13,882.641
2015-10-14,eu,2015-10-14,881.9748
2015-10-15,eu,2015-10-15,881.0411
2015-10-16,eu,2015-10-16,880.347
2015-10-17,eu,2015-10-17,880.6075
2015-10-18,eu,2015-10-18,881.0132
2015-10-19,eu,2015-10-19,880.1837
2015-10-20,eu,2015-10-20,879.0554
2015-10-21,eu,2015-10-21,878.1093
2015-10-22,eu,2015-10-22,877.3347
2015-10-23,eu,2015-10-23,877.3141
2015-10-24,eu,2015-10-24,878.0713
2015-10-25,eu,2015-10-25,878.7336
2015-10-26,eu,2015-10-26,878.5518
2015-10-27,eu,2015-10-27,878.1923
2015-10-28,eu,2015-10-28,877.7871
2015-10-29,eu,2015-10-29,878.8214
2015-10-30,eu,2015-10-30,878.5063
2015-10-31,eu,2015-10-31,880.1374
2015-11-01,eu,2015-11-01,880.8388
2015-11-02,eu,2015-11-02,878.9785
2015-11-03,eu,2015-11-03,876.9571
2015-11-04,eu,2015-11-04,875.2584
2015-11-05,eu,2015-11-05,873.8386
2015-11-06,eu,2015-11-06,873.4551
2015-11-07,eu,2015-11-07,874.1176
2015-11-08,eu,2015-11-08,874.891
2015-11-09,eu,2015-11-09,874.6059
2015-11-10,eu,2015-11-10,874.1309
2015-11-11,eu,2015-11-11,873.973
2015-11-12,eu,2015-11-12,873.1667
2015-11-13,eu,2015-11-13,872.5279
2015-11-14,eu,2015-11-14,871.567
2015-11-15,eu,2015-11-15,871.8658
2015-11-16,eu,2015-11-16,870.935
2015-11-17,eu,2015-11-17,869.7641
2015-11-18,eu,2015-11-18,868.9352
2015-11-19,eu,2015-11-19,867.737
2015-11-20,eu,2015-11-20,866.9786
2015-11-21,eu,2015-11-21,865.0879
2015-11-22,eu,2015-11-22,861.9764
2015-11-23,eu,2015-11-23,856.6932
2015-11-24,eu,2015-11-24,851.2527
2015-11-25,eu,2015-11-25,846.1831
2015-11-26,eu,2015-11-26,841.0326
2015-11-27,eu,2015-11-27,836.3908
2015-11-28,eu,2015-11-28,832.7358
2015-11-29,eu,2015-11-29,829.8178
2015-11-30,eu,2015-11-30,825.1643
2015-12-01,eu,2015-12-01,821.3827
2015-12-02,eu,2015-12-02,817.7279
2015-12-03,eu,2015-12-03,813.864
2015-12-04,eu,2015-12-04,810.4526
2015-12-05,eu,2015-12-05,807.9263
2015-12-06,eu,2015-12-06,805.6804
2015-12-07,eu,2015-12-07,802.8395
2015-12-08,eu,2015-12-08,799.8134
2015-12-09,eu,2015-12-09,796.0446
2015-12-10,eu,2015-12-10,791.5445
2015-12-11,eu,2015-12-11,786.9392
2015-12-12,eu,2015-12-12,783.5198
2015-12-13,eu,2015-12-13,780.2947
2015-12-14,eu,2015-12-14,775.6698
2015-12-15,eu,2015-12-15,771.302
2015-12-16,eu,2015-12-16,767.4583
2015-12-17,eu,2015-12-17,764.5983
2015-12-18,eu,2015-12-18,761.9346
2015-12-19,eu,2015-12-19,760.5874
2015-12-20,eu,2015-12-20,759.3966
2015-12-21,eu,2015-12-21,756.8229
2015-12-22,eu,2015-12-22,754.7151
2015-12-23,eu,2015-12-23,752.6283
2015-12-24,eu,2015-12-24,751.1612
2015-12-25,eu,2015-12-25,750.0362
2015-12-26,eu,2015-12-26,749.222
2015-12-27,eu,2015-12-27,747.7706
2015-12-28,eu,2015-12-28,745.103
2015-12-29,eu,2015-12-29,742.0111
2015-12-30,eu,2015-12-30,738.8477
2015-12-31,eu,2015-12-31,740.6213
2016-01-01,eu,2016-01-01,737.4929
2016-01-02,eu,2016-01-02,733.7315
2016-01-03,eu,2016-01-03,729.5001
2016-01-04,eu,2016-01-04,723.4694
2016-01-05,eu,2016-01-05,717.4433
2016-01-06,eu,2016-01-06,711.9094
2016-01-07,eu,2016-01-07,706.1936
2016-01-08,eu,2016-01-08,700.9214
2016-01-09,eu,2016-01-09,697.0117
2016-01-10,eu,2016-01-10,693.6128
2016-01-11,eu,2016-01-11,688.8635
2016-01-12,eu,2016-01-12,684.4986
2016-01-13,eu,2016-01-13,679.4528
2016-01-14,eu,2016-01-14,673.3167
2016-01-15,eu,2016-01-15,666.8229
2016-01-16,eu,2016-01-16,661.101
2016-01-17,eu,2016-01-17,654.9383
2016-01-18,eu,2016-01-18,646.0016
2016-01-19,eu,2016-01-19,637.026
2016-01-20,eu,2016-01-20,628.3153
2016-01-21,eu,2016-01-21,619.6736
2016-01-22,eu,2016-01-22,611.7414
2016-01-23,eu,2016-01-23,605.9615
2016-01-24,eu,2016-01-24,601.3032
2016-01-25,eu,2016-01-25,596.4901
2016-01-26,eu,2016-01-26,592.1937
2016-01-27,eu,2016-01-27,587.9296
2016-01-28,eu,2016-01-28,583.747
2016-01-29,eu,2016-01-29,579.872
2016-01-30,eu,2016-01-30,576.74
2016-01-31,eu,2016-01-31,574.067
2016-02-01,eu,2016-02-01,570.8862
2016-02-02,eu,2016-02-02,567.3748
2016-02-03,eu,2016-02-03,562.9269
2016-02-04,eu,2016-02-04,558.3861
2016-02-05,eu,2016-02-05,554.4105
2016-02-06,eu,2016-02-06,551.7449
2016-02-07,eu,2016-02-07,549.2526
2016-02-08,eu,2016-02-08,545.8064
2016-02-09,eu,2016-02-09,542.1195
2016-02-10,eu,2016-02-10,537.9834
2016-02-11,eu,2016-02-11,533.4996
2016-02-12,eu,2016-02-12,529.2635
2016-02-13,eu,2016-02-13,526.1739
2016-02-14,eu,2016-02-14,523.2846
2016-02-15,eu,2016-02-15,518.5801
2016-02-16,eu,2016-02-16,513.1848
2016-02-17,eu,2016-02-17,507.4746
2016-02-18,eu,2016-02-18,501.9994
2016-02-19,eu,2016-02-19,497.4426
2016-02-20,eu,2016-02-20,494.664
2016-02-21,eu,2016-02-21,492.8527
2016-02-22,eu,2016-02-22,490.1923
2016-02-23,eu,2016-02-23,486.9263
2016-02-24,eu,2016-02-24,482.9079
2016-02-25,eu,2016-02-25,478.1171
2016-02-26,eu,2016-02-26,473.419
2016-02-27,eu,2016-02-27,470.0273
2016-02-28,eu,2016-02-28,466.8509
2016-02-29,eu,2016-02-29,462.2769
2016-03-01,eu,2016-03-01,457.503
2016-03-02,eu,2016-03-02,453.7146
2016-03-03,eu,2016-03-03,449.1048
2016-03-04,eu,2016-03-04,444.4444
2016-03-05,eu,2016-03-05,440.9573
2016-03-06,eu,2016-03-06,437.5491
2016-03-07,eu,2016-03-07,432.4649
2016-03-08,eu,2016-03-08,427.4956
2016-03-09,eu,2016-03-09,422.834
2016-03-10,eu,2016-03-10,418.4794
2016-03-11,eu,2016-03-11,414.4054
2016-03-12,eu,2016-03-12,411.8917
2016-03-13,eu,2016-03-13,409.3961
2016-03-14,eu,2016-03-14,405.7409
2016-03-15,eu,2016-03-15,401.6247
2016-03-16,eu,2016-03-16,397.3565
2016-03-17,eu,2016-03-17,393.7031
2016-03-18,eu,2016-03-18,390.6276
2016-03-19,eu,2016-03-19,388.8619
2016-03-20,eu,2016-03-20,387.3176
2016-03-21,eu,2016-03-21,384.5092
2016-03-22,eu,2016-03-22,382.1479
2016-03-23,eu,2016-03-23,379.7046
2016-03-24,eu,2016-03-24,377.567
2016-03-25,eu,2016-03-25,376.218
2016-03-26,eu,2016-03-26,375.87
2016-03-27,eu,2016-03-27,375.8386
2016-03-28,eu,2016-03-28,375.4261
2016-03-29,eu,2016-03-29,374.2323
2016-03-30,eu,2016-03-30,373.2089
2016-03-31,eu,2016-03-31,373.4897
2016-04-01,eu,2016-04-01,374.7562
2016-04-02,eu,2016-04-02,376.2037
2016-04-03,eu,2016-04-03,378.4854
2016-04-04,eu,2016-04-04,380.0545
2016-04-05,eu,2016-04-05,382.9082
2016-04-06,eu,2016-04-06,399.5472
2016-04-07,eu,2016-04-07,403.8729
2016-04-08,eu,2016-04-08,404.4265
2016-04-09,eu,2016-04-09,405.9971
2016-04-10,eu,2016-04-10,408.2864
2016-04-11,eu,2016-04-11,409.9171
2016-04-12,eu,2016-04-12,411.4867
2016-04-13,eu,2016-04-13,412.774
2016-04-14,eu,2016-04-14,414.0173
2016-04-15,eu,2016-04-15,415.5453
2016-04-16,eu,2016-04-16,417.758
2016-04-17,eu,2016-04-17,419.7833
2016-04-18,eu,2016-04-18,420.8667
2016-04-19,eu,2016-04-19,422.3877
2016-04-20,eu,2016-04-20,424.1444
2016-04-21,eu,2016-04-21,426.0458
2016-04-22,eu,2016-04-22,428.022
2016-04-23,eu,2016-04-23,430.216
2016-04-24,eu,2016-04-24,431.9977
2016-04-25,eu,2016-04-25,432.3453
2016-04-26,eu,2016-04-26,431.5067
2016-04-27,eu,2016-04-27,430.6143
2016-04-28,eu,2016-04-28,429.8758
2016-04-29,eu,2016-04-29,429.8145
2016-04-30,eu,2016-04-30,430.2285
2016-05-01,eu,2016-05-01,432.4442
2016-05-02,eu,2016-05-02,434.4931
2016-05-03,eu,2016-05-03,437.1464
2016-05-04,eu,2016-05-04,440.0987
2016-05-05,eu,2016-05-05,444.2237
2016-05-06,eu,2016-05-06,448.4468
2016-05-07,eu,2016-05-07,453.5576
2016-05-08,eu,2016-05-08,458.5454
2016-05-09,eu,2016-05-09,462.9664
2016-05-10,eu,2016-05-10,467.2528
2016-05-11,eu,2016-05-11,471.4071
2016-05-12,eu,2016-05-12,475.5814
2016-05-13,eu,2016-05-13,479.8077
2016-05-14,eu,2016-05-14,484.3253
2016-05-15,eu,2016-05-15,488.2846
2016-05-16,eu,2016-05-16,491.7646
2016-05-17,eu,2016-05-17,494.6936
2016-05-18,eu,2016-05-18,497.9833
2016-05-19,eu,2016-05-19,501.4548
2016-05-20,eu,2016-05-20,505.493
2016-05-21,eu,2016-05-21,510.4878
2016-05-22,eu,2016-05-22,515.6361
2016-05-23,eu,2016-05-23,519.4954
2016-05-24,eu,2016-05-24,522.893
2016-05-25,eu,2016-05-25,526.4159
2016-05-26,eu,2016-05-26,530.4995
2016-05-27,eu,2016-05-27,534.4833
2016-05-28,eu,2016-05-28,538.6306
2016-05-29,eu,2016-05-29,542.9292
2016-05-30,eu,2016-05-30,539.4099
2016-05-31,eu,2016-05-31,543.9923
2016-06-01,eu,2016-06-01,550.6436
2016-06-02,eu,2016-06-02,553.1027
2016-06-03,eu,2016-06-03,556.0956
2016-06-04,eu,2016-06-04,560.0755
2016-06-05,eu,2016-06-05,564.2793
2016-06-06,eu,2016-06-06,567.5321
2016-06-07,eu,2016-06-07,570.7907
2016-06-08,eu,2016-06-08,576.1509
2016-06-09,eu,2016-06-09,577.527
2016-06-10,eu,2016-06-10,581.2333
2016-06-11,eu,2016-06-11,585.8434
2016-06-12,eu,2016-06-12,590.5978
2016-06-13,eu,2016-06-13,594.668
2016-06-14,eu,2016-06-14,598.4037
2016-06-15,eu,2016-06-15,602.4634
2016-06-16,eu,2016-06-16,606.3065
2016-06-17,eu,2016-06-17,610.6968
2016-06-18,eu,2016-06-18,616.3975
2016-06-19,eu,2016-06-19,621.4883
2016-06-20,eu,2016-06-20,626.3454
2016-06-21,eu,2016-06-21,630.8228
2016-06-22,eu,2016-06-22,635.3703
2016-06-23,eu,2016-06-23,639.8541
2016-06-24,eu,2016-06-24,644.5835
2016-06-25,eu,2016-06-25,650.172
2016-06-26,eu,2016-06-26,655.6657
2016-06-27,eu,2016-06-27,660.3239
2016-06-28,eu,2016-06-28,664.4763
2016-06-29,eu,2016-06-29,668.5565
2016-06-30,eu,2016-06-30,672.4162
2016-07-01,eu,2016-07-01,676.8434
2016-07-02,eu,2016-07-02,682.4497
2016-07-03,eu,2016-07-03,688.6271
2016-07-04,eu,2016-07-04,692.5642
2016-07-05,eu,2016-07-05,697.0261
2016-07-06,eu,2016-07-06,701.1283
2016-07-07,eu,2016-07-07,705.1825
2016-07-08,eu,2016-07-08,709.8942
2016-07-09,eu,2016-07-09,715.7119
2016-07-10,eu,2016-07-10,721.4821
2016-07-11,eu,2016-07-11,725.1365
2016-07-12,eu,2016-07-12,729.2046
2016-07-13,eu,2016-07-13,733.4816
2016-07-14,eu,2016-07-14,737.9883
2016-07-15,eu,2016-07-15,743.0222
2016-07-16,eu,2016-07-16,748.5445
2016-07-17,eu,2016-07-17,754.308
2016-07-18,eu,2016-07-18,758.9486
2016-07-19,eu,2016-07-19,763.6475
2016-07-20,eu,2016-07-20,768.1235
2016-07-21,eu,2016-07-21,772.3428
2016-07-22,eu,2016-07-22,776.9905
2016-07-23,eu,2016-07-23,782.6775
2016-07-24,eu,2016-07-24,788.1884
2016-07-25,eu,2016-07-25,792.5065
2016-07-26,eu,2016-07-26,796.568
2016-07-27,eu,2016-07-27,800.484
2016-07-28,eu,2016-07-28,804.4336
2016-07-29,eu,2016-07-29,808.8469
2016-07-30,eu,2016-07-30,813.8301
2016-07-31,eu,2016-07-31,819.2667
2016-08-01,eu,2016-08-01,823.5286
2016-08-02,eu,2016-08-02,827.5258
2016-08-03,eu,2016-08-03,831.9639
2016-08-04,eu,2016-08-04,836.2152
2016-08-05,eu,2016-08-05,840.4002
2016-08-06,eu,2016-08-06,845.4702
2016-08-07,eu,2016-08-07,850.8015
2016-08-08,eu,2016-08-08,855.3267
2016-08-09,eu,2016-08-09,858.6523
2016-08-10,eu,2016-08-10,861.9442
2016-08-11,eu,2016-08-11,865.3633
2016-08-12,eu,2016-08-12,869.3072
2016-08-13,eu,2016-08-13,873.8374
2016-08-14,eu,2016-08-14,878.2027
2016-08-15,eu,2016-08-15,881.9824
2016-08-16,eu,2016-08-16,885.1638
2016-08-17,eu,2016-08-17,888.2641
2016-08-18,eu,2016-08-18,891.5352
2016-08-19,eu,2016-08-19,895.7697
2016-08-20,eu,2016-08-20,900.3727
2016-08-21,eu,2016-08-21,904.5085
2016-08-22,eu,2016-08-22,907.5622
2016-08-23,eu,2016-08-23,910.3196
2016-08-24,eu,2016-08-24,912.9716
2016-08-25,eu,2016-08-25,915.2968
2016-08-26,eu,2016-08-26,918.2482
2016-08-27,eu,2016-08-27,921.4458
2016-08-28,eu,2016-08-28,925.2197
2016-08-29,eu,2016-08-29,927.7083
2016-08-30,eu,2016-08-30,930.1822
2016-08-31,eu,2016-08-31,932.1066
2016-09-01,eu,2016-09-01,933.2792
2016-09-02,eu,2016-09-02,935.3964
2016-09-03,eu,2016-09-03,938.6795
2016-09-04,eu,2016-09-04,942.3183
2016-09-05,eu,2016-09-05,944.4711
2016-09-06,eu,2016-09-06,946.7376
2016-09-07,eu,2016-09-07,948.1124
2016-09-08,eu,2016-09-08,950.5378
2016-09-09,eu,2016-09-09,952.7389
2016-09-10,eu,2016-09-10,955.7069
2016-09-11,eu,2016-09-11,958.9701
2016-09-12,eu,2016-09-12,961.5292
2016-09-13,eu,2016-09-13,963.6402
2016-09-14,eu,2016-09-14,965.6026
2016-09-15,eu,2016-09-15,967.6046
2016-09-16,eu,2016-09-16,969.6802
2016-09-17,eu,2016-09-17,972.5215
2016-09-18,eu,2016-09-18,975.5876
2016-09-19,eu,2016-09-19,977.4362
2016-09-20,eu,2016-09-20,979.2681
2016-09-21,eu,2016-09-21,981.6049
2016-09-22,eu,2016-09-22,980.5953
2016-09-23,eu,2016-09-23,982.9189
2016-09-24,eu,2016-09-24,986.133
2016-09-25,eu,2016-09-25,989.3587
2016-09-26,eu,2016-09-26,990.9498
2016-09-27,eu,2016-09-27,992.7091
2016-09-28,eu,2016-09-28,994.96
2016-09-29,eu,2016-09-29,996.6897
2016-09-30,eu,2016-09-30,998.2166
2016-10-01,eu,2016-10-01,1000.5137
2016-10-02,eu,2016-10-02,1002.6458
2016-10-03,eu,2016-10-03,1004.0885
2016-10-04,eu,2016-10-04,1005.4406
2016-10-05,eu,2016-10-05,1006.7321
2016-10-06,eu,2016-10-06,1006.9818
2016-10-07,eu,2016-10-07,1006.8815
2016-10-08,eu,2016-10-08,1007.8177
2016-10-09,eu,2016-10-09,1008.7333
2016-10-10,eu,2016-10-10,1008.5712
2016-10-11,eu,2016-10-11,1007.4907
2016-10-12,eu,2016-10-12,1006.3575
2016-10-13,eu,2016-10-13,1005.6009
2016-10-14,eu,2016-10-14,1005.09
2016-10-15,eu,2016-10-15,1006.1723
2016-10-16,eu,2016-10-16,1007.9511
2016-10-17,eu,2016-10-17,1008.2697
2016-10-18,eu,2016-10-18,1008.1067
2016-10-19,eu,2016-10-19,1007.3842
2016-10-20,eu,2016-10-20,1006.273
2016-10-21,eu,2016-10-21,1005.2791
2016-10-22,eu,2016-10-22,1005.0382
2016-10-23,eu,2016-10-23,1005.0355
2016-10-24,eu,2016-10-24,1003.9453
2016-10-25,eu,2016-10-25,1003.0162
2016-10-26,eu,2016-10-26,1002.349
2016-10-27,eu,2016-10-27,1001.6661
2016-10-28,eu,2016-10-28,1001.2702
2016-10-29,eu,2016-10-29,1002.1273
2016-10-30,eu,2016-10-30,1002.8556
2016-10-31,eu,2016-10-31,1001.5963
2016-11-01,eu,2016-11-01,1000.7965
2016-11-02,eu,2016-11-02,998.805
2016-11-03,eu,2016-11-03,995.4114
2016-11-04,eu,2016-11-04,992.4387
2016-11-05,eu,2016-11-05,990.6286
2016-11-06,eu,2016-11-06,988.7436
2016-11-07,eu,2016-11-07,984.1717
2016-11-08,eu,2016-11-08,978.7381
2016-11-09,eu,2016-11-09,973.17
2016-11-10,eu,2016-11-10,968.0916
2016-11-11,eu,2016-11-11,963.8935
2016-11-12,eu,2016-11-12,959.7589
2016-11-13,eu,2016-11-13,956.0637
2016-11-14,eu,2016-11-14,950.9638
2016-11-15,eu,2016-11-15,946.2422
2016-11-16,eu,2016-11-16,942.5259
2016-11-17,eu,2016-11-17,939.0254
2016-11-18,eu,2016-11-18,935.5248
2016-11-19,eu,2016-11-19,933.0277
2016-11-20,eu,2016-11-20,931.1691
2016-11-21,eu,2016-11-21,928.7769
2016-11-22,eu,2016-11-22,926.2056
2016-11-23,eu,2016-11-23,922.9502
2016-11-24,eu,2016-11-24,919.4914
2016-11-25,eu,2016-11-25,915.1846
2016-11-26,eu,2016-11-26,911.8423
2016-11-27,eu,2016-11-27,908.7993
2016-11-28,eu,2016-11-28,902.6811
2016-11-29,eu,2016-11-29,894.6936
2016-11-30,eu,2016-11-30,886.638
2016-12-01,eu,2016-12-01,880.2225
2016-12-02,eu,2016-12-02,873.7437
2016-12-03,eu,2016-12-03,868.1434
2016-12-04,eu,2016-12-04,862.1025
2016-12-05,eu,2016-12-05,853.9337
2016-12-06,eu,2016-12-06,845.7372
2016-12-07,eu,2016-12-07,838.6365
2016-12-08,eu,2016-12-08,832.8186
2016-12-09,eu,2016-12-09,827.6081
2016-12-10,eu,2016-12-10,823.7354
2016-12-11,eu,2016-12-11,820.0099
2016-12-12,eu,2016-12-12,813.705
2016-12-13,eu,2016-12-13,807.3614
2016-12-14,eu,2016-12-14,800.953
2016-12-15,eu,2016-12-15,794.2275
2016-12-16,eu,2016-12-16,787.4158
2016-12-17,eu,2016-12-17,781.6921
2016-12-18,eu,2016-12-18,776.1948
2016-12-19,eu,2016-12-19,768.7214
2016-12-20,eu,2016-12-20,760.6692
2016-12-21,eu,2016-12-21,753.57
2016-12-22,eu,2016-12-22,747.116
2016-12-23,eu,2016-12-23,741.7869
2016-12-24,eu,2016-12-24,738.9783
2016-12-25,eu,2016-12-25,737.568
2016-12-26,eu,2016-12-26,735.1147
2016-12-27,eu,2016-12-27,730.319
2016-12-28,eu,2016-12-28,724.7382
2016-12-29,eu,2016-12-29,718.5105
2016-12-30,eu,2016-12-30,712.2088
2016-12-31,eu,2016-12-31,706.9783
2017-01-01,eu,2017-01-01,700.5848
2017-01-02,eu,2017-01-02,694.3452
2017-01-03,eu,2017-01-03,686.3773
2017-01-04,eu,2017-01-04,678.6863
2017-01-05,eu,2017-01-05,669.445
2017-01-06,eu,2017-01-06,659.7761
2017-01-07,eu,2017-01-07,652.136
2017-01-08,eu,2017-01-08,644.6084
2017-01-09,eu,2017-01-09,635.9968
2017-01-10,eu,2017-01-10,627.5522
2017-01-11,eu,2017-01-11,619.5439
2017-01-12,eu,2017-01-12,611.8617
2017-01-13,eu,2017-01-13,603.9695
2017-01-14,eu,2017-01-14,597.5129
2017-01-15,eu,2017-01-15,591.0381
2017-01-16,eu,2017-01-16,581.9948
2017-01-17,eu,2017-01-17,571.8833
2017-01-18,eu,2017-01-18,561.6448
2017-01-19,eu,2017-01-19,551.4549
2017-01-20,eu,2017-01-20,541.9186
2017-01-21,eu,2017-01-21,534.3452
2017-01-22,eu,2017-01-22,526.4636
2017-01-23,eu,2017-01-23,516.7356
2017-01-24,eu,2017-01-24,507.2424
2017-01-25,eu,2017-01-25,497.7261
2017-01-26,eu,2017-01-26,488.2387
2017-01-27,eu,2017-01-27,479.6266
2017-01-28,eu,2017-01-28,473.5579
2017-01-29,eu,2017-01-29,467.7231
2017-01-30,eu,2017-01-30,461.0445
2017-01-31,eu,2017-01-31,454.0573
2017-02-01,eu,2017-02-01,449.0217
2017-02-02,eu,2017-02-02,444.167
2017-02-03,eu,2017-02-03,440.0336
2017-02-04,eu,2017-02-04,436.9401
2017-02-05,eu,2017-02-05,433.581
2017-02-06,eu,2017-02-06,427.8434
2017-02-07,eu,2017-02-07,421.558
2017-02-08,eu,2017-02-08,414.5794
2017-02-09,eu,2017-02-09,406.4134
2017-02-10,eu,2017-02-10,398.1714
2017-02-11,eu,2017-02-11,392.0958
2017-02-12,eu,2017-02-12,387.7294
2017-02-13,eu,2017-02-13,382.2053
2017-02-14,eu,2017-02-14,375.9495
2017-02-15,eu,2017-02-15,371.0874
2017-02-16,eu,2017-02-16,366.2708
2017-02-17,eu,2017-02-17,361.8221
2017-02-18,eu,2017-02-18,359.0066
2017-02-19,eu,2017-02-19,356.1272
2017-02-20,eu,2017-02-20,351.4258
2017-02-21,eu,2017-02-21,348.3928
2017-02-22,eu,2017-02-22,345.4639
2017-02-23,eu,2017-02-23,342.0819
2017-02-24,eu,2017-02-24,337.7873
2017-02-25,eu,2017-02-25,334.653
2017-02-26,eu,2017-02-26,332.5718
2017-02-27,eu,2017-02-27,329.4983
2017-02-28,eu,2017-02-28,325.5227
2017-03-01,eu,2017-03-01,321.8501
2017-03-02,eu,2017-03-02,318.5252
2017-03-03,eu,2017-03-03,315.6945
2017-03-04,eu,2017-03-04,314.7729
2017-03-05,eu,2017-03-05,313.6856
2017-03-06,eu,2017-03-06,310.595
2017-03-07,eu,2017-03-07,306.713
2017-03-08,eu,2017-03-08,303.7699
2017-03-09,eu,2017-03-09,301.7153
2017-03-10,eu,2017-03-10,300.0519
2017-03-11,eu,2017-03-11,299.5713
2017-03-12,eu,2017-03-12,299.216
2017-03-13,eu,2017-03-13,296.8344
2017-03-14,eu,2017-03-14,294.8351
2017-03-15,eu,2017-03-15,293.297
2017-03-16,eu,2017-03-16,292.304
2017-03-17,eu,2017-03-17,291.3549
2017-03-18,eu,2017-03-18,291.5415
2017-03-19,eu,2017-03-19,292.1352
2017-03-20,eu,2017-03-20,290.921
2017-03-21,eu,2017-03-21,290.4626
2017-03-22,eu,2017-03-22,288.899
2017-03-23,eu,2017-03-23,287.8348
2017-03-24,eu,2017-03-24,287.1039
2017-03-25,eu,2017-03-25,287.5239
2017-03-26,eu,2017-03-26,288.097
2017-03-27,eu,2017-03-27,287.083
2017-03-28,eu,2017-03-28,286.6257
2017-03-29,eu,2017-03-29,286.895
2017-03-30,eu,2017-03-30,287.8762
2017-03-31,eu,2017-03-31,286.3888
2017-04-01,eu,2017-04-01,289.5155
2017-04-02,eu,2017-04-02,294.6248
2017-04-03,eu,2017-04-03,296.1639
2017-04-04,eu,2017-04-04,297.7767
2017-04-05,eu,2017-04-05,299.0964
2017-04-06,eu,2017-04-06,300.1557
2017-04-07,eu,2017-04-07,301.4874
2017-04-08,eu,2017-04-08,303.7959
2017-04-09,eu,2017-04-09,307.2142
2017-04-10,eu,2017-04-10,309.4224
2017-04-11,eu,2017-04-11,311.4374
2017-04-12,eu,2017-04-12,313.3114
2017-04-13,eu,2017-04-13,315.0363
2017-04-14,eu,2017-04-14,317.309
2017-04-15,eu,2017-04-15,320.3111
2017-04-16,eu,2017-04-16,322.9165
2017-04-17,eu,2017-04-17,325.2943
2017-04-18,eu,2017-04-18,326.2743
2017-04-19,eu,2017-04-19,325.3917
2017-04-20,eu,2017-04-20,324.5832
2017-04-21,eu,2017-04-21,324.9291
2017-04-22,eu,2017-04-22,326.9585
2017-04-23,eu,2017-04-23,329.0867
2017-04-24,eu,2017-04-24,330.534
2017-04-25,eu,2017-04-25,326.1246
2017-04-26,eu,2017-04-26,331.559
2017-04-27,eu,2017-04-27,331.7496
2017-04-28,eu,2017-04-28,332.3159
2017-04-29,eu,2017-04-29,334.2701
2017-04-30,eu,2017-04-30,337.7165
2017-05-01,eu,2017-05-01,340.4871
2017-05-02,eu,2017-05-02,342.0321
2017-05-03,eu,2017-05-03,344.0727
2017-05-04,eu,2017-05-04,346.1364
2017-05-05,eu,2017-05-05,348.5021
2017-05-06,eu,2017-05-06,351.403
2017-05-07,eu,2017-05-07,354.6832
2017-05-08,eu,2017-05-08,356.3714
2017-05-09,eu,2017-05-09,357.1198
2017-05-10,eu,2017-05-10,358.4319
2017-05-11,eu,2017-05-11,360.4604
2017-05-12,eu,2017-05-12,363.2631
2017-05-13,eu,2017-05-13,366.9046
2017-05-14,eu,2017-05-14,370.779
2017-05-15,eu,2017-05-15,373.8517
2017-05-16,eu,2017-05-16,377.0836
2017-05-17,eu,2017-05-17,380.6543
2017-05-18,eu,2017-05-18,384.1693
2017-05-19,eu,2017-05-19,387.7465
2017-05-20,eu,2017-05-20,392.2123
2017-05-21,eu,2017-05-21,397.1625
2017-05-22,eu,2017-05-22,401.2696
2017-05-23,eu,2017-05-23,405.3959
2017-05-24,eu,2017-05-24,409.4789
2017-05-25,eu,2017-05-25,414.1932
2017-05-26,eu,2017-05-26,419.1911
2017-05-27,eu,2017-05-27,424.8254
2017-05-28,eu,2017-05-28,430.5248
2017-05-29,eu,2017-05-29,434.7659
2017-05-30,eu,2017-05-30,438.9684
2017-05-31,eu,2017-05-31,442.7653
2017-06-01,eu,2017-06-01,447.3657
2017-06-02,eu,2017-06-02,452.4237
2017-06-03,eu,2017-06-03,458.3302
2017-06-04,eu,2017-06-04,464.3529
2017-06-05,eu,2017-06-05,469.6035
2017-06-06,eu,2017-06-06,473.9023
2017-06-07,eu,2017-06-07,478.075
2017-06-08,eu,2017-06-08,481.43
2017-06-09,eu,2017-06-09,486.2737
2017-06-10,eu,2017-06-10,491.3727
2017-06-11,eu,2017-06-11,497.0905
2017-06-12,eu,2017-06-12,501.4732
2017-06-13,eu,2017-06-13,505.273
2017-06-14,eu,2017-06-14,508.7152
2017-06-15,eu,2017-06-15,512.1596
2017-06-16,eu,2017-06-16,515.6759
2017-06-17,eu,2017-06-17,519.6656
2017-06-18,eu,2017-06-18,523.4909
2017-06-19,eu,2017-06-19,525.9437
2017-06-20,eu,2017-06-20,528.1882
2017-06-21,eu,2017-06-21,530.2091
2017-06-22,eu,2017-06-22,533.6985
2017-06-23,eu,2017-06-23,536.3249
2017-06-24,eu,2017-06-24,540.4279
2017-06-25,eu,2017-06-25,544.6214
2017-06-26,eu,2017-06-26,548.0808
2017-06-27,eu,2017-06-27,550.7346
2017-06-28,eu,2017-06-28,553.5979
2017-06-29,eu,2017-06-29,557.8561
2017-06-30,eu,2017-06-30,561.5609
2017-07-01,eu,2017-07-01,566.5879
2017-07-02,eu,2017-07-02,571.868
2017-07-03,eu,2017-07-03,577.6979
2017-07-04,eu,2017-07-04,580.8259
2017-07-05,eu,2017-07-05,585.3565
2017-07-06,eu,2017-07-06,589.0219
2017-07-07,eu,2017-07-07,591.5686
2017-07-08,eu,2017-07-08,597.4136
2017-07-09,eu,2017-07-09,603.5768
2017-07-10,eu,2017-07-10,606.9281
2017-07-11,eu,2017-07-11,610.7443
2017-07-12,eu,2017-07-12,612.7872
2017-07-13,eu,2017-07-13,615.9061
2017-07-14,eu,2017-07-14,620.9715
2017-07-15,eu,2017-07-15,625.8021
2017-07-16,eu,2017-07-16,631.1049
2017-07-17,eu,2017-07-17,634.15
2017-07-18,eu,2017-07-18,637.497
2017-07-19,eu,2017-07-19,641.3322
2017-07-20,eu,2017-07-20,646.2261
2017-07-21,eu,2017-07-21,650.4645
2017-07-22,eu,2017-07-22,655.9247
2017-07-23,eu,2017-07-23,661.3523
2017-07-24,eu,2017-07-24,665.1848
2017-07-25,eu,2017-07-25,669.2235
2017-07-26,eu,2017-07-26,674.1922
2017-07-27,eu,2017-07-27,678.7077
2017-07-28,eu,2017-07-28,683.7428
2017-07-29,eu,2017-07-29,689.3658
2017-07-30,eu,2017-07-30,693.3642
2017-07-31,eu,2017-07-31,699.0098
2017-08-01,eu,2017-08-01,702.2074
2017-08-02,eu,2017-08-02,705.9654
2017-08-03,eu,2017-08-03,710.3812
2017-08-04,eu,2017-08-04,715.2415
2017-08-05,eu,2017-08-05,720.7331
2017-08-06,eu,2017-08-06,726.3692
2017-08-07,eu,2017-08-07,731.2662
2017-08-08,eu,2017-08-08,735.3064
2017-08-09,eu,2017-08-09,739.4421
2017-08-10,eu,2017-08-10,743.7576
2017-08-11,eu,2017-08-11,748.6994
2017-08-12,eu,2017-08-12,754.6046
2017-08-13,eu,2017-08-13,758.8845
2017-08-14,eu,2017-08-14,765.937
2017-08-15,eu,2017-08-15,770.9246
2017-08-16,eu,2017-08-16,776.6042
2017-08-17,eu,2017-08-17,781.8359
2017-08-18,eu,2017-08-18,787.1367
2017-08-19,eu,2017-08-19,792.5803
2017-08-20,eu,2017-08-20,797.8311
2017-08-21,eu,2017-08-21,801.93
2017-08-22,eu,2017-08-22,806.2653
2017-08-23,eu,2017-08-23,810.6399
2017-08-24,eu,2017-08-24,814.8919
2017-08-25,eu,2017-08-25,819.5436
2017-08-26,eu,2017-08-26,825.1633
2017-08-27,eu,2017-08-27,830.7607
2017-08-28,eu,2017-08-28,835.4345
2017-08-29,eu,2017-08-29,839.6573
2017-08-30,eu,2017-08-30,843.8632
2017-08-31,eu,2017-08-31,847.9416
2017-09-01,eu,2017-09-01,851.337
2017-09-02,eu,2017-09-02,856.083
2017-09-03,eu,2017-09-03,861.1729
2017-09-04,eu,2017-09-04,864.977
2017-09-05,eu,2017-09-05,868.1152
2017-09-06,eu,2017-09-06,871.9135
2017-09-07,eu,2017-09-07,875.6324
2017-09-08,eu,2017-09-08,879.34
2017-09-09,eu,2017-09-09,883.7371
2017-09-10,eu,2017-09-10,888.5042
2017-09-11,eu,2017-09-11,891.2935
2017-09-12,eu,2017-09-12,893.66
2017-09-13,eu,2017-09-13,895.7784
2017-09-14,eu,2017-09-14,897.605
2017-09-15,eu,2017-09-15,898.8232
2017-09-16,eu,2017-09-16,901.2746
2017-09-17,eu,2017-09-17,903.6459
2017-09-18,eu,2017-09-18,904.2527
2017-09-19,eu,2017-09-19,904.9921
2017-09-20,eu,2017-09-20,905.9407
2017-09-21,eu,2017-09-21,901.2157
2017-09-22,eu,2017-09-22,903.3557
2017-09-23,eu,2017-09-23,906.8985
2017-09-24,eu,2017-09-24,910.7196
2017-09-25,eu,2017-09-25,912.4609
2017-09-26,eu,2017-09-26,914.663
2017-09-27,eu,2017-09-27,916.4476
2017-09-28,eu,2017-09-28,918.8623
2017-09-29,eu,2017-09-29,921.7005
2017-09-30,eu,2017-09-30,925.006
2017-10-01,eu,2017-10-01,928.4003
2017-10-02,eu,2017-10-02,931.8851
2017-10-03,eu,2017-10-03,934.0941
2017-10-04,eu,2017-10-04,935.613
2017-10-05,eu,2017-10-05,938.8556
2017-10-06,eu,2017-10-06,940.1947
2017-10-07,eu,2017-10-07,942.3668
2017-10-08,eu,2017-10-08,944.5434
2017-10-09,eu,2017-10-09,945.1853
2017-10-10,eu,2017-10-10,945.413
2017-10-11,eu,2017-10-11,946.039
2017-10-12,eu,2017-10-12,947.679
2017-10-13,eu,2017-10-13,949.6308
2017-10-14,eu,2017-10-14,953.3585
2017-10-15,eu,2017-10-15,957.1303
2017-10-16,eu,2017-10-16,959.4934
2017-10-17,eu,2017-10-17,961.4622
2017-10-18,eu,2017-10-18,962.8607
2017-10-19,eu,2017-10-19,964.628
2017-10-20,eu,2017-10-20,966.3916
2017-10-21,eu,2017-10-21,969.0968
2017-10-22,eu,2017-10-22,971.5639
2017-10-23,eu,2017-10-23,972.2294
2017-10-24,eu,2017-10-24,973.2073
2017-10-25,eu,2017-10-25,974.6381
2017-10-26,eu,2017-10-26,975.3117
2017-10-27,eu,2017-10-27,976.1182
2017-10-28,eu,2017-10-28,977.8407
2017-10-29,eu,2017-10-29,979.3759
2017-10-30,eu,2017-10-30,978.7032
2017-10-31,eu,2017-10-31,977.8323
2017-11-01,eu,2017-11-01,977.4279
2017-11-02,eu,2017-11-02,976.1075
2017-11-03,eu,2017-11-03,975.404
2017-11-04,eu,2017-11-04,975.5324
2017-11-05,eu,2017-11-05,975.4503
2017-11-06,eu,2017-11-06,972.9811
2017-11-07,eu,2017-11-07,969.9278
2017-11-08,eu,2017-11-08,966.5078
2017-11-09,eu,2017-11-09,964.3152
2017-11-10,eu,2017-11-10,961.6425
2017-11-11,eu,2017-11-11,960.1221
2017-11-12,eu,2017-11-12,958.461
2017-11-13,eu,2017-11-13,955.0813
2017-11-14,eu,2017-11-14,950.0404
2017-11-15,eu,2017-11-15,945.8556
2017-11-16,eu,2017-11-16,942.3073
2017-11-17,eu,2017-11-17,938.3961
2017-11-18,eu,2017-11-18,935.46
2017-11-19,eu,2017-11-19,932.3291
2017-11-20,eu,2017-11-20,928.0944
2017-11-21,eu,2017-11-21,924.3041
2017-11-22,eu,2017-11-22,921.4935
2017-11-23,eu,2017-11-23,918.4328
2017-11-24,eu,2017-11-24,914.7806
2017-11-25,eu,2017-11-25,912.0647
2017-11-26,eu,2017-11-26,909.0419
2017-11-27,eu,2017-11-27,903.3231
2017-11-28,eu,2017-11-28,897.2504
2017-11-29,eu,2017-11-29,890.4486
2017-11-30,eu,2017-11-30,882.8205
2017-12-01,eu,2017-12-01,875.9422
2017-12-02,eu,2017-12-02,869.7634
2017-12-03,eu,2017-12-03,864.2764
2017-12-04,eu,2017-12-04,857.7294
2017-12-05,eu,2017-12-05,851.6932
2017-12-06,eu,2017-12-06,845.9459
2017-12-07,eu,2017-12-07,839.3876
2017-12-08,eu,2017-12-08,833.2557
2017-12-09,eu,2017-12-09,827.0363
2017-12-10,eu,2017-12-10,820.6273
2017-12-11,eu,2017-12-11,812.9174
2017-12-12,eu,2017-12-12,803.8485
2017-12-13,eu,2017-12-13,795.5926
2017-12-14,eu,2017-12-14,788.6692
2017-12-15,eu,2017-12-15,782.9059
2017-12-16,eu,2017-12-16,777.134
2017-12-17,eu,2017-12-17,771.6745
2017-12-18,eu,2017-12-18,763.872
2017-12-19,eu,2017-12-19,755.7623
2017-12-20,eu,2017-12-20,748.2755
2017-12-21,eu,2017-12-21,741.9976
2017-12-22,eu,2017-12-22,736.5429
2017-12-23,eu,2017-12-23,734.0267
2017-12-24,eu,2017-12-24,732.3271
2017-12-25,eu,2017-12-25,730.3765
2017-12-26,eu,2017-12-26,727.4488
2017-12-27,eu,2017-12-27,723.5147
2017-12-28,eu,2017-12-28,718.2783
2017-12-29,eu,2017-12-29,713.4663
2017-12-30,eu,2017-12-30,711.1245
2017-12-31,eu,2017-12-31,710.0223
2018-01-01,eu,2018-01-01,707.9605
2018-01-02,eu,2018-01-02,704.3719
2018-01-03,eu,2018-01-03,700.3256
2018-01-04,eu,2018-01-04,696.6067
2018-01-05,eu,2018-01-05,692.8076
2018-01-06,eu,2018-01-06,689.6565
2018-01-07,eu,2018-01-07,685.3265
2018-01-08,eu,2018-01-08,678.6338
2018-01-09,eu,2018-01-09,672.1083
2018-01-10,eu,2018-01-10,665.962
2018-01-11,eu,2018-01-11,659.593
2018-01-12,eu,2018-01-12,653.3138
2018-01-13,eu,2018-01-13,648.0133
2018-01-14,eu,2018-01-14,642.6784
2018-01-15,eu,2018-01-15,635.4556
2018-01-16,eu,2018-01-16,628.478
2018-01-17,eu,2018-01-17,620.8586
2018-01-18,eu,2018-01-18,613.3779
2018-01-19,eu,2018-01-19,605.7912
2018-01-20,eu,2018-01-20,599.5157
2018-01-21,eu,2018-01-21,594.0077
2018-01-22,eu,2018-01-22,587.2117
2018-01-23,eu,2018-01-23,581.4526
2018-01-24,eu,2018-01-24,576.5051
2018-01-25,eu,2018-01-25,570.3085
2018-01-26,eu,2018-01-26,564.0042
2018-01-27,eu,2018-01-27,559.699
2018-01-28,eu,2018-01-28,556.5872
2018-01-29,eu,2018-01-29,551.6893
2018-01-30,eu,2018-01-30,545.8511
2018-01-31,eu,2018-01-31,539.9828
2018-02-01,eu,2018-02-01,533.8346
2018-02-02,eu,2018-02-02,527.3318
2018-02-03,eu,2018-02-03,521.6491
2018-02-04,eu,2018-02-04,515.508
2018-02-05,eu,2018-02-05,506.5086
2018-02-06,eu,2018-02-06,496.7876
2018-02-07,eu,2018-02-07,486.9823
2018-02-08,eu,2018-02-08,477.525
2018-02-09,eu,2018-02-09,468.8675
2018-02-10,eu,2018-02-10,462.9078
2018-02-11,eu,2018-02-11,457.6266
2018-02-12,eu,2018-02-12,449.7554
2018-02-13,eu,2018-02-13,441.6587
2018-02-14,eu,2018-02-14,434.5225
2018-02-15,eu,2018-02-15,427.4693
2018-02-16,eu,2018-02-16,420.8776
2018-02-17,eu,2018-02-17,415.5983
2018-02-18,eu,2018-02-18,410.2666
2018-02-19,eu,2018-02-19,402.6672
2018-02-20,eu,2018-02-20,395.0829
2018-02-21,eu,2018-02-21,386.9138
2018-02-22,eu,2018-02-22,378.3152
2018-02-23,eu,2018-02-23,369.8704
2018-02-24,eu,2018-02-24,362.4192
2018-02-25,eu,2018-02-25,354.3525
2018-02-26,eu,2018-02-26,343.3871
2018-02-27,eu,2018-02-27,332.1279
2018-02-28,eu,2018-02-28,320.2015
2018-03-01,eu,2018-03-01,309.7405
2018-03-02,eu,2018-03-02,299.7086
2018-03-03,eu,2018-03-03,291.2838
2018-03-04,eu,2018-03-04,285.4582
2018-03-05,eu,2018-03-05,279.2478
2018-03-06,eu,2018-03-06,273.514
2018-03-07,eu,2018-03-07,263.595
2018-03-08,eu,2018-03-08,262.7476
2018-03-09,eu,2018-03-09,259.1156
2018-03-10,eu,2018-03-10,257.6539
2018-03-11,eu,2018-03-11,256.8776
2018-03-12,eu,2018-03-12,254.5396
2018-03-13,eu,2018-03-13,252.1138
2018-03-14,eu,2018-03-14,249.8087
2018-03-15,eu,2018-03-15,247.0538
2018-03-16,eu,2018-03-16,244.5086
2018-03-17,eu,2018-03-17,240.6906
2018-03-18,eu,2018-03-18,235.7713
2018-03-19,eu,2018-03-19,229.3726
2018-03-20,eu,2018-03-20,223.5011
2018-03-21,eu,2018-03-21,218.0236
2018-03-22,eu,2018-03-22,213.0427
2018-03-23,eu,2018-03-23,209.1172
2018-03-24,eu,2018-03-24,207.1961
2018-03-25,eu,2018-03-25,206.4263
2018-03-26,eu,2018-03-26,203.9731
2018-03-27,eu,2018-03-27,201.138
2018-03-28,eu,2018-03-28,198.7293
2018-03-29,eu,2018-03-29,196.8097
2018-03-30,eu,2018-03-30,195.9908
2018-03-31,eu,2018-03-31,193.8398
2018-04-01,eu,2018-04-01,195.6986
2018-04-02,eu,2018-04-02,195.9589
2018-04-03,eu,2018-04-03,196.4064
2018-04-04,eu,2018-04-04,197.2655
2018-04-05,eu,2018-04-05,197.3454
2018-04-06,eu,2018-04-06,198.4187
2018-04-07,eu,2018-04-07,200.9372
2018-04-08,eu,2018-04-08,204.0305
2018-04-09,eu,2018-04-09,205.859
2018-04-10,eu,2018-04-10,207.0818
2018-04-11,eu,2018-04-11,208.003
2018-04-12,eu,2018-04-12,208.6654
2018-04-13,eu,2018-04-13,210.013
2018-04-14,eu,2018-04-14,212.9365
2018-04-15,eu,2018-04-15,217.0587
2018-04-16,eu,2018-04-16,219.3698
2018-04-17,eu,2018-04-17,222.4565
2018-04-18,eu,2018-04-18,226.4534
2018-04-19,eu,2018-04-19,230.6042
2018-04-20,eu,2018-04-20,234.8814
2018-04-21,eu,2018-04-21,240.1813
2018-04-22,eu,2018-04-22,246.0993
2018-04-23,eu,2018-04-23,250.4122
2018-04-24,eu,2018-04-24,253.782
2018-04-25,eu,2018-04-25,257.4378
2018-04-26,eu,2018-04-26,261.1537
2018-04-27,eu,2018-04-27,264.6077
2018-04-28,eu,2018-04-28,269.0047
2018-04-29,eu,2018-04-29,273.5615
2018-04-30,eu,2018-04-30,276.6912
2018-05-01,eu,2018-05-01,281.729
2018-05-02,eu,2018-05-02,284.0328
2018-05-03,eu,2018-05-03,285.9819
2018-05-04,eu,2018-05-04,289.3456
2018-05-05,eu,2018-05-05,293.6526
2018-05-06,eu,2018-05-06,297.9404
2018-05-07,eu,2018-05-07,302.6501
2018-05-08,eu,2018-05-08,307.2554
2018-05-09,eu,2018-05-09,311.6543
2018-05-10,eu,2018-05-10,316.4261
2018-05-11,eu,2018-05-11,321.3558
2018-05-12,eu,2018-05-12,326.6478
2018-05-13,eu,2018-05-13,330.8335
2018-05-14,eu,2018-05-14,336.1063
2018-05-15,eu,2018-05-15,340.2899
2018-05-16,eu,2018-05-16,344.4699
2018-05-17,eu,2018-05-17,348.583
2018-05-18,eu,2018-05-18,352.3793
2018-05-19,eu,2018-05-19,357.2085
2018-05-20,eu,2018-05-20,362.4806
2018-05-21,eu,2018-05-21,367.6796
2018-05-22,eu,2018-05-22,372.2478
2018-05-23,eu,2018-05-23,376.6139
2018-05-24,eu,2018-05-24,380.1512
2018-05-25,eu,2018-05-25,384.7516
2018-05-26,eu,2018-05-26,390.4251
2018-05-27,eu,2018-05-27,396.2265
2018-05-28,eu,2018-05-28,401.017
2018-05-29,eu,2018-05-29,405.1234
2018-05-30,eu,2018-05-30,409.0331
2018-05-31,eu,2018-05-31,412.7136
2018-06-01,eu,2018-06-01,416.3063
2018-06-02,eu,2018-06-02,421.3521
2018-06-03,eu,2018-06-03,426.4026
2018-06-04,eu,2018-06-04,430.4139
2018-06-05,eu,2018-06-05,433.5593
2018-06-06,eu,2018-06-06,437.0533
2018-06-07,eu,2018-06-07,440.6507
2018-06-08,eu,2018-06-08,444.4817
2018-06-09,eu,2018-06-09,449.4559
2018-06-10,eu,2018-06-10,454.6919
2018-06-11,eu,2018-06-11,458.8031
2018-06-12,eu,2018-06-12,462.5324
2018-06-13,eu,2018-06-13,466.9985
2018-06-14,eu,2018-06-14,471.6902
2018-06-15,eu,2018-06-15,475.4202
2018-06-16,eu,2018-06-16,480.5745
2018-06-17,eu,2018-06-17,485.7686
2018-06-18,eu,2018-06-18,489.8143
2018-06-19,eu,2018-06-19,493.5564
2018-06-20,eu,2018-06-20,497.0908
2018-06-21,eu,2018-06-21,500.6768
2018-06-22,eu,2018-06-22,497.0067
2018-06-23,eu,2018-06-23,502.0234
2018-06-24,eu,2018-06-24,507.0137
2018-06-25,eu,2018-06-25,518.5325
2018-06-26,eu,2018-06-26,522.4184
2018-06-27,eu,2018-06-27,525.938
2018-06-28,eu,2018-06-28,529.8471
2018-06-29,eu,2018-06-29,534.1862
2018-06-30,eu,2018-06-30,539.1119
2018-07-01,eu,2018-07-01,544.5783
2018-07-02,eu,2018-07-02,549.0331
2018-07-03,eu,2018-07-03,553.1903
2018-07-04,eu,2018-07-04,557.858
2018-07-05,eu,2018-07-05,562.0249
2018-07-06,eu,2018-07-06,566.5904
2018-07-07,eu,2018-07-07,572.3119
2018-07-08,eu,2018-07-08,577.9867
2018-07-09,eu,2018-07-09,582.0904
2018-07-10,eu,2018-07-10,584.8449
2018-07-11,eu,2018-07-11,588.5612
2018-07-12,eu,2018-07-12,592.1408
2018-07-13,eu,2018-07-13,595.9452
2018-07-14,eu,2018-07-14,601.4034
2018-07-15,eu,2018-07-15,606.9181
2018-07-16,eu,2018-07-16,611.1376
2018-07-17,eu,2018-07-17,613.8865
2018-07-18,eu,2018-07-18,617.6256
2018-07-19,eu,2018-07-19,620.7931
2018-07-20,eu,2018-07-20,624.2835
2018-07-21,eu,2018-07-21,629.0137
2018-07-22,eu,2018-07-22,633.8847
2018-07-23,eu,2018-07-23,637.5862
2018-07-24,eu,2018-07-24,640.8578
2018-07-25,eu,2018-07-25,644.2615
2018-07-26,eu,2018-07-26,647.7411
2018-07-27,eu,2018-07-27,651.4496
2018-07-28,eu,2018-07-28,656.3108
2018-07-29,eu,2018-07-29,661.3794
2018-07-30,eu,2018-07-30,665.8304
2018-07-31,eu,2018-07-31,670.4859
2018-08-01,eu,2018-08-01,674.8092
2018-08-02,eu,2018-08-02,678.8306
2018-08-03,eu,2018-08-03,682.9977
2018-08-04,eu,2018-08-04,688.201
2018-08-05,eu,2018-08-05,693.4977
2018-08-06,eu,2018-08-06,697.5201
2018-08-07,eu,2018-08-07,702.1437
2018-08-08,eu,2018-08-08,706.3916
2018-08-09,eu,2018-08-09,710.8606
2018-08-10,eu,2018-08-10,715.8876
2018-08-11,eu,2018-08-11,721.4902
2018-08-12,eu,2018-08-12,726.9602
2018-08-13,eu,2018-08-13,731.4271
2018-08-14,eu,2018-08-14,736.0606
2018-08-15,eu,2018-08-15,741.3129
2018-08-16,eu,2018-08-16,746.1719
2018-08-17,eu,2018-08-17,751.3644
2018-08-18,eu,2018-08-18,756.9435
2018-08-19,eu,2018-08-19,762.4935
2018-08-20,eu,2018-08-20,766.5062
2018-08-21,eu,2018-08-21,770.5599
2018-08-22,eu,2018-08-22,774.5313
2018-08-23,eu,2018-08-23,778.3792
2018-08-24,eu,2018-08-24,781.9706
2018-08-25,eu,2018-08-25,787.2257
2018-08-26,eu,2018-08-26,792.1954
2018-08-27,eu,2018-08-27,796.4625
2018-08-28,eu,2018-08-28,800.0076
2018-08-29,eu,2018-08-29,803.4076
2018-08-30,eu,2018-08-30,806.6467
2018-08-31,eu,2018-08-31,809.4957
2018-09-01,eu,2018-09-01,814.4907
2018-09-02,eu,2018-09-02,818.9071
2018-09-03,eu,2018-09-03,821.8985
2018-09-04,eu,2018-09-04,824.7982
2018-09-05,eu,2018-09-05,827.8199
2018-09-06,eu,2018-09-06,830.7357
2018-09-07,eu,2018-09-07,833.7547
2018-09-08,eu,2018-09-08,837.6508
2018-09-09,eu,2018-09-09,841.8829
2018-09-10,eu,2018-09-10,845.5416
2018-09-11,eu,2018-09-11,848.7235
2018-09-12,eu,2018-09-12,851.5552
2018-09-13,eu,2018-09-13,853.2952
2018-09-14,eu,2018-09-14,857.8157
2018-09-15,eu,2018-09-15,862.4156
2018-09-16,eu,2018-09-16,867.2342
2018-09-17,eu,2018-09-17,870.6213
2018-09-18,eu,2018-09-18,874.2442
2018-09-19,eu,2018-09-19,877.8337
2018-09-20,eu,2018-09-20,880.87
2018-09-21,eu,2018-09-21,884.442
2018-09-22,eu,2018-09-22,887.8939
2018-09-23,eu,2018-09-23,891.3841
2018-09-24,eu,2018-09-24,893.6638
2018-09-25,eu,2018-09-25,895.5665
2018-09-26,eu,2018-09-26,897.7377
2018-09-27,eu,2018-09-27,900.4152
2018-09-28,eu,2018-09-28,903.0282
2018-09-29,eu,2018-09-29,906.0196
2018-09-30,eu,2018-09-30,909.0696
2018-10-01,eu,2018-10-01,910.4941
2018-10-02,eu,2018-10-02,912.1225
2018-10-03,eu,2018-10-03,913.8572
2018-10-04,eu,2018-10-04,915.3747
2018-10-05,eu,2018-10-05,917.5064
2018-10-06,eu,2018-10-06,920.6424
2018-10-07,eu,2018-10-07,923.6469
2018-10-08,eu,2018-10-08,925.4089
2018-10-09,eu,2018-10-09,926.9378
2018-10-10,eu,2018-10-10,929.0268
2018-10-11,eu,2018-10-11,931.8175
2018-10-12,eu,2018-10-12,935.2262
2018-10-13,eu,2018-10-13,939.7847
2018-10-14,eu,2018-10-14,943.8417
2018-10-15,eu,2018-10-15,946.4568
2018-10-16,eu,2018-10-16,948.8606
2018-10-17,eu,2018-10-17,950.7673
2018-10-18,eu,2018-10-18,952.4152
2018-10-19,eu,2018-10-19,954.1001
2018-10-20,eu,2018-10-20,956.9937
2018-10-21,eu,2018-10-21,959.6933
2018-10-22,eu,2018-10-22,960.6898
2018-10-23,eu,2018-10-23,961.613
2018-10-24,eu,2018-10-24,962.3789
2018-10-25,eu,2018-10-25,962.8056
2018-10-26,eu,2018-10-26,962.9589
2018-10-27,eu,2018-10-27,963.4235
2018-10-28,eu,2018-10-28,963.2733
2018-10-29,eu,2018-10-29,961.725
2018-10-30,eu,2018-10-30,962.2078
2018-10-31,eu,2018-10-31,960.9387
2018-11-01,eu,2018-11-01,960.8694
2018-11-02,eu,2018-11-02,961.0153
2018-11-03,eu,2018-11-03,961.2999
2018-11-04,eu,2018-11-04,961.7141
2018-11-05,eu,2018-11-05,961.544
2018-11-06,eu,2018-11-06,961.701
2018-11-07,eu,2018-11-07,961.246
2018-11-08,eu,2018-11-08,959.7779
2018-11-09,eu,2018-11-09,959.6406
2018-11-10,eu,2018-11-10,960.2593
2018-11-11,eu,2018-11-11,961.2442
2018-11-12,eu,2018-11-12,960.7422
2018-11-13,eu,2018-11-13,959.772
2018-11-14,eu,2018-11-14,958.6396
2018-11-15,eu,2018-11-15,956.9051
2018-11-16,eu,2018-11-16,954.2972
2018-11-17,eu,2018-11-17,951.9934
2018-11-18,eu,2018-11-18,949.3259
2018-11-19,eu,2018-11-19,944.842
2018-11-20,eu,2018-11-20,939.2326
2018-11-21,eu,2018-11-21,933.6329
2018-11-22,eu,2018-11-22,927.8463
2018-11-23,eu,2018-11-23,922.7866
2018-11-24,eu,2018-11-24,919.4868
2018-11-25,eu,2018-11-25,916.56
2018-11-26,eu,2018-11-26,907.0361
2018-11-27,eu,2018-11-27,906.8978
2018-11-28,eu,2018-11-28,902.6396
2018-11-29,eu,2018-11-29,898.8889
2018-11-30,eu,2018-11-30,894.8698
2018-12-01,eu,2018-12-01,891.8348
2018-12-02,eu,2018-12-02,890.586
2018-12-03,eu,2018-12-03,888.1141
2018-12-04,eu,2018-12-04,884.4197
2018-12-05,eu,2018-12-05,880.1564
2018-12-06,eu,2018-12-06,872.0514
2018-12-07,eu,2018-12-07,874.3813
2018-12-08,eu,2018-12-08,872.918
2018-12-09,eu,2018-12-09,871.2691
2018-12-10,eu,2018-12-10,866.4622
2018-12-11,eu,2018-12-11,860.9191
2018-12-12,eu,2018-12-12,849.4995
2018-12-13,eu,2018-12-13,847.2932
2018-12-14,eu,2018-12-14,839.6908
2018-12-15,eu,2018-12-15,833.4522
2018-12-16,eu,2018-12-16,827.4312
2018-12-17,eu,2018-12-17,821.2256
2018-12-18,eu,2018-12-18,814.9217
2018-12-19,eu,2018-12-19,809.0619
2018-12-20,eu,2018-12-20,803.6299
2018-12-21,eu,2018-12-21,800.1555
2018-12-22,eu,2018-12-22,798.1298
2018-12-23,eu,2018-12-23,795.9355
2018-12-24,eu,2018-12-24,793.2882
2018-12-25,eu,2018-12-25,791.0241
2018-12-26,eu,2018-12-26,787.9345
2018-12-27,eu,2018-12-27,783.6983
2018-12-28,eu,2018-12-28,779.7154
2018-12-29,eu,2018-12-29,777.4183
2018-12-30,eu,2018-12-30,775.9112
2018-12-31,eu,2018-12-31,773.642
2019-01-01,eu,2019-01-01,772.9588
2019-01-02,eu,2019-01-02,768.8429
2019-01-03,eu,2019-01-03,762.5541
2019-01-04,eu,2019-01-04,756.6236
2019-01-05,eu,2019-01-05,752.0849
2019-01-06,eu,2019-01-06,747.8447
2019-01-07,eu,2019-01-07,742.4303
2019-01-08,eu,2019-01-08,737.3898
2019-01-09,eu,2019-01-09,730.6762
2019-01-10,eu,2019-01-10,723.1001
2019-01-11,eu,2019-01-11,718.0105
2019-01-12,eu,2019-01-12,715.1927
2019-01-13,eu,2019-01-13,713.3381
2019-01-14,eu,2019-01-14,704.4644
2019-01-15,eu,2019-01-15,699.4975
2019-01-16,eu,2019-01-16,693.5962
2019-01-17,eu,2019-01-17,687.337
2019-01-18,eu,2019-01-18,680.0134
2019-01-19,eu,2019-01-19,673.3108
2019-01-20,eu,2019-01-20,666.3679
2019-01-21,eu,2019-01-21,657.7644
2019-01-22,eu,2019-01-22,648.7184
2019-01-23,eu,2019-01-23,634.9666
2019-01-24,eu,2019-01-24,630.312
2019-01-25,eu,2019-01-25,622.3133
2019-01-26,eu,2019-01-26,617.2877
2019-01-27,eu,2019-01-27,612.8832
2019-01-28,eu,2019-01-28,605.8797
2019-01-29,eu,2019-01-29,598.3747
2019-01-30,eu,2019-01-30,590.4134
2019-01-31,eu,2019-01-31,582.4672
2019-02-01,eu,2019-02-01,575.6255
2019-02-02,eu,2019-02-02,570.4922
2019-02-03,eu,2019-02-03,565.5511
2019-02-04,eu,2019-02-04,558.748
2019-02-05,eu,2019-02-05,552.2161
2019-02-06,eu,2019-02-06,542.268
2019-02-07,eu,2019-02-07,541.4492
2019-02-08,eu,2019-02-08,536.9727
2019-02-09,eu,2019-02-09,533.9174
2019-02-10,eu,2019-02-10,531.0094
2019-02-11,eu,2019-02-11,525.2963
2019-02-12,eu,2019-02-12,520.3015
2019-02-13,eu,2019-02-13,515.1744
2019-02-14,eu,2019-02-14,510.8601
2019-02-15,eu,2019-02-15,507.3494
2019-02-16,eu,2019-02-16,505.5205
2019-02-17,eu,2019-02-17,500.1625
2019-02-18,eu,2019-02-18,501.3647
2019-02-19,eu,2019-02-19,498.4505
2019-02-20,eu,2019-02-20,495.2587
2019-02-21,eu,2019-02-21,480.6266
2019-02-22,eu,2019-02-22,482.0009
2019-02-23,eu,2019-02-23,480.0256
2019-02-24,eu,2019-02-24,478.0452
2019-02-25,eu,2019-02-25,475.056
2019-02-26,eu,2019-02-26,473.1459
2019-02-27,eu,2019-02-27,471.1493
2019-02-28,eu,2019-02-28,469.0087
2019-03-01,eu,2019-03-01,467.7028
2019-03-02,eu,2019-03-02,468.0082
2019-03-03,eu,2019-03-03,468.363
2019-03-04,eu,2019-03-04,467.4576
2019-03-05,eu,2019-03-05,466.1071
2019-03-06,eu,2019-03-06,465.2695
2019-03-07,eu,2019-03-07,464.3783
2019-03-08,eu,2019-03-08,463.6929
2019-03-09,eu,2019-03-09,464.0096
2019-03-10,eu,2019-03-10,464.2409
2019-03-11,eu,2019-03-11,462.4449
2019-03-12,eu,2019-03-12,460.0894
2019-03-13,eu,2019-03-13,457.8731
2019-03-14,eu,2019-03-14,456.1207
2019-03-15,eu,2019-03-15,455.5345
2019-03-16,eu,2019-03-16,455.7275
2019-03-17,eu,2019-03-17,456.1773
2019-03-18,eu,2019-03-18,454.1664
2019-03-19,eu,2019-03-19,451.9056
2019-03-20,eu,2019-03-20,450.2369
2019-03-21,eu,2019-03-21,449.4115
2019-03-22,eu,2019-03-22,449.8122
2019-03-23,eu,2019-03-23,451.5749
2019-03-24,eu,2019-03-24,451.6937
2019-03-25,eu,2019-03-25,454.0804
2019-03-26,eu,2019-03-26,453.521
2019-03-27,eu,2019-03-27,452.6659
2019-03-28,eu,2019-03-28,452.3945
2019-03-29,eu,2019-03-29,453.307
2019-03-30,eu,2019-03-30,455.4355
2019-03-31,eu,2019-03-31,437.7756
2019-04-01,eu,2019-04-01,442.724
2019-04-02,eu,2019-04-02,461.7061
2019-04-03,eu,2019-04-03,462.421
2019-04-04,eu,2019-04-04,461.1649
2019-04-05,eu,2019-04-05,461.5862
2019-04-06,eu,2019-04-06,464.0988
2019-04-07,eu,2019-04-07,467.1951
2019-04-08,eu,2019-04-08,468.8949
2019-04-09,eu,2019-04-09,470.2249
2019-04-10,eu,2019-04-10,471.029
2019-04-11,eu,2019-04-11,471.3055
2019-04-12,eu,2019-04-12,471.0803
2019-04-13,eu,2019-04-13,472.0433
2019-04-14,eu,2019-04-14,459.5313
2019-04-15,eu,2019-04-15,474.7835
2019-04-16,eu,2019-04-16,476.796
2019-04-17,eu,2019-04-17,479.554
2019-04-18,eu,2019-04-18,483.6645
2019-04-19,eu,2019-04-19,488.8664
2019-04-20,eu,2019-04-20,494.6297
2019-04-21,eu,2019-04-21,501.0171
2019-04-22,eu,2019-04-22,507.3954
2019-04-23,eu,2019-04-23,512.3261
2019-04-24,eu,2019-04-24,517.3837
2019-04-25,eu,2019-04-25,522.1005
2019-04-26,eu,2019-04-26,526.8316
2019-04-27,eu,2019-04-27,531.5495
2019-04-28,eu,2019-04-28,535.5771
2019-04-29,eu,2019-04-29,538.4041
2019-04-30,eu,2019-04-30,541.5989
2019-05-01,eu,2019-05-01,546.5037
2019-05-02,eu,2019-05-02,550.4812
2019-05-03,eu,2019-05-03,554.3541
2019-05-04,eu,2019-05-04,558.3738
2019-05-05,eu,2019-05-05,561.8888
2019-05-06,eu,2019-05-06,563.8286
2019-05-07,eu,2019-05-07,566.315
2019-05-08,eu,2019-05-08,569.3471
2019-05-09,eu,2019-05-09,572.2173
2019-05-10,eu,2019-05-10,575.3023
2019-05-11,eu,2019-05-11,579.2859
2019-05-12,eu,2019-05-12,583.2714
2019-05-13,eu,2019-05-13,586.1073
2019-05-14,eu,2019-05-14,588.9053
2019-05-15,eu,2019-05-15,591.3292
2019-05-16,eu,2019-05-16,594.0182
2019-05-17,eu,2019-05-17,597.3902
2019-05-18,eu,2019-05-18,602.2126
2019-05-19,eu,2019-05-19,607.1135
2019-05-20,eu,2019-05-20,611.1937
2019-05-21,eu,2019-05-21,615.4147
2019-05-22,eu,2019-05-22,619.7648
2019-05-23,eu,2019-05-23,624.2822
2019-05-24,eu,2019-05-24,629.2706
2019-05-25,eu,2019-05-25,634.7172
2019-05-26,eu,2019-05-26,641.1472
2019-05-27,eu,2019-05-27,645.5354
2019-05-28,eu,2019-05-28,649.2063
2019-05-29,eu,2019-05-29,653.4663
2019-05-30,eu,2019-05-30,658.5938
2019-05-31,eu,2019-05-31,663.9979
2019-06-01,eu,2019-06-01,670.0804
2019-06-02,eu,2019-06-02,676.4202
2019-06-03,eu,2019-06-03,681.4853
2019-06-04,eu,2019-06-04,686.1669
2019-06-05,eu,2019-06-05,690.5056
2019-06-06,eu,2019-06-06,695.2851
2019-06-07,eu,2019-06-07,700.1221
2019-06-08,eu,2019-06-08,705.5203
2019-06-09,eu,2019-06-09,710.8629
2019-06-10,eu,2019-06-10,715.7336
2019-06-11,eu,2019-06-11,719.93
2019-06-12,eu,2019-06-12,724.2531
2019-06-13,eu,2019-06-13,728.6667
2019-06-14,eu,2019-06-14,733.0137
2019-06-15,eu,2019-06-15,738.434
2019-06-16,eu,2019-06-16,743.6158
2019-06-17,eu,2019-06-17,748.3133
2019-06-18,eu,2019-06-18,752.3829
2019-06-19,eu,2019-06-19,756.3131
2019-06-20,eu,2019-06-20,760.6313
2019-06-21,eu,2019-06-21,764.9598
2019-06-22,eu,2019-06-22,770.1251
2019-06-23,eu,2019-06-23,775.8448
2019-06-24,eu,2019-06-24,780.187
2019-06-25,eu,2019-06-25,784.5777
2019-06-26,eu,2019-06-26,788.9202
2019-06-27,eu,2019-06-27,793.1239
2019-06-28,eu,2019-06-28,797.4315
2019-06-29,eu,2019-06-29,802.4354
2019-06-30,eu,2019-06-30,807.3647
2019-07-01,eu,2019-07-01,811.5108
2019-07-02,eu,2019-07-02,814.7536
2019-07-03,eu,2019-07-03,818.1757
2019-07-04,eu,2019-07-04,821.5901
2019-07-05,eu,2019-07-05,825.2032
2019-07-06,eu,2019-07-06,830.123
2019-07-07,eu,2019-07-07,835.0021
2019-07-08,eu,2019-07-08,838.2937
2019-07-09,eu,2019-07-09,840.9
2019-07-10,eu,2019-07-10,844.1355
2019-07-11,eu,2019-07-11,847.5236
2019-07-12,eu,2019-07-12,851.4358
2019-07-13,eu,2019-07-13,856.0671
2019-07-14,eu,2019-07-14,860.8849
2019-07-15,eu,2019-07-15,864.4612
2019-07-16,eu,2019-07-16,867.1122
2019-07-17,eu,2019-07-17,869.6917
2019-07-18,eu,2019-07-18,872.5518
2019-07-19,eu,2019-07-19,875.4466
2019-07-20,eu,2019-07-20,879.4804
2019-07-21,eu,2019-07-21,883.7218
2019-07-22,eu,2019-07-22,886.886
2019-07-23,eu,2019-07-23,890.1689
2019-07-24,eu,2019-07-24,893.1096
2019-07-25,eu,2019-07-25,896.1769
2019-07-26,eu,2019-07-26,898.9908
2019-07-27,eu,2019-07-27,902.9149
2019-07-28,eu,2019-07-28,907.2727
2019-07-29,eu,2019-07-29,910.6318
2019-07-30,eu,2019-07-30,914.2321
2019-07-31,eu,2019-07-31,918.1113
2019-08-01,eu,2019-08-01,920.2925
2019-08-02,eu,2019-08-02,923.5787
2019-08-03,eu,2019-08-03,927.4354
2019-08-04,eu,2019-08-04,931.4886
2019-08-05,eu,2019-08-05,934.8875
2019-08-06,eu,2019-08-06,938.2017
2019-08-07,eu,2019-08-07,941.8394
2019-08-08,eu,2019-08-08,945.2788
2019-08-09,eu,2019-08-09,949.4967
2019-08-10,eu,2019-08-10,953.6734
2019-08-11,eu,2019-08-11,958.0556
2019-08-12,eu,2019-08-12,961.3451
2019-08-13,eu,2019-08-13,964.3816
2019-08-14,eu,2019-08-14,967.6266
2019-08-15,eu,2019-08-15,971.4555
2019-08-16,eu,2019-08-16,975.2129
2019-08-17,eu,2019-08-17,979.5055
2019-08-18,eu,2019-08-18,984.3065
2019-08-19,eu,2019-08-19,988.4405
2019-08-20,eu,2019-08-20,991.6704
2019-08-21,eu,2019-08-21,995.0755
2019-08-22,eu,2019-08-22,998.4089
2019-08-23,eu,2019-08-23,1000.237
2019-08-24,eu,2019-08-24,1003.5568
2019-08-25,eu,2019-08-25,1007.0631
2019-08-26,eu,2019-08-26,1009.5506
2019-08-27,eu,2019-08-27,1011.3412
2019-08-28,eu,2019-08-28,1013.1526
2019-08-29,eu,2019-08-29,1015.2195
2019-08-30,eu,2019-08-30,1017.6227
2019-08-31,eu,2019-08-31,1019.9502
2019-09-01,eu,2019-09-01,1026.4134
2019-09-02,eu,2019-09-02,1028.8279
2019-09-03,eu,2019-09-03,1030.6118
2019-09-04,eu,2019-09-04,1032.6901
2019-09-05,eu,2019-09-05,1034.5201
2019-09-06,eu,2019-09-06,1036.1692
2019-09-07,eu,2019-09-07,1037.8664
2019-09-08,eu,2019-09-08,1039.6913
2019-09-09,eu,2019-09-09,1040.8453
2019-09-10,eu,2019-09-10,1042.304
2019-09-11,eu,2019-09-11,1044.1169
2019-09-12,eu,2019-09-12,1046.0372
2019-09-13,eu,2019-09-13,1047.8398
2019-09-14,eu,2019-09-14,1050.4434
2019-09-15,eu,2019-09-15,1053.1789
2019-09-16,eu,2019-09-16,1055.4448
2019-09-17,eu,2019-09-17,1056.987
2019-09-18,eu,2019-09-18,1057.9908
2019-09-19,eu,2019-09-19,1058.5329
2019-09-20,eu,2019-09-20,1059.5407
2019-09-21,eu,2019-09-21,1061.826
2019-09-22,eu,2019-09-22,1064.1215
2019-09-23,eu,2019-09-23,1065.298
2019-09-24,eu,2019-09-24,1066.6489
2019-09-25,eu,2019-09-25,1067.1943
2019-09-26,eu,2019-09-26,1068.4016
2019-09-27,eu,2019-09-27,1069.9522
2019-09-28,eu,2019-09-28,1072.2455
2019-09-29,eu,2019-09-29,1074.7617
2019-09-30,eu,2019-09-30,1074.7462
2019-10-01,eu,2019-10-01,1077.7482
2019-10-02,eu,2019-10-02,1079.1101
2019-10-03,eu,2019-10-03,1079.2972
2019-10-04,eu,2019-10-04,1079.3759
2019-10-05,eu,2019-10-05,1080.6878
2019-10-06,eu,2019-10-06,1082.3147
2019-10-07,eu,2019-10-07,1081.7553
2019-10-08,eu,2019-10-08,1081.826
2019-10-09,eu,2019-10-09,1081.899
2019-10-10,eu,2019-10-10,1088.4746
2019-10-11,eu,2019-10-11,1089.113
2019-10-12,eu,2019-10-12,1090.4937
2019-10-13,eu,2019-10-13,1092.5133
2019-10-14,eu,2019-10-14,1093.1494
2019-10-15,eu,2019-10-15,1093.7442
2019-10-16,eu,2019-10-16,1094.258
2019-10-17,eu,2019-10-17,1094.6038
2019-10-18,eu,2019-10-18,1094.7021
2019-10-19,eu,2019-10-19,1095.7336
2019-10-20,eu,2019-10-20,1095.4597
2019-10-21,eu,2019-10-21,1095.6879
2019-10-22,eu,2019-10-22,1095.6169
2019-10-23,eu,2019-10-23,1094.9583
2019-10-24,eu,2019-10-24,1095.4774
2019-10-25,eu,2019-10-25,1095.9822
2019-10-26,eu,2019-10-26,1097.6159
2019-10-27,eu,2019-10-27,1098.7872
2019-10-28,eu,2019-10-28,1098.8515
2019-10-29,eu,2019-10-29,1097.7188
2019-10-30,eu,2019-10-30,1096.5105
2019-10-31,eu,2019-10-31,1092.4743
2019-11-01,eu,2019-11-01,1093.2014
2019-11-02,eu,2019-11-02,1094.6654
2019-11-03,eu,2019-11-03,1096.0128
2019-11-04,eu,2019-11-04,1096.4955
2019-11-05,eu,2019-11-05,1096.348
2019-11-06,eu,2019-11-06,1095.9939
2019-11-07,eu,2019-11-07,1095.753
2019-11-08,eu,2019-11-08,1094.9132
2019-11-09,eu,2019-11-09,1094.8703
2019-11-10,eu,2019-11-10,1094.6162
2019-11-11,eu,2019-11-11,1093.2064
2019-11-12,eu,2019-11-12,1091.3196
2019-11-13,eu,2019-11-13,1089.2138
2019-11-14,eu,2019-11-14,1086.8526
2019-11-15,eu,2019-11-15,1085.2469
2019-11-16,eu,2019-11-16,1083.7946
2019-11-17,eu,2019-11-17,1082.6634
2019-11-18,eu,2019-11-18,1080.0751
2019-11-19,eu,2019-11-19,1076.4555
2019-11-20,eu,2019-11-20,1071.651
2019-11-21,eu,2019-11-21,1067.6341
2019-11-22,eu,2019-11-22,1065.2587
2019-11-23,eu,2019-11-23,1065.0321
2019-11-24,eu,2019-11-24,1064.953
2019-11-25,eu,2019-11-25,1063.4303
2019-11-26,eu,2019-11-26,1062.6602
2019-11-27,eu,2019-11-27,1062.0675
2019-11-28,eu,2019-11-28,1061.7028
2019-11-29,eu,2019-11-29,1061.1072
2019-11-30,eu,2019-11-30,1058.2341
2019-12-01,eu,2019-12-01,1058.6229
2019-12-02,eu,2019-12-02,1054.8231
2019-12-03,eu,2019-12-03,1051.2688
2019-12-04,eu,2019-12-04,1047.1334
2019-12-05,eu,2019-12-05,1042.6806
2019-12-06,eu,2019-12-06,1039.6221
2019-12-07,eu,2019-12-07,1038.135
2019-12-08,eu,2019-12-08,1037.9641
2019-12-09,eu,2019-12-09,1034.9249
2019-12-10,eu,2019-12-10,1031.0333
2019-12-11,eu,2019-12-11,1026.3457
2019-12-12,eu,2019-12-12,1021.4042
2019-12-13,eu,2019-12-13,1017.5835
2019-12-14,eu,2019-12-14,1015.8993
2019-12-15,eu,2019-12-15,1014.6287
2019-12-16,eu,2019-12-16,1011.7617
2019-12-17,eu,2019-12-17,1009.3227
2019-12-18,eu,2019-12-18,1007.2747
2019-12-19,eu,2019-12-19,1006.5019
2019-12-20,eu,2019-12-20,1005.8636
2019-12-21,eu,2019-12-21,1006.1726
2019-12-22,eu,2019-12-22,1006.5228
2019-12-23,eu,2019-12-23,1006.4832
2019-12-24,eu,2019-12-24,1006.5284
2019-12-25,eu,2019-12-25,1006.6153
2019-12-26,eu,2019-12-26,1006.1584
2019-12-27,eu,2019-12-27,1004.4405
2019-12-28,eu,2019-12-28,1002.3923
2019-12-29,eu,2019-12-29,999.8372
2019-12-30,eu,2019-12-30,996.4061
2019-12-31,eu,2019-12-31,993.2617
2020-01-01,eu,2020-01-01,989.3723
2020-01-02,eu,2020-01-02,984.0571
2020-01-03,eu,2020-01-03,979.5646
2020-01-04,eu,2020-01-04,975.3432
2020-01-05,eu,2020-01-05,970.8808
2020-01-06,eu,2020-01-06,964.9797
2020-01-07,eu,2020-01-07,958.6263
2020-01-08,eu,2020-01-08,952.6377
2020-01-09,eu,2020-01-09,946.9799
2020-01-10,eu,2020-01-10,942.1611
2020-01-11,eu,2020-01-11,937.305
2020-01-12,eu,2020-01-12,932.5911
2020-01-13,eu,2020-01-13,926.9272
2020-01-14,eu,2020-01-14,920.9897
2020-01-15,eu,2020-01-15,915.0176
2020-01-16,eu,2020-01-16,908.8158
2020-01-17,eu,2020-01-17,902.52
2020-01-18,eu,2020-01-18,896.2516
2020-01-19,eu,2020-01-19,889.3938
2020-01-20,eu,2020-01-20,881.6931
2020-01-21,eu,2020-01-21,873.0398
2020-01-22,eu,2020-01-22,864.491
2020-01-23,eu,2020-01-23,856.119
2020-01-24,eu,2020-01-24,847.7876
2020-01-25,eu,2020-01-25,840.9291
2020-01-26,eu,2020-01-26,835.038
2020-01-27,eu,2020-01-27,828.1443
2020-01-28,eu,2020-01-28,819.9162
2020-01-29,eu,2020-01-29,812.728
2020-01-30,eu,2020-01-30,807.2534
2020-01-31,eu,2020-01-31,802.2832
2020-02-01,eu,2020-02-01,800.2381
2020-02-02,eu,2020-02-02,798.0104
2020-02-03,eu,2020-02-03,793.8457
2020-02-04,eu,2020-02-04,788.756
2020-02-05,eu,2020-02-05,782.5483
2020-02-06,eu,2020-02-06,775.4525
2020-02-07,eu,2020-02-07,769.6958
2020-02-08,eu,2020-02-08,765.2176
2020-02-09,eu,2020-02-09,761.9931
2020-02-10,eu,2020-02-10,758.152
2020-02-11,eu,2020-02-11,752.8919
2020-02-12,eu,2020-02-12,747.3085
2020-02-13,eu,2020-02-13,741.3723
2020-02-14,eu,2020-02-14,736.5002
2020-02-15,eu,2020-02-15,734.2859
2020-02-16,eu,2020-02-16,732.6199
2020-02-17,eu,2020-02-17,729.0632
2020-02-18,eu,2020-02-18,724.7974
2020-02-19,eu,2020-02-19,720.0609
2020-02-20,eu,2020-02-20,716.1332
2020-02-21,eu,2020-02-21,712.0469
2020-02-22,eu,2020-02-22,709.6208
2020-02-23,eu,2020-02-23,707.7354
2020-02-24,eu,2020-02-24,704.3511
2020-02-25,eu,2020-02-25,700.7933
2020-02-26,eu,2020-02-26,695.0461
2020-02-27,eu,2020-02-27,688.929
2020-02-28,eu,2020-02-28,683.8402
2020-02-29,eu,2020-02-29,681.4501
2020-03-01,eu,2020-03-01,679.5554
2020-03-02,eu,2020-03-02,674.6575
2020-03-03,eu,2020-03-03,669.8744
2020-03-04,eu,2020-03-04,664.6655
2020-03-05,eu,2020-03-05,659.7722
2020-03-06,eu,2020-03-06,655.6936
2020-03-07,eu,2020-03-07,653.6299
2020-03-08,eu,2020-03-08,651.9823
2020-03-09,eu,2020-03-09,648.1446
2020-03-10,eu,2020-03-10,645.428
2020-03-11,eu,2020-03-11,643.7919
2020-03-12,eu,2020-03-12,642.3488
2020-03-13,eu,2020-03-13,639.7077
2020-03-14,eu,2020-03-14,638.0695
2020-03-15,eu,2020-03-15,637.5059
2020-03-16,eu,2020-03-16,635.5433
2020-03-17,eu,2020-03-17,634.1803
2020-03-18,eu,2020-03-18,633.063
2020-03-19,eu,2020-03-19,631.9295
2020-03-20,eu,2020-03-20,631.34
2020-03-21,eu,2020-03-21,631.901
2020-03-22,eu,2020-03-22,630.9598
2020-03-23,eu,2020-03-23,628.2147
2020-03-24,eu,2020-03-24,625.5494
2020-03-25,eu,2020-03-25,622.573
2020-03-26,eu,2020-03-26,619.8208
2020-03-27,eu,2020-03-27,618.3305
2020-03-28,eu,2020-03-28,617.9761
2020-03-29,eu,2020-03-29,616.8498
2020-03-30,eu,2020-03-30,614.6572
2020-03-31,eu,2020-03-31,611.0586
2020-04-01,eu,2020-04-01,612.1888
2020-04-02,eu,2020-04-02,612.1683
2020-04-03,eu,2020-04-03,612.2291
2020-04-04,eu,2020-04-04,613.9795
2020-04-05,eu,2020-04-05,616.4901
2020-04-06,eu,2020-04-06,618.7174
2020-04-07,eu,2020-04-07,621.1854
2020-04-08,eu,2020-04-08,624.2087
2020-04-09,eu,2020-04-09,627.8374
2020-04-10,eu,2020-04-10,631.7239
2020-04-11,eu,2020-04-11,636.0128
2020-04-12,eu,2020-04-12,641.1216
2020-04-13,eu,2020-04-13,644.2246
2020-04-14,eu,2020-04-14,647.2637
2020-04-15,eu,2020-04-15,649.652
2020-04-16,eu,2020-04-16,652.8659
2020-04-17,eu,2020-04-17,656.3424
2020-04-18,eu,2020-04-18,660.6651
2020-04-19,eu,2020-04-19,665.1292
2020-04-20,eu,2020-04-20,668.194
2020-04-21,eu,2020-04-21,672.0308
2020-04-22,eu,2020-04-22,669.1574
2020-04-23,eu,2020-04-23,679.4174
2020-04-24,eu,2020-04-24,683.4448
2020-04-25,eu,2020-04-25,687.6698
2020-04-26,eu,2020-04-26,691.6655
2020-04-27,eu,2020-04-27,694.9952
2020-04-28,eu,2020-04-28,697.9499
2020-04-29,eu,2020-04-29,701.475
2020-04-30,eu,2020-04-30,704.9562
2020-05-01,eu,2020-05-01,711.2822
2020-05-02,eu,2020-05-02,715.3486
2020-05-03,eu,2020-05-03,719.3342
2020-05-04,eu,2020-05-04,722.968
2020-05-05,eu,2020-05-05,726.2572
2020-05-06,eu,2020-05-06,729.5247
2020-05-07,eu,2020-05-07,733.2395
2020-05-08,eu,2020-05-08,737.8868
2020-05-09,eu,2020-05-09,743.4264
2020-05-10,eu,2020-05-10,748.0711
2020-05-11,eu,2020-05-11,751.7781
2020-05-12,eu,2020-05-12,753.4096
2020-05-13,eu,2020-05-13,755.5801
2020-05-14,eu,2020-05-14,757.9996
2020-05-15,eu,2020-05-15,760.6917
2020-05-16,eu,2020-05-16,764.7923
2020-05-17,eu,2020-05-17,769.3524
2020-05-18,eu,2020-05-18,773.195
2020-05-19,eu,2020-05-19,776.5589
2020-05-20,eu,2020-05-20,779.1559
2020-05-21,eu,2020-05-21,783.3416
2020-05-22,eu,2020-05-22,788.3264
2020-05-23,eu,2020-05-23,793.1866
2020-05-24,eu,2020-05-24,797.5722
2020-05-25,eu,2020-05-25,801.2768
2020-05-26,eu,2020-05-26,804.3666
2020-05-27,eu,2020-05-27,806.643
2020-05-28,eu,2020-05-28,809.3205
2020-05-29,eu,2020-05-29,812.1657
2020-05-30,eu,2020-05-30,807.4936
2020-05-31,eu,2020-05-31,811.3052
2020-06-01,eu,2020-06-01,822.853
2020-06-02,eu,2020-06-02,825.6694
2020-06-03,eu,2020-06-03,828.4637
2020-06-04,eu,2020-06-04,831.4145
2020-06-05,eu,2020-06-05,834.4237
2020-06-06,eu,2020-06-06,838.2251
2020-06-07,eu,2020-06-07,842.065
2020-06-08,eu,2020-06-08,844.4497
2020-06-09,eu,2020-06-09,846.1405
2020-06-10,eu,2020-06-10,847.9112
2020-06-11,eu,2020-06-11,850.5154
2020-06-12,eu,2020-06-12,853.5233
2020-06-13,eu,2020-06-13,857.5976
2020-06-14,eu,2020-06-14,861.5965
2020-06-15,eu,2020-06-15,863.7949
2020-06-16,eu,2020-06-16,865.8754
2020-06-17,eu,2020-06-17,867.8444
2020-06-18,eu,2020-06-18,870.1539
2020-06-19,eu,2020-06-19,872.6892
2020-06-20,eu,2020-06-20,876.4742
2020-06-21,eu,2020-06-21,880.5663
2020-06-22,eu,2020-06-22,883.5384
2020-06-23,eu,2020-06-23,886.0882
2020-06-24,eu,2020-06-24,888.4625
2020-06-25,eu,2020-06-25,890.8477
2020-06-26,eu,2020-06-26,893.6934
2020-06-27,eu,2020-06-27,897.5045
2020-06-28,eu,2020-06-28,901.5607
2020-06-29,eu,2020-06-29,904.4257
2020-06-30,eu,2020-06-30,905.5299
2020-07-01,eu,2020-07-01,908.9971
2020-07-02,eu,2020-07-02,911.1607
2020-07-03,eu,2020-07-03,914.4827
2020-07-04,eu,2020-07-04,918.7299
2020-07-05,eu,2020-07-05,923.0881
2020-07-06,eu,2020-07-06,925.4355
2020-07-07,eu,2020-07-07,926.8516
2020-07-08,eu,2020-07-08,927.9661
2020-07-09,eu,2020-07-09,929.1813
2020-07-10,eu,2020-07-10,931.2976
2020-07-11,eu,2020-07-11,934.8722
2020-07-12,eu,2020-07-12,939.0512
2020-07-13,eu,2020-07-13,941.978
2020-07-14,eu,2020-07-14,942.8601
2020-07-15,eu,2020-07-15,942.5143
2020-07-16,eu,2020-07-16,943.2691
2020-07-17,eu,2020-07-17,944.1216
2020-07-18,eu,2020-07-18,945.5546
2020-07-19,eu,2020-07-19,947.4801
2020-07-20,eu,2020-07-20,948.4201
2020-07-21,eu,2020-07-21,948.7371
2020-07-22,eu,2020-07-22,949.2265
2020-07-23,eu,2020-07-23,949.7162
2020-07-24,eu,2020-07-24,950.52
2020-07-25,eu,2020-07-25,951.1018
2020-07-26,eu,2020-07-26,954.5329
2020-07-27,eu,2020-07-27,956.8757
2020-07-28,eu,2020-07-28,959.9387
2020-07-29,eu,2020-07-29,961.9766
2020-07-30,eu,2020-07-30,963.7005
2020-07-31,eu,2020-07-31,962.0352
2020-08-01,eu,2020-08-01,968.2
2020-08-02,eu,2020-08-02,971.4198
2020-08-03,eu,2020-08-03,973.562
2020-08-04,eu,2020-08-04,975.6311
2020-08-05,eu,2020-08-05,977.4312
2020-08-06,eu,2020-08-06,979.5296
2020-08-07,eu,2020-08-07,981.9774
2020-08-08,eu,2020-08-08,985.2881
2020-08-09,eu,2020-08-09,988.9143
2020-08-10,eu,2020-08-10,990.9491
2020-08-11,eu,2020-08-11,992.8982
2020-08-12,eu,2020-08-12,995.0283
2020-08-13,eu,2020-08-13,997.1121
2020-08-14,eu,2020-08-14,999.6489
2020-08-15,eu,2020-08-15,1002.7258
2020-08-16,eu,2020-08-16,1006.0204
2020-08-17,eu,2020-08-17,1008.4055
2020-08-18,eu,2020-08-18,1010.5202
2020-08-19,eu,2020-08-19,1012.5656
2020-08-20,eu,2020-08-20,1014.5165
2020-08-21,eu,2020-08-21,1017.1891
2020-08-22,eu,2020-08-22,1020.5666
2020-08-23,eu,2020-08-23,1023.8305
2020-08-24,eu,2020-08-24,1025.17
2020-08-25,eu,2020-08-25,1026.7469
2020-08-26,eu,2020-08-26,1028.0913
2020-08-27,eu,2020-08-27,1028.7746
2020-08-28,eu,2020-08-28,1028.3191
2020-08-29,eu,2020-08-29,1029.8411
2020-08-30,eu,2020-08-30,1031.515
2020-08-31,eu,2020-08-31,1028.8276
2020-09-01,eu,2020-09-01,1029.029
2020-09-02,eu,2020-09-02,1032.0726
2020-09-03,eu,2020-09-03,1033.7569
2020-09-04,eu,2020-09-04,1035.479
2020-09-05,eu,2020-09-05,1038.2023
2020-09-06,eu,2020-09-06,1040.8082
2020-09-07,eu,2020-09-07,1042.1401
2020-09-08,eu,2020-09-08,1043.3833
2020-09-09,eu,2020-09-09,1044.8252
2020-09-10,eu,2020-09-10,1045.9859
2020-09-11,eu,2020-09-11,1047.6198
2020-09-12,eu,2020-09-12,1050.5457
2020-09-13,eu,2020-09-13,1053.5628
2020-09-14,eu,2020-09-14,1055.0947
2020-09-15,eu,2020-09-15,1056.3132
2020-09-16,eu,2020-09-16,1057.4501
2020-09-17,eu,2020-09-17,1057.0426
2020-09-18,eu,2020-09-18,1058.6616
2020-09-19,eu,2020-09-19,1060.822
2020-09-20,eu,2020-09-20,1063.0511
2020-09-21,eu,2020-09-21,1063.9875
2020-09-22,eu,2020-09-22,1064.9345
2020-09-23,eu,2020-09-23,1065.9497
2020-09-24,eu,2020-09-24,1067.3291
2020-09-25,eu,2020-09-25,1068.6393
2020-09-26,eu,2020-09-26,1070.2388
2020-09-27,eu,2020-09-27,1071.5895
2020-09-28,eu,2020-09-28,1070.9734
2020-09-29,eu,2020-09-29,1070.4903
2020-09-30,eu,2020-09-30,1069.4971
2020-10-01,eu,2020-10-01,1069.7371
2020-10-02,eu,2020-10-02,1071.3796
2020-10-03,eu,2020-10-03,1073.668
2020-10-04,eu,2020-10-04,1076.1228
2020-10-05,eu,2020-10-05,1076.7457
2020-10-06,eu,2020-10-06,1077.4846
2020-10-07,eu,2020-10-07,1077.9793
2020-10-08,eu,2020-10-08,1078.4698
2020-10-09,eu,2020-10-09,1079.1142
2020-10-10,eu,2020-10-10,1081.7609
2020-10-11,eu,2020-10-11,1082.9255
2020-10-12,eu,2020-10-12,1082.2651
2020-10-13,eu,2020-10-13,1081.0362
2020-10-14,eu,2020-10-14,1079.7394
2020-10-15,eu,2020-10-15,1077.8885
2020-10-16,eu,2020-10-16,1075.9345
2020-10-17,eu,2020-10-17,1073.3645
2020-10-18,eu,2020-10-18,1074.5812
2020-10-19,eu,2020-10-19,1073.1447
2020-10-20,eu,2020-10-20,1072.1337
2020-10-21,eu,2020-10-21,1071.6692
2020-10-22,eu,2020-10-22,1071.0828
2020-10-23,eu,2020-10-23,1070.5935
2020-10-24,eu,2020-10-24,1071.9768
2020-10-25,eu,2020-10-25,1073.2266
2020-10-26,eu,2020-10-26,1073.0916
2020-10-27,eu,2020-10-27,1071.374
2020-10-28,eu,2020-10-28,1070.4711
2020-10-29,eu,2020-10-29,1069.4884
2020-10-30,eu,2020-10-30,1069.9292
2020-10-31,eu,2020-10-31,1071.1719
2020-11-01,eu,2020-11-01,1073.2088
2020-11-02,eu,2020-11-02,1073.8714
2020-11-03,eu,2020-11-03,1072.7732
2020-11-04,eu,2020-11-04,1070.6743
2020-11-05,eu,2020-11-05,1068.288
2020-11-06,eu,2020-11-06,1066.6458
2020-11-07,eu,2020-11-07,1066.0218
2020-11-08,eu,2020-11-08,1065.7812
2020-11-09,eu,2020-11-09,1063.706
2020-11-10,eu,2020-11-10,1060.6777
2020-11-11,eu,2020-11-11,1058.503
2020-11-12,eu,2020-11-12,1056.3266
2020-11-13,eu,2020-11-13,1054.2709
2020-11-14,eu,2020-11-14,1054.1145
2020-11-15,eu,2020-11-15,1054.4507
2020-11-16,eu,2020-11-16,1052.8442
2020-11-17,eu,2020-11-17,1051.1011
2020-11-18,eu,2020-11-18,1049.8294
2020-11-19,eu,2020-11-19,1047.5709
2020-11-20,eu,2020-11-20,1044.1084
2020-11-21,eu,2020-11-21,1041.8235
2020-11-22,eu,2020-11-22,1039.1811
2020-11-23,eu,2020-11-23,1035.1752
2020-11-24,eu,2020-11-24,1030.7426
2020-11-25,eu,2020-11-25,1025.352
2020-11-26,eu,2020-11-26,1019.4843
2020-11-27,eu,2020-11-27,1013.5843
2020-11-28,eu,2020-11-28,1008.656
2020-11-29,eu,2020-11-29,1003.6541
2020-11-30,eu,2020-11-30,997.4892
2020-12-01,eu,2020-12-01,990.9385
2020-12-02,eu,2020-12-02,983.3817
2020-12-03,eu,2020-12-03,976.0273
2020-12-04,eu,2020-12-04,969.3817
2020-12-05,eu,2020-12-05,964.4584
2020-12-06,eu,2020-12-06,959.5145
2020-12-07,eu,2020-12-07,952.7886
2020-12-08,eu,2020-12-08,946.4354
2020-12-09,eu,2020-12-09,938.4491
2020-12-10,eu,2020-12-10,931.1603
2020-12-11,eu,2020-12-11,924.3756
2020-12-12,eu,2020-12-12,919.2407
2020-12-13,eu,2020-12-13,915.1718
2020-12-14,eu,2020-12-14,910.1957
2020-12-15,eu,2020-12-15,904.6342
2020-12-16,eu,2020-12-16,899.649
2020-12-17,eu,2020-12-17,894.9097
2020-12-18,eu,2020-12-18,890.8071
2020-12-19,eu,2020-12-19,888.0781
2020-12-20,eu,2020-12-20,884.9797
2020-12-21,eu,2020-12-21,880.6326
2020-12-22,eu,2020-12-22,876.9456
2020-12-23,eu,2020-12-23,874.4089
2020-12-24,eu,2020-12-24,872.1664
2020-12-25,eu,2020-12-25,868.9013
2020-12-26,eu,2020-12-26,865.6256
2020-12-27,eu,2020-12-27,861.3856
2020-12-28,eu,2020-12-28,855.6461
2020-12-29,eu,2020-12-29,849.8125
2020-12-30,eu,2020-12-30,843.9136
2020-12-31,eu,2020-12-31,831.1677
2021-01-01,eu,2021-01-01,821.0471
2021-01-02,eu,2021-01-02,815.2034
2021-01-03,eu,2021-01-03,808.9409
2021-01-04,eu,2021-01-04,800.5072
2021-01-05,eu,2021-01-05,791.3543
2021-01-06,eu,2021-01-06,782.6138
2021-01-07,eu,2021-01-07,772.7992
2021-01-08,eu,2021-01-08,762.877
2021-01-09,eu,2021-01-09,754.123
2021-01-10,eu,2021-01-10,745.6106
2021-01-11,eu,2021-01-11,735.5697
2021-01-12,eu,2021-01-12,725.8481
2021-01-13,eu,2021-01-13,716.6164
2021-01-14,eu,2021-01-14,706.6536
2021-01-15,eu,2021-01-15,695.9828
2021-01-16,eu,2021-01-16,686.5401
2021-01-17,eu,2021-01-17,677.4975
2021-01-18,eu,2021-01-18,667.1863
2021-01-19,eu,2021-01-19,658.164
2021-01-20,eu,2021-01-20,650.8212
2021-01-21,eu,2021-01-21,644.4764
2021-01-22,eu,2021-01-22,637.8695
2021-01-23,eu,2021-01-23,631.8246
2021-01-24,eu,2021-01-24,625.5712
2021-01-25,eu,2021-01-25,616.7906
2021-01-26,eu,2021-01-26,608.1744
2021-01-27,eu,2021-01-27,599.4277
2021-01-28,eu,2021-01-28,592.1306
2021-01-29,eu,2021-01-29,586.0171
2021-01-30,eu,2021-01-30,580.3436
2021-01-31,eu,2021-01-31,573.9565
2021-02-01,eu,2021-02-01,566.5318
2021-02-02,eu,2021-02-02,559.9243
2021-02-03,eu,2021-02-03,554.7463
2021-02-04,eu,2021-02-04,549.0135
2021-02-05,eu,2021-02-05,543.6517
2021-02-06,eu,2021-02-06,539.204
2021-02-07,eu,2021-02-07,533.2879
2021-02-08,eu,2021-02-08,524.0723
2021-02-09,eu,2021-02-09,514.1965
2021-02-10,eu,2021-02-10,504.1285
2021-02-11,eu,2021-02-11,494.1541
2021-02-12,eu,2021-02-12,483.9872
2021-02-13,eu,2021-02-13,474.45
2021-02-14,eu,2021-02-14,465.8806
2021-02-15,eu,2021-02-15,457.0876
2021-02-16,eu,2021-02-16,450.3982
2021-02-17,eu,2021-02-17,445.1442
2021-02-18,eu,2021-02-18,440.1709
2021-02-19,eu,2021-02-19,435.4151
2021-02-20,eu,2021-02-20,432.5188
2021-02-21,eu,2021-02-21,430.326
2021-02-22,eu,2021-02-22,426.2999
2021-02-23,eu,2021-02-23,423.1
2021-02-24,eu,2021-02-24,420.9966
2021-02-25,eu,2021-02-25,418.2144
2021-02-26,eu,2021-02-26,415.4891
2021-02-27,eu,2021-02-27,413.2642
2021-02-28,eu,2021-02-28,410.6103
2021-03-01,eu,2021-03-01,406.6548
2021-03-02,eu,2021-03-02,403.0039
2021-03-03,eu,2021-03-03,399.3546
2021-03-04,eu,2021-03-04,395.1393
2021-03-05,eu,2021-03-05,390.5833
2021-03-06,eu,2021-03-06,387.0604
2021-03-07,eu,2021-03-07,383.4563
2021-03-08,eu,2021-03-08,378.3816
2021-03-09,eu,2021-03-09,373.3702
2021-03-10,eu,2021-03-10,369.7328
2021-03-11,eu,2021-03-11,367.5106
2021-03-12,eu,2021-03-12,365.7345
2021-03-13,eu,2021-03-13,364.526
2021-03-14,eu,2021-03-14,363.0221
2021-03-15,eu,2021-03-15,360.6801
2021-03-16,eu,2021-03-16,357.555
2021-03-17,eu,2021-03-17,354.1742
2021-03-18,eu,2021-03-18,350.0702
2021-03-19,eu,2021-03-19,346.4071
2021-03-20,eu,2021-03-20,343.8841
2021-03-21,eu,2021-03-21,342.0809
2021-03-22,eu,2021-03-22,338.6275
2021-03-23,eu,2021-03-23,335.9099
2021-03-24,eu,2021-03-24,334.0307
2021-03-25,eu,2021-03-25,332.8264
2021-03-26,eu,2021-03-26,333.0272
2021-03-27,eu,2021-03-27,333.4407
2021-03-28,eu,2021-03-28,334.0159
2021-03-29,eu,2021-03-29,334.1765
2021-03-30,eu,2021-03-30,336.0534
2021-03-31,eu,2021-03-31,336.8879
2021-04-01,eu,2021-04-01,341.9738
2021-04-02,eu,2021-04-02,343.9877
2021-04-03,eu,2021-04-03,346.2124
2021-04-04,eu,2021-04-04,348.4047
2021-04-05,eu,2021-04-05,349.3313
2021-04-06,eu,2021-04-06,347.4055
2021-04-07,eu,2021-04-07,344.3053
2021-04-08,eu,2021-04-08,341.6286
2021-04-09,eu,2021-04-09,339.9419
2021-04-10,eu,2021-04-10,339.5003
2021-04-11,eu,2021-04-11,339.651
2021-04-12,eu,2021-04-12,336.7713
2021-04-13,eu,2021-04-13,333.4566
2021-04-14,eu,2021-04-14,330.351
2021-04-15,eu,2021-04-15,327.6783
2021-04-16,eu,2021-04-16,326.1315
2021-04-17,eu,2021-04-17,326.0341
2021-04-18,eu,2021-04-18,326.4368
2021-04-19,eu,2021-04-19,325.8858
2021-04-20,eu,2021-04-20,325.845
2021-04-21,eu,2021-04-21,326.5376
2021-04-22,eu,2021-04-22,327.2717
2021-04-23,eu,2021-04-23,328.2055
2021-04-24,eu,2021-04-24,330.8682
2021-04-25,eu,2021-04-25,333.4933
2021-04-26,eu,2021-04-26,334.5103
2021-04-27,eu,2021-04-27,335.3378
2021-04-28,eu,2021-04-28,336.4221
2021-04-29,eu,2021-04-29,337.4485
2021-04-30,eu,2021-04-30,335.3723
2021-05-01,eu,2021-05-01,337.7086
2021-05-02,eu,2021-05-02,340.121
2021-05-03,eu,2021-05-03,341.2154
2021-05-04,eu,2021-05-04,342.5559
2021-05-05,eu,2021-05-05,342.8799
2021-05-06,eu,2021-05-06,342.8565
2021-05-07,eu,2021-05-07,343.3877
2021-05-08,eu,2021-05-08,346.5113
2021-05-09,eu,2021-05-09,351.0278
2021-05-10,eu,2021-05-10,355.1405
2021-05-11,eu,2021-05-11,358.6192
2021-05-12,eu,2021-05-12,361.8055
2021-05-13,eu,2021-05-13,365.5239
2021-05-14,eu,2021-05-14,368.9597
2021-05-15,eu,2021-05-15,372.6576
2021-05-16,eu,2021-05-16,376.4621
2021-05-17,eu,2021-05-17,378.8022
2021-05-18,eu,2021-05-18,380.384
2021-05-19,eu,2021-05-19,382.1852
2021-05-20,eu,2021-05-20,385.0492
2021-05-21,eu,2021-05-21,388.5288
2021-05-22,eu,2021-05-22,392.4904
2021-05-23,eu,2021-05-23,396.6423
2021-05-24,eu,2021-05-24,400.203
2021-05-25,eu,2021-05-25,402.8204
2021-05-26,eu,2021-05-26,404.9542
2021-05-27,eu,2021-05-27,406.7525
2021-05-28,eu,2021-05-28,409.544
2021-05-29,eu,2021-05-29,414.1044
2021-05-30,eu,2021-05-30,418.8902
2021-05-31,eu,2021-05-31,421.4652
2021-06-01,eu,2021-06-01,425.5788
2021-06-02,eu,2021-06-02,430.1919
2021-06-03,eu,2021-06-03,434.6883
2021-06-04,eu,2021-06-04,439.056
2021-06-05,eu,2021-06-05,443.8085
2021-06-06,eu,2021-06-06,448.6742
2021-06-07,eu,2021-06-07,452.2073
2021-06-08,eu,2021-06-08,455.645
2021-06-09,eu,2021-06-09,458.1949
2021-06-10,eu,2021-06-10,461.4195
2021-06-11,eu,2021-06-11,464.9389
2021-06-12,eu,2021-06-12,469.7651
2021-06-13,eu,2021-06-13,474.8534
2021-06-14,eu,2021-06-14,478.8099
2021-06-15,eu,2021-06-15,482.0453
2021-06-16,eu,2021-06-16,485.1436
2021-06-17,eu,2021-06-17,488.2067
2021-06-18,eu,2021-06-18,492.0017
2021-06-19,eu,2021-06-19,496.3795
2021-06-20,eu,2021-06-20,500.8012
2021-06-21,eu,2021-06-21,504.1175
2021-06-22,eu,2021-06-22,506.3106
2021-06-23,eu,2021-06-23,508.5273
2021-06-24,eu,2021-06-24,510.9252
2021-06-25,eu,2021-06-25,513.7869
2021-06-26,eu,2021-06-26,517.8823
2021-06-27,eu,2021-06-27,522.2848
2021-06-28,eu,2021-06-28,525.599
2021-06-29,eu,2021-06-29,528.7688
2021-06-30,eu,2021-06-30,531.8106
2021-07-01,eu,2021-07-01,535.1005
2021-07-02,eu,2021-07-02,537.9867
2021-07-03,eu,2021-07-03,542.6616
2021-07-04,eu,2021-07-04,547.5837
2021-07-05,eu,2021-07-05,551.7199
2021-07-06,eu,2021-07-06,554.7252
2021-07-07,eu,2021-07-07,557.2525
2021-07-08,eu,2021-07-08,559.7473
2021-07-09,eu,2021-07-09,562.985
2021-07-10,eu,2021-07-10,567.5266
2021-07-11,eu,2021-07-11,572.1743
2021-07-12,eu,2021-07-12,575.4276
2021-07-13,eu,2021-07-13,577.2375
2021-07-14,eu,2021-07-14,579.1659
2021-07-15,eu,2021-07-15,580.9231
2021-07-16,eu,2021-07-16,583.586
2021-07-17,eu,2021-07-17,586.8925
2021-07-18,eu,2021-07-18,590.3155
2021-07-19,eu,2021-07-19,592.7703
2021-07-20,eu,2021-07-20,594.8212
2021-07-21,eu,2021-07-21,596.7512
2021-07-22,eu,2021-07-22,598.6881
2021-07-23,eu,2021-07-23,602.4194
2021-07-24,eu,2021-07-24,607.0905
2021-07-25,eu,2021-07-25,611.7013
2021-07-26,eu,2021-07-26,615.3514
2021-07-27,eu,2021-07-27,619.0122
2021-07-28,eu,2021-07-28,622.8933
2021-07-29,eu,2021-07-29,626.8133
2021-07-30,eu,2021-07-30,630.6542
2021-07-31,eu,2021-07-31,634.9883
2021-08-01,eu,2021-08-01,638.6839
2021-08-02,eu,2021-08-02,642.6653
2021-08-03,eu,2021-08-03,646.0346
2021-08-04,eu,2021-08-04,649.285
2021-08-05,eu,2021-08-05,652.6736
2021-08-06,eu,2021-08-06,656.8011
2021-08-07,eu,2021-08-07,661.1521
2021-08-08,eu,2021-08-08,665.458
2021-08-09,eu,2021-08-09,668.9002
2021-08-10,eu,2021-08-10,672.522
2021-08-11,eu,2021-08-11,675.6474
2021-08-12,eu,2021-08-12,679.027
2021-08-13,eu,2021-08-13,682.7554
2021-08-14,eu,2021-08-14,686.5594
2021-08-15,eu,2021-08-15,691.6246
2021-08-16,eu,2021-08-16,695.4121
2021-08-17,eu,2021-08-17,698.6445
2021-08-18,eu,2021-08-18,702.033
2021-08-19,eu,2021-08-19,705.4748
2021-08-20,eu,2021-08-20,709.2991
2021-08-21,eu,2021-08-21,713.3891
2021-08-22,eu,2021-08-22,717.5527
2021-08-23,eu,2021-08-23,721.244
2021-08-24,eu,2021-08-24,724.9559
2021-08-25,eu,2021-08-25,728.4806
2021-08-26,eu,2021-08-26,731.977
2021-08-27,eu,2021-08-27,735.841
2021-08-28,eu,2021-08-28,740.06
2021-08-29,eu,2021-08-29,744.4094
2021-08-30,eu,2021-08-30,747.9247
2021-08-31,eu,2021-08-31,750.0074
2021-09-01,eu,2021-09-01,755.0105
2021-09-02,eu,2021-09-02,757.3232
2021-09-03,eu,2021-09-03,759.8506
2021-09-04,eu,2021-09-04,763.1776
2021-09-05,eu,2021-09-05,766.9513
2021-09-06,eu,2021-09-06,769.3644
2021-09-07,eu,2021-09-07,771.3
2021-09-08,eu,2021-09-08,773.6399
2021-09-09,eu,2021-09-09,776.0467
2021-09-10,eu,2021-09-10,778.3354
2021-09-11,eu,2021-09-11,781.5332
2021-09-12,eu,2021-09-12,784.8364
2021-09-13,eu,2021-09-13,786.7295
2021-09-14,eu,2021-09-14,788.2465
2021-09-15,eu,2021-09-15,789.4938
2021-09-16,eu,2021-09-16,790.8475
2021-09-17,eu,2021-09-17,793.1237
2021-09-18,eu,2021-09-18,796.3919
2021-09-19,eu,2021-09-19,799.7546
2021-09-20,eu,2021-09-20,801.795
2021-09-21,eu,2021-09-21,803.5982
2021-09-22,eu,2021-09-22,805.3292
2021-09-23,eu,2021-09-23,807.8413
2021-09-24,eu,2021-09-24,810.5519
2021-09-25,eu,2021-09-25,814.4846
2021-09-26,eu,2021-09-26,818.7493
2021-09-27,eu,2021-09-27,821.7532
2021-09-28,eu,2021-09-28,824.2907
2021-09-29,eu,2021-09-29,827.0164
2021-09-30,eu,2021-09-30,829.764
2021-10-01,eu,2021-10-01,832.195
2021-10-02,eu,2021-10-02,834.8233
2021-10-03,eu,2021-10-03,838.1856
2021-10-04,eu,2021-10-04,840.0719
2021-10-05,eu,2021-10-05,842.4814
2021-10-06,eu,2021-10-06,843.6742
2021-10-07,eu,2021-10-07,844.2864
2021-10-08,eu,2021-10-08,845.4655
2021-10-09,eu,2021-10-09,847.7973
2021-10-10,eu,2021-10-10,854.6791
2021-10-11,eu,2021-10-11,854.6602
2021-10-12,eu,2021-10-12,855.1976
2021-10-13,eu,2021-10-13,854.5018
2021-10-14,eu,2021-10-14,854.3658
2021-10-15,eu,2021-10-15,854.3442
2021-10-16,eu,2021-10-16,855.1823
2021-10-17,eu,2021-10-17,856.2077
2021-10-18,eu,2021-10-18,856.183
2021-10-19,eu,2021-10-19,856.7935
2021-10-20,eu,2021-10-20,858.1662
2021-10-21,eu,2021-10-21,858.3203
2021-10-22,eu,2021-10-22,857.6105
2021-10-23,eu,2021-10-23,857.3684
2021-10-24,eu,2021-10-24,857.5572
2021-10-25,eu,2021-10-25,856.2018
2021-10-26,eu,2021-10-26,855.2486
2021-10-27,eu,2021-10-27,855.5389
2021-10-28,eu,2021-10-28,855.1044
2021-10-29,eu,2021-10-29,854.9294
2021-10-30,eu,2021-10-30,855.496
2021-10-31,eu,2021-10-31,856.0669
2021-11-01,eu,2021-11-01,856.0467
2021-11-02,eu,2021-11-02,853.2207
2021-11-03,eu,2021-11-03,849.7114
2021-11-04,eu,2021-11-04,846.8549
2021-11-05,eu,2021-11-05,844.1827
2021-11-06,eu,2021-11-06,843.1395
2021-11-07,eu,2021-11-07,842.4944
2021-11-08,eu,2021-11-08,839.3887
2021-11-09,eu,2021-11-09,836.103
2021-11-10,eu,2021-11-10,832.8955
2021-11-11,eu,2021-11-11,829.6004
2021-11-12,eu,2021-11-12,825.9826
2021-11-13,eu,2021-11-13,824.0658
2021-11-14,eu,2021-11-14,822.8047
2021-11-15,eu,2021-11-15,819.2744
2021-11-16,eu,2021-11-16,815.0878
2021-11-17,eu,2021-11-17,811.4662
2021-11-18,eu,2021-11-18,808.2555
2021-11-19,eu,2021-11-19,806.0258
2021-11-20,eu,2021-11-20,804.3583
2021-11-21,eu,2021-11-21,802.2634
2021-11-22,eu,2021-11-22,797.7321
2021-11-23,eu,2021-11-23,792.4949
2021-11-24,eu,2021-11-24,786.3687
2021-11-25,eu,2021-11-25,780.5128
2021-11-26,eu,2021-11-26,774.8329
2021-11-27,eu,2021-11-27,770.1331
2021-11-28,eu,2021-11-28,765.4305
2021-11-29,eu,2021-11-29,758.8899
2021-11-30,eu,2021-11-30,752.751
2021-12-01,eu,2021-12-01,746.4898
2021-12-02,eu,2021-12-02,739.9751
2021-12-03,eu,2021-12-03,733.5591
2021-12-04,eu,2021-12-04,728.546
2021-12-05,eu,2021-12-05,723.4807
2021-12-06,eu,2021-12-06,716.5132
2021-12-07,eu,2021-12-07,709.7782
2021-12-08,eu,2021-12-08,703.0566
2021-12-09,eu,2021-12-09,695.8607
2021-12-10,eu,2021-12-10,689.2309
2021-12-11,eu,2021-12-11,683.7734
2021-12-12,eu,2021-12-12,679.4183
2021-12-13,eu,2021-12-13,673.4604
2021-12-14,eu,2021-12-14,667.9468
2021-12-15,eu,2021-12-15,662.683
2021-12-16,eu,2021-12-16,657.3557
2021-12-17,eu,2021-12-17,651.9855
2021-12-18,eu,2021-12-18,647.4955
2021-12-19,eu,2021-12-19,642.6968
2021-12-20,eu,2021-12-20,635.1078
2021-12-21,eu,2021-12-21,626.6034
2021-12-22,eu,2021-12-22,617.9389
2021-12-23,eu,2021-12-23,611.1797
2021-12-24,eu,2021-12-24,607.3587
2021-12-25,eu,2021-12-25,604.389
2021-12-26,eu,2021-12-26,600.6311
2021-12-27,eu,2021-12-27,597.3026
2021-12-28,eu,2021-12-28,594.6791
2021-12-29,eu,2021-12-29,593.5266
2021-12-30,eu,2021-12-30,593.2269
2021-12-31,eu,2021-12-31,594.6713
2022-01-01,eu,2022-01-01,597.1406
2022-01-02,eu,2022-01-02,597.0875
2022-01-03,eu,2022-01-03,595.5332
2022-01-04,eu,2022-01-04,592.7334
2022-01-05,eu,2022-01-05,588.5382
2022-01-06,eu,2022-01-06,584.2132
2022-01-07,eu,2022-01-07,578.4525
2022-01-08,eu,2022-01-08,573.6877
2022-01-09,eu,2022-01-09,568.9187
2022-01-10,eu,2022-01-10,560.8372
2022-01-11,eu,2022-01-11,552.7912
2022-01-12,eu,2022-01-12,557.3188
2022-01-13,eu,2022-01-13,536.8254
2022-01-14,eu,2022-01-14,528.9643
2022-01-15,eu,2022-01-15,522.7781
2022-01-16,eu,2022-01-16,517.2759
2022-01-17,eu,2022-01-17,510.1639
2022-01-18,eu,2022-01-18,502.4789
2022-01-19,eu,2022-01-19,495.5687
2022-01-20,eu,2022-01-20,488.3528
2022-01-21,eu,2022-01-21,480.7003
2022-01-22,eu,2022-01-22,474.2729
2022-01-23,eu,2022-01-23,468.1584
2022-01-24,eu,2022-01-24,460.4332
2022-01-25,eu,2022-01-25,452.4142
2022-01-26,eu,2022-01-26,444.8837
2022-01-27,eu,2022-01-27,438.3505
2022-01-28,eu,2022-01-28,432.1361
2022-01-29,eu,2022-01-29,428.1475
2022-01-30,eu,2022-01-30,424.2649
2022-01-31,eu,2022-01-31,418.1289
2022-02-01,eu,2022-02-01,413.1853
2022-02-02,eu,2022-02-02,408.3312
2022-02-03,eu,2022-02-03,403.7377
2022-02-04,eu,2022-02-04,399.963
2022-02-05,eu,2022-02-05,397.2595
2022-02-06,eu,2022-02-06,394.7602
2022-02-07,eu,2022-02-07,390.403
2022-02-08,eu,2022-02-08,386.3185
2022-02-09,eu,2022-02-09,382.4287
2022-02-10,eu,2022-02-10,377.8224
2022-02-11,eu,2022-02-11,373.1594
2022-02-12,eu,2022-02-12,369.3376
2022-02-13,eu,2022-02-13,366.408
2022-02-14,eu,2022-02-14,362.4821
2022-02-15,eu,2022-02-15,358.3806
2022-02-16,eu,2022-02-16,355.0888
2022-02-17,eu,2022-02-17,352.4798
2022-02-18,eu,2022-02-18,349.79
2022-02-19,eu,2022-02-19,347.313
2022-02-20,eu,2022-02-20,345.4058
2022-02-21,eu,2022-02-21,341.7819
2022-02-22,eu,2022-02-22,338.0983
2022-02-23,eu,2022-02-23,335.0169
2022-02-24,eu,2022-02-24,332.2281
2022-02-25,eu,2022-02-25,329.4823
2022-02-26,eu,2022-02-26,327.5769
2022-02-27,eu,2022-02-27,325.846
2022-02-28,eu,2022-02-28,321.9029
2022-03-01,eu,2022-03-01,318.0315
2022-03-02,eu,2022-03-02,314.3953
2022-03-03,eu,2022-03-03,311.0219
2022-03-04,eu,2022-03-04,308.0372
2022-03-05,eu,2022-03-05,305.9913
2022-03-06,eu,2022-03-06,303.6945
2022-03-07,eu,2022-03-07,299.496
2022-03-08,eu,2022-03-08,295.9788
2022-03-09,eu,2022-03-09,293.2138
2022-03-10,eu,2022-03-10,292.1805
2022-03-11,eu,2022-03-11,290.9598
2022-03-12,eu,2022-03-12,290.9167
2022-03-13,eu,2022-03-13,290.8254
2022-03-14,eu,2022-03-14,288.8197
2022-03-15,eu,2022-03-15,287.0338
2022-03-16,eu,2022-03-16,285.9211
2022-03-17,eu,2022-03-17,284.9917
2022-03-18,eu,2022-03-18,284.3841
2022-03-19,eu,2022-03-19,283.3159
2022-03-20,eu,2022-03-20,285.5323
2022-03-21,eu,2022-03-21,284.885
2022-03-22,eu,2022-03-22,284.858
2022-03-23,eu,2022-03-23,285.2735
2022-03-24,eu,2022-03-24,286.6159
2022-03-25,eu,2022-03-25,287.9347
2022-03-26,eu,2022-03-26,290.3068
2022-03-27,eu,2022-03-27,292.8562
2022-03-28,eu,2022-03-28,294.0246
2022-03-29,eu,2022-03-29,295.105
2022-03-30,eu,2022-03-30,295.4033
2022-03-31,eu,2022-03-31,291.2818
2022-04-01,eu,2022-04-01,295.4873
2022-04-02,eu,2022-04-02,292.6724
2022-04-03,eu,2022-04-03,292.0302
2022-04-04,eu,2022-04-04,291.0601
2022-04-05,eu,2022-04-05,290.2787
2022-04-06,eu,2022-04-06,291.6404
2022-04-07,eu,2022-04-07,293.278
2022-04-08,eu,2022-04-08,294.9532
2022-04-09,eu,2022-04-09,297.0166
2022-04-10,eu,2022-04-10,299.3871
2022-04-11,eu,2022-04-11,300.6341
2022-04-12,eu,2022-04-12,303.1348
2022-04-13,eu,2022-04-13,302.6643
2022-04-14,eu,2022-04-14,309.4436
2022-04-15,eu,2022-04-15,314.182
2022-04-16,eu,2022-04-16,318.8705
2022-04-17,eu,2022-04-17,323.6751
2022-04-18,eu,2022-04-18,328.2321
2022-04-19,eu,2022-04-19,331.3427
2022-04-20,eu,2022-04-20,334.1023
2022-04-21,eu,2022-04-21,337.1903
2022-04-22,eu,2022-04-22,340.7752
2022-04-23,eu,2022-04-23,345.2682
2022-04-24,eu,2022-04-24,349.9344
2022-04-25,eu,2022-04-25,352.8677
2022-04-26,eu,2022-04-26,355.1485
2022-04-27,eu,2022-04-27,357.2746
2022-04-28,eu,2022-04-28,360.2897
2022-04-29,eu,2022-04-29,363.6086
2022-04-30,eu,2022-04-30,367.5175
2022-05-01,eu,2022-05-01,372.5567
2022-05-02,eu,2022-05-02,376.8621
2022-05-03,eu,2022-05-03,381.2841
2022-05-04,eu,2022-05-04,385.6036
2022-05-05,eu,2022-05-05,390.0958
2022-05-06,eu,2022-05-06,394.7639
2022-05-07,eu,2022-05-07,400.476
2022-05-08,eu,2022-05-08,406.1229
2022-05-09,eu,2022-05-09,410.9178
2022-05-10,eu,2022-05-10,415.4915
2022-05-11,eu,2022-05-11,420.4121
2022-05-12,eu,2022-05-12,425.1696
2022-05-13,eu,2022-05-13,430.7608
2022-05-14,eu,2022-05-14,436.8961
2022-05-15,eu,2022-05-15,443.327
2022-05-16,eu,2022-05-16,448.0776
2022-05-17,eu,2022-05-17,452.4578
2022-05-18,eu,2022-05-18,456.8256
2022-05-19,eu,2022-05-19,461.6607
2022-05-20,eu,2022-05-20,466.7758
2022-05-21,eu,2022-05-21,472.6954
2022-05-22,eu,2022-05-22,478.5275
2022-05-23,eu,2022-05-23,483.3091
2022-05-24,eu,2022-05-24,487.9543
2022-05-25,eu,2022-05-25,492.9501
2022-05-26,eu,2022-05-26,498.259
2022-05-27,eu,2022-05-27,503.5422
2022-05-28,eu,2022-05-28,508.9081
2022-05-29,eu,2022-05-29,514.0772
2022-05-30,eu,2022-05-30,517.6515
2022-05-31,eu,2022-05-31,520.8537
2022-06-01,eu,2022-06-01,524.6601
2022-06-02,eu,2022-06-02,529.1365
2022-06-03,eu,2022-06-03,533.8165
2022-06-04,eu,2022-06-04,539.3739
2022-06-05,eu,2022-06-05,544.927
2022-06-06,eu,2022-06-06,549.904
2022-06-07,eu,2022-06-07,553.7107
2022-06-08,eu,2022-06-08,556.6064
2022-06-09,eu,2022-06-09,559.1902
2022-06-10,eu,2022-06-10,561.8064
2022-06-11,eu,2022-06-11,567.5427
2022-06-12,eu,2022-06-12,573.2336
2022-06-13,eu,2022-06-13,577.9672
2022-06-14,eu,2022-06-14,581.5929
2022-06-15,eu,2022-06-15,585.2666
2022-06-16,eu,2022-06-16,588.9638
2022-06-17,eu,2022-06-17,592.7402
2022-06-18,eu,2022-06-18,597.5087
2022-06-19,eu,2022-06-19,602.3181
2022-06-20,eu,2022-06-20,605.8363
2022-06-21,eu,2022-06-21,613.8347
2022-06-22,eu,2022-06-22,616.8703
2022-06-23,eu,2022-06-23,619.9175
2022-06-24,eu,2022-06-24,623.4904
2022-06-25,eu,2022-06-25,628.2616
2022-06-26,eu,2022-06-26,633.1092
2022-06-27,eu,2022-06-27,636.3763
2022-06-28,eu,2022-06-28,639.8974
2022-06-29,eu,2022-06-29,643.1588
2022-06-30,eu,2022-06-30,646.2322
2022-07-01,eu,2022-07-01,650.4237
2022-07-02,eu,2022-07-02,655.1873
2022-07-03,eu,2022-07-03,660.2405
2022-07-04,eu,2022-07-04,664.3162
2022-07-05,eu,2022-07-05,668.2794
2022-07-06,eu,2022-07-06,672.2731
2022-07-07,eu,2022-07-07,676.1504
2022-07-08,eu,2022-07-08,680.0457
2022-07-09,eu,2022-07-09,685.3261
2022-07-10,eu,2022-07-10,690.5647
2022-07-11,eu,2022-07-11,693.214
2022-07-12,eu,2022-07-12,696.0902
2022-07-13,eu,2022-07-13,699.2152
2022-07-14,eu,2022-07-14,702.7019
2022-07-15,eu,2022-07-15,706.4097
2022-07-16,eu,2022-07-16,711.156
2022-07-17,eu,2022-07-17,715.6583
2022-07-18,eu,2022-07-18,718.9907
2022-07-19,eu,2022-07-19,721.7384
2022-07-20,eu,2022-07-20,724.515
2022-07-21,eu,2022-07-21,727.6085
2022-07-22,eu,2022-07-22,731.4186
2022-07-23,eu,2022-07-23,736.188
2022-07-24,eu,2022-07-24,741.3057
2022-07-25,eu,2022-07-25,745.6239
2022-07-26,eu,2022-07-26,749.6439
2022-07-27,eu,2022-07-27,753.5065
2022-07-28,eu,2022-07-28,757.3424
2022-07-29,eu,2022-07-29,761.0635
2022-07-30,eu,2022-07-30,765.6895
2022-07-31,eu,2022-07-31,769.8884
2022-08-01,eu,2022-08-01,774.338
2022-08-02,eu,2022-08-02,778.601
2022-08-03,eu,2022-08-03,782.5931
2022-08-04,eu,2022-08-04,785.7035
2022-08-05,eu,2022-08-05,789.7796
2022-08-06,eu,2022-08-06,794.7971
2022-08-07,eu,2022-08-07,799.9858
2022-08-08,eu,2022-08-08,804.2119
2022-08-09,eu,2022-08-09,808.5392
2022-08-10,eu,2022-08-10,813.0323
2022-08-11,eu,2022-08-11,817.145
2022-08-12,eu,2022-08-12,821.4602
2022-08-13,eu,2022-08-13,826.3785
2022-08-14,eu,2022-08-14,831.2695
2022-08-15,eu,2022-08-15,835.7253
2022-08-16,eu,2022-08-16,839.7075
2022-08-17,eu,2022-08-17,843.3006
2022-08-18,eu,2022-08-18,847.1657
2022-08-19,eu,2022-08-19,851.3289
2022-08-20,eu,2022-08-20,856.1879
2022-08-21,eu,2022-08-21,860.9677
2022-08-22,eu,2022-08-22,864.5676
2022-08-23,eu,2022-08-23,868.0798
2022-08-24,eu,2022-08-24,871.8014
2022-08-25,eu,2022-08-25,875.5603
2022-08-26,eu,2022-08-26,879.0959
2022-08-27,eu,2022-08-27,883.3633
2022-08-28,eu,2022-08-28,887.7873
2022-08-29,eu,2022-08-29,890.8904
2022-08-30,eu,2022-08-30,893.8826
2022-08-31,eu,2022-08-31,895.1804
2022-09-01,eu,2022-09-01,899.1802
2022-09-02,eu,2022-09-02,902.4769
2022-09-03,eu,2022-09-03,906.9197
2022-09-04,eu,2022-09-04,911.5135
2022-09-05,eu,2022-09-05,914.9342
2022-09-06,eu,2022-09-06,918.1976
2022-09-07,eu,2022-09-07,920.727
2022-09-08,eu,2022-09-08,924.1545
2022-09-09,eu,2022-09-09,927.3914
2022-09-10,eu,2022-09-10,931.2679
2022-09-11,eu,2022-09-11,935.2345
2022-09-12,eu,2022-09-12,938.039
2022-09-13,eu,2022-09-13,940.6634
2022-09-14,eu,2022-09-14,943.1955
2022-09-15,eu,2022-09-15,945.9822
2022-09-16,eu,2022-09-16,949.6377
2022-09-17,eu,2022-09-17,953.7266
2022-09-18,eu,2022-09-18,957.7065
2022-09-19,eu,2022-09-19,960.2498
2022-09-20,eu,2022-09-20,962.673
2022-09-21,eu,2022-09-21,965.0359
2022-09-22,eu,2022-09-22,967.5041
2022-09-23,eu,2022-09-23,970.164
2022-09-24,eu,2022-09-24,973.5705
2022-09-25,eu,2022-09-25,977.1054
2022-09-26,eu,2022-09-26,979.6204
2022-09-27,eu,2022-09-27,981.8064
2022-09-28,eu,2022-09-28,983.3829
2022-09-29,eu,2022-09-29,985.4259
2022-09-30,eu,2022-09-30,986.7165
2022-10-01,eu,2022-10-01,990.2568
2022-10-02,eu,2022-10-02,994.1152
2022-10-03,eu,2022-10-03,997.0365
2022-10-04,eu,2022-10-04,999.372
2022-10-05,eu,2022-10-05,1002.1081
2022-10-06,eu,2022-10-06,1004.9254
2022-10-07,eu,2022-10-07,1007.7386
2022-10-08,eu,2022-10-08,1011.2958
2022-10-09,eu,2022-10-09,1014.5714
2022-10-10,eu,2022-10-10,1016.9756
2022-10-11,eu,2022-10-11,1018.6081
2022-10-12,eu,2022-10-12,1020.0084
2022-10-13,eu,2022-10-13,1021.351
2022-10-14,eu,2022-10-14,1023.5268
2022-10-15,eu,2022-10-15,1026.698
2022-10-16,eu,2022-10-16,1029.8328
2022-10-17,eu,2022-10-17,1032.186
2022-10-18,eu,2022-10-18,1034.0047
2022-10-19,eu,2022-10-19,1035.5302
2022-10-20,eu,2022-10-20,1036.7463
2022-10-21,eu,2022-10-21,1038.0981
2022-10-22,eu,2022-10-22,1040.4866
2022-10-23,eu,2022-10-23,1042.8718
2022-10-24,eu,2022-10-24,1044.9998
2022-10-25,eu,2022-10-25,1046.2329
2022-10-26,eu,2022-10-26,1047.2716
2022-10-27,eu,2022-10-27,1048.856
2022-10-28,eu,2022-10-28,1050.6967
2022-10-29,eu,2022-10-29,1053.2251
2022-10-30,eu,2022-10-30,1055.8736
2022-10-31,eu,2022-10-31,1057.4622
2022-11-01,eu,2022-11-01,1059.4139
2022-11-02,eu,2022-11-02,1060.3982
2022-11-03,eu,2022-11-03,1060.5979
2022-11-04,eu,2022-11-04,1061.2345
2022-11-05,eu,2022-11-05,1062.474
2022-11-06,eu,2022-11-06,1063.867
2022-11-07,eu,2022-11-07,1064.4034
2022-11-08,eu,2022-11-08,1065.0522
2022-11-09,eu,2022-11-09,1065.7607
2022-11-10,eu,2022-11-10,1066.4158
2022-11-11,eu,2022-11-11,1067.0671
2022-11-12,eu,2022-11-12,1068.0201
2022-11-13,eu,2022-11-13,1069.076
2022-11-14,eu,2022-11-14,1068.3445
2022-11-15,eu,2022-11-15,1067.1102
2022-11-16,eu,2022-11-16,1066.4362
2022-11-17,eu,2022-11-17,1066.0459
2022-11-18,eu,2022-11-18,1064.8257
2022-11-19,eu,2022-11-19,1063.7931
2022-11-20,eu,2022-11-20,1062.5298
2022-11-21,eu,2022-11-21,1060.2538
2022-11-22,eu,2022-11-22,1057.6681
2022-11-23,eu,2022-11-23,1055.7424
2022-11-24,eu,2022-11-24,1053.7997
2022-11-25,eu,2022-11-25,1051.8855
2022-11-26,eu,2022-11-26,1051.125
2022-11-27,eu,2022-11-27,1050.5995
2022-11-28,eu,2022-11-28,1047.232
2022-11-29,eu,2022-11-29,1042.6524
2022-11-30,eu,2022-11-30,1038.077
2022-12-01,eu,2022-12-01,1032.7941
2022-12-02,eu,2022-12-02,1027.6627
2022-12-03,eu,2022-12-03,1024.3641
2022-12-04,eu,2022-12-04,1021.1251
2022-12-05,eu,2022-12-05,1016.4191
2022-12-06,eu,2022-12-06,1011.3684
2022-12-07,eu,2022-12-07,1005.9452
2022-12-08,eu,2022-12-08,1000.2811
2022-12-09,eu,2022-12-09,994.8518
2022-12-10,eu,2022-12-10,990.0448
2022-12-11,eu,2022-12-11,984.8156
2022-12-12,eu,2022-12-12,976.9535
2022-12-13,eu,2022-12-13,968.349
2022-12-14,eu,2022-12-14,960.4224
2022-12-15,eu,2022-12-15,952.9402
2022-12-16,eu,2022-12-16,946.4313
2022-12-17,eu,2022-12-17,941.7513
2022-12-18,eu,2022-12-18,937.7493
2022-12-19,eu,2022-12-19,933.6215
2022-12-20,eu,2022-12-20,930.582
2022-12-21,eu,2022-12-21,929.1907
2022-12-22,eu,2022-12-22,928.134
2022-12-23,eu,2022-12-23,927.8219
2022-12-24,eu,2022-12-24,928.6308
2022-12-25,eu,2022-12-25,930.0026
2022-12-26,eu,2022-12-26,931.1209
2022-12-27,eu,2022-12-27,930.858
2022-12-28,eu,2022-12-28,930.9516
2022-12-29,eu,2022-12-29,931.4041
2022-12-30,eu,2022-12-30,931.9597
2022-12-31,eu,2022-12-31,933.1671
2023-01-01,eu,2023-01-01,934.9085
2023-01-02,eu,2023-01-02,934.8888
2023-01-03,eu,2023-01-03,933.9768
2023-01-04,eu,2023-01-04,933.2612
2023-01-05,eu,2023-01-05,931.7532
2023-01-06,eu,2023-01-06,931.1948
2023-01-07,eu,2023-01-07,930.795
2023-01-08,eu,2023-01-08,930.0153
2023-01-09,eu,2023-01-09,927.5065
2023-01-10,eu,2023-01-10,924.81
2023-01-11,eu,2023-01-11,922.2998
2023-01-12,eu,2023-01-12,919.9709
2023-01-13,eu,2023-01-13,917.3125
2023-01-14,eu,2023-01-14,915.222
2023-01-15,eu,2023-01-15,912.8983
2023-01-16,eu,2023-01-16,908.177
2023-01-17,eu,2023-01-17,902.8268
2023-01-18,eu,2023-01-18,897.2461
2023-01-19,eu,2023-01-19,890.6133
2023-01-20,eu,2023-01-20,883.7103
2023-01-21,eu,2023-01-21,877.8099
2023-01-22,eu,2023-01-22,871.6291
2023-01-23,eu,2023-01-23,863.5806
2023-01-24,eu,2023-01-24,854.4836
2023-01-25,eu,2023-01-25,847.8347
2023-01-26,eu,2023-01-26,840.6273
2023-01-27,eu,2023-01-27,832.7568
2023-01-28,eu,2023-01-28,826.2527
2023-01-29,eu,2023-01-29,820.3533
2023-01-30,eu,2023-01-30,813.8823
2023-01-31,eu,2023-01-31,810.1116
2023-02-01,eu,2023-02-01,804.8136
2023-02-02,eu,2023-02-02,799.7625
2023-02-03,eu,2023-02-03,795.4501
2023-02-04,eu,2023-02-04,791.9628
2023-02-05,eu,2023-02-05,787.1278
2023-02-06,eu,2023-02-06,781.1293
2023-02-07,eu,2023-02-07,773.8317
2023-02-08,eu,2023-02-08,766.4607
2023-02-09,eu,2023-02-09,758.8823
2023-02-10,eu,2023-02-10,752.3027
2023-02-11,eu,2023-02-11,747.4916
2023-02-12,eu,2023-02-12,743.4531
2023-02-13,eu,2023-02-13,738.3471
2023-02-14,eu,2023-02-14,733.3796
2023-02-15,eu,2023-02-15,728.6968
2023-02-16,eu,2023-02-16,724.839
2023-02-17,eu,2023-02-17,722.0333
2023-02-18,eu,2023-02-18,720.827
2023-02-19,eu,2023-02-19,719.4046
2023-02-20,eu,2023-02-20,716.7197
2023-02-21,eu,2023-02-21,713.3457
2023-02-22,eu,2023-02-22,710.0822
2023-02-23,eu,2023-02-23,707.0044
2023-02-24,eu,2023-02-24,703.9259
2023-02-25,eu,2023-02-25,701.2016
2023-02-26,eu,2023-02-26,698.5027
2023-02-27,eu,2023-02-27,692.2144
2023-02-28,eu,2023-02-28,686.2626
2023-03-01,eu,2023-03-01,681.502
2023-03-02,eu,2023-03-02,676.1535
2023-03-03,eu,2023-03-03,671.1664
2023-03-04,eu,2023-03-04,668.9275
2023-03-05,eu,2023-03-05,662.7234
2023-03-06,eu,2023-03-06,658.1378
2023-03-07,eu,2023-03-07,652.4063
2023-03-08,eu,2023-03-08,646.7748
2023-03-09,eu,2023-03-09,642.5826
2023-03-10,eu,2023-03-10,639.2804
2023-03-11,eu,2023-03-11,636.6725
2023-03-12,eu,2023-03-12,634.9833
2023-03-13,eu,2023-03-13,633.9061
2023-03-14,eu,2023-03-14,632.0497
2023-03-15,eu,2023-03-15,629.1655
2023-03-16,eu,2023-03-16,626.9348
2023-03-17,eu,2023-03-17,625.921
2023-03-18,eu,2023-03-18,626.4868
2023-03-19,eu,2023-03-19,626.7851
2023-03-20,eu,2023-03-20,625.4594
2023-03-21,eu,2023-03-21,624.9474
2023-03-22,eu,2023-03-22,625.2756
2023-03-23,eu,2023-03-23,625.9915
2023-03-24,eu,2023-03-24,627.4962
2023-03-25,eu,2023-03-25,629.1147
2023-03-26,eu,2023-03-26,629.6771
2023-03-27,eu,2023-03-27,628.237
2023-03-28,eu,2023-03-28,625.8465
2023-03-29,eu,2023-03-29,624.9975
2023-03-30,eu,2023-03-30,625.44
2023-03-31,eu,2023-03-31,627.8241
2023-04-01,eu,2023-04-01,627.9374
2023-04-02,eu,2023-04-02,628.5327
2023-04-03,eu,2023-04-03,627.6787
2023-04-04,eu,2023-04-04,626.2815
2023-04-05,eu,2023-04-05,624.942
2023-04-06,eu,2023-04-06,624.0689
2023-04-07,eu,2023-04-07,624.346
2023-04-08,eu,2023-04-08,625.596
2023-04-09,eu,2023-04-09,627.6772
2023-04-10,eu,2023-04-10,630.045
2023-04-11,eu,2023-04-11,631.5885
2023-04-12,eu,2023-04-12,632.4867
2023-04-13,eu,2023-04-13,633.353
2023-04-14,eu,2023-04-14,633.3594
2023-04-15,eu,2023-04-15,635.2536
2023-04-16,eu,2023-04-16,637.6522
2023-04-17,eu,2023-04-17,638.9679
2023-04-18,eu,2023-04-18,640.5
2023-04-19,eu,2023-04-19,642.3906
2023-04-20,eu,2023-04-20,644.0738
2023-04-21,eu,2023-04-21,646.4302
2023-04-22,eu,2023-04-22,650.119
2023-04-23,eu,2023-04-23,654.1404
2023-04-24,eu,2023-04-24,657.3368
2023-04-25,eu,2023-04-25,659.7836
2023-04-26,eu,2023-04-26,660.8871
2023-04-27,eu,2023-04-27,662.8381
2023-04-28,eu,2023-04-28,665.4444
2023-04-29,eu,2023-04-29,669.3416
2023-04-30,eu,2023-04-30,673.7158
2023-05-01,eu,2023-05-01,677.7759
2023-05-02,eu,2023-05-02,680.3139
2023-05-03,eu,2023-05-03,682.9236
2023-05-04,eu,2023-05-04,685.2978
2023-05-05,eu,2023-05-05,688.7017
2023-05-06,eu,2023-05-06,692.6737
2023-05-07,eu,2023-05-07,696.7929
2023-05-08,eu,2023-05-08,699.9933
2023-05-09,eu,2023-05-09,702.4102
2023-05-10,eu,2023-05-10,704.8182
2023-05-11,eu,2023-05-11,707.254
2023-05-12,eu,2023-05-12,710.2306
2023-05-13,eu,2023-05-13,714.7442
2023-05-14,eu,2023-05-14,719.2521
2023-05-15,eu,2023-05-15,722.5039
2023-05-16,eu,2023-05-16,725.4696
2023-05-17,eu,2023-05-17,728.5111
2023-05-18,eu,2023-05-18,731.8593
2023-05-19,eu,2023-05-19,735.4904
2023-05-20,eu,2023-05-20,740.226
2023-05-21,eu,2023-05-21,745.101
2023-05-22,eu,2023-05-22,748.1494
2023-05-23,eu,2023-05-23,751.0725
2023-05-24,eu,2023-05-24,753.64
2023-05-25,eu,2023-05-25,756.4485
2023-05-26,eu,2023-05-26,760.0434
2023-05-27,eu,2023-05-27,764.4108
2023-05-28,eu,2023-05-28,768.6171
2023-05-29,eu,2023-05-29,772.2709
2023-05-30,eu,2023-05-30,775.2606
2023-05-31,eu,2023-05-31,777.9744
2023-06-01,eu,2023-06-01,780.4853
2023-06-02,eu,2023-06-02,783.9865
2023-06-03,eu,2023-06-03,787.881
2023-06-04,eu,2023-06-04,791.8282
2023-06-05,eu,2023-06-05,794.4561
2023-06-06,eu,2023-06-06,796.76
2023-06-07,eu,2023-06-07,798.9598
2023-06-08,eu,2023-06-08,801.9352
2023-06-09,eu,2023-06-09,805.4245
2023-06-10,eu,2023-06-10,809.6492
2023-06-11,eu,2023-06-11,813.9668
2023-06-12,eu,2023-06-12,817.217
2023-06-13,eu,2023-06-13,820.6398
2023-06-14,eu,2023-06-14,823.6733
2023-06-15,eu,2023-06-15,826.4652
2023-06-16,eu,2023-06-16,829.7032
2023-06-17,eu,2023-06-17,833.3976
2023-06-18,eu,2023-06-18,837.7493
2023-06-19,eu,2023-06-19,840.7295
2023-06-20,eu,2023-06-20,843.924
2023-06-21,eu,2023-06-21,845.0528
2023-06-22,eu,2023-06-22,846.7422
2023-06-23,eu,2023-06-23,849.4405
2023-06-24,eu,2023-06-24,853.5377
2023-06-25,eu,2023-06-25,857.5693
2023-06-26,eu,2023-06-26,860.5818
2023-06-27,eu,2023-06-27,863.0349
2023-06-28,eu,2023-06-28,865.2654
2023-06-29,eu,2023-06-29,867.5393
2023-06-30,eu,2023-06-30,870.482
2023-07-01,eu,2023-07-01,874.4707
2023-07-02,eu,2023-07-02,878.4271
2023-07-03,eu,2023-07-03,881.3017
2023-07-04,eu,2023-07-04,883.8393
2023-07-05,eu,2023-07-05,887.0034
2023-07-06,eu,2023-07-06,889.8068
2023-07-07,eu,2023-07-07,893.1474
2023-07-08,eu,2023-07-08,897.1803
2023-07-09,eu,2023-07-09,901.1393
2023-07-10,eu,2023-07-10,903.6071
2023-07-11,eu,2023-07-11,906.1582
2023-07-12,eu,2023-07-12,908.9085
2023-07-13,eu,2023-07-13,911.5798
2023-07-14,eu,2023-07-14,914.8383
2023-07-15,eu,2023-07-15,919.1393
2023-07-16,eu,2023-07-16,923.4364
2023-07-17,eu,2023-07-17,926.6251
2023-07-18,eu,2023-07-18,929.2774
2023-07-19,eu,2023-07-19,931.7633
2023-07-20,eu,2023-07-20,934.2815
2023-07-21,eu,2023-07-21,937.2209
2023-07-22,eu,2023-07-22,941.0963
2023-07-23,eu,2023-07-23,945.2491
2023-07-24,eu,2023-07-24,948.1978
2023-07-25,eu,2023-07-25,951.0385
2023-07-26,eu,2023-07-26,954.0391
2023-07-27,eu,2023-07-27,956.9953
2023-07-28,eu,2023-07-28,959.8771
2023-07-29,eu,2023-07-29,964.0784
2023-07-30,eu,2023-07-30,968.4296
2023-07-31,eu,2023-07-31,971.8749
2023-08-01,eu,2023-08-01,973.797
2023-08-02,eu,2023-08-02,977.1058
2023-08-03,eu,2023-08-03,980.1038
2023-08-04,eu,2023-08-04,982.6705
2023-08-05,eu,2023-08-05,986.1291
2023-08-06,eu,2023-08-06,989.7741
2023-08-07,eu,2023-08-07,993.1601
2023-08-08,eu,2023-08-08,996.5642
2023-08-09,eu,2023-08-09,999.6779
2023-08-10,eu,2023-08-10,1002.7145
2023-08-11,eu,2023-08-11,1006.2206
2023-08-12,eu,2023-08-12,1010.434
2023-08-13,eu,2023-08-13,1014.5335
2023-08-14,eu,2023-08-14,1018.0446
2023-08-15,eu,2023-08-15,1021.2714
2023-08-16,eu,2023-08-16,1024.3404
2023-08-17,eu,2023-08-17,1027.6466
2023-08-18,eu,2023-08-18,1031.0826
2023-08-19,eu,2023-08-19,1034.6538
2023-08-20,eu,2023-08-20,1037.9695
2023-08-21,eu,2023-08-21,1040.413
2023-08-22,eu,2023-08-22,1041.1626
2023-08-23,eu,2023-08-23,1043.8583
2023-08-24,eu,2023-08-24,1045.3702
2023-08-25,eu,2023-08-25,1047.1321
2023-08-26,eu,2023-08-26,1049.3046
2023-08-27,eu,2023-08-27,1051.7847
2023-08-28,eu,2023-08-28,1053.1458
2023-08-29,eu,2023-08-29,1053.7757
2023-08-30,eu,2023-08-30,1054.8582
2023-08-31,eu,2023-08-31,1055.1334
2023-09-01,eu,2023-09-01,1057.0346
2023-09-02,eu,2023-09-02,1058.9702
2023-09-03,eu,2023-09-03,1061.1745
2023-09-04,eu,2023-09-04,1062.4538
2023-09-05,eu,2023-09-05,1063.4788
2023-09-06,eu,2023-09-06,1064.0755
2023-09-07,eu,2023-09-07,1064.7107
2023-09-08,eu,2023-09-08,1065.4022
2023-09-09,eu,2023-09-09,1066.7721
2023-09-10,eu,2023-09-10,1068.0361
2023-09-11,eu,2023-09-11,1068.441
2023-09-12,eu,2023-09-12,1068.4304
2023-09-13,eu,2023-09-13,1068.5481
2023-09-14,eu,2023-09-14,1068.6707
2023-09-15,eu,2023-09-15,1069.3149
2023-09-16,eu,2023-09-16,1070.4534
2023-09-17,eu,2023-09-17,1071.9672
2023-09-18,eu,2023-09-18,1073.012
2023-09-19,eu,2023-09-19,1074.0246
2023-09-20,eu,2023-09-20,1074.8786
2023-09-21,eu,2023-09-21,1075.9085
2023-09-22,eu,2023-09-22,1077.2962
2023-09-23,eu,2023-09-23,1079.3007
2023-09-24,eu,2023-09-24,1081.5512
2023-09-25,eu,2023-09-25,1082.9236
2023-09-26,eu,2023-09-26,1084.0457
2023-09-27,eu,2023-09-27,1085.5239
2023-09-28,eu,2023-09-28,1086.86
2023-09-29,eu,2023-09-29,1088.4738
2023-09-30,eu,2023-09-30,1088.9029
2023-10-01,eu,2023-10-01,1091.2594
2023-10-02,eu,2023-10-02,1093.0381
2023-10-03,eu,2023-10-03,1095.1853
2023-10-04,eu,2023-10-04,1096.8172
2023-10-05,eu,2023-10-05,1097.649
2023-10-06,eu,2023-10-06,1099.4934
2023-10-07,eu,2023-10-07,1101.4501
2023-10-08,eu,2023-10-08,1103.1448
2023-10-09,eu,2023-10-09,1104.2411
2023-10-10,eu,2023-10-10,1105.8138
2023-10-11,eu,2023-10-11,1107.6803
2023-10-12,eu,2023-10-12,1109.3281
2023-10-13,eu,2023-10-13,1111.7668
2023-10-14,eu,2023-10-14,1114.325
2023-10-15,eu,2023-10-15,1116.1825
2023-10-16,eu,2023-10-16,1116.5056
2023-10-17,eu,2023-10-17,1116.7218
2023-10-18,eu,2023-10-18,1116.9949
2023-10-19,eu,2023-10-19,1117.6568
2023-10-20,eu,2023-10-20,1118.7572
2023-10-21,eu,2023-10-21,1120.633
2023-10-22,eu,2023-10-22,1122.4785
2023-10-23,eu,2023-10-23,1123.0753
2023-10-24,eu,2023-10-24,1123.8032
2023-10-25,eu,2023-10-25,1124.2449
2023-10-26,eu,2023-10-26,1124.9061
2023-10-27,eu,2023-10-27,1125.5243
2023-10-28,eu,2023-10-28,1127.6163
2023-10-29,eu,2023-10-29,1129.5725
2023-10-30,eu,2023-10-30,1130.6154
2023-10-31,eu,2023-10-31,1131.6301
2023-11-01,eu,2023-11-01,1133.1029
2023-11-02,eu,2023-11-02,1134.0059
2023-11-03,eu,2023-11-03,1134.1522
2023-11-04,eu,2023-11-04,1134.7605
2023-11-05,eu,2023-11-05,1135.5818
2023-11-06,eu,2023-11-06,1135.6742
2023-11-07,eu,2023-11-07,1135.4969
2023-11-08,eu,2023-11-08,1135.0087
2023-11-09,eu,2023-11-09,1134.5656
2023-11-10,eu,2023-11-10,1134.0443
2023-11-11,eu,2023-11-11,1134.1856
2023-11-12,eu,2023-11-12,1134.2503
2023-11-13,eu,2023-11-13,1133.3657
2023-11-14,eu,2023-11-14,1133.114
2023-11-15,eu,2023-11-15,1132.607
2023-11-16,eu,2023-11-16,1130.6332
2023-11-17,eu,2023-11-17,1128.7898
2023-11-18,eu,2023-11-18,1128.0437
2023-11-19,eu,2023-11-19,1128.3865
2023-11-20,eu,2023-11-20,1127.0792
2023-11-21,eu,2023-11-21,1124.8383
2023-11-22,eu,2023-11-22,1121.5529
2023-11-23,eu,2023-11-23,1118.9446
2023-11-24,eu,2023-11-24,1116.1512
2023-11-25,eu,2023-11-25,1113.4596
2023-11-26,eu,2023-11-26,1110.4924
2023-11-27,eu,2023-11-27,1105.558
2023-11-28,eu,2023-11-28,1099.9118
2023-11-29,eu,2023-11-29,1093.2377
2023-11-30,eu,2023-11-30,1086.6692
2023-12-01,eu,2023-12-01,1080.5091
2023-12-02,eu,2023-12-02,1075.029
2023-12-03,eu,2023-12-03,1070.1572
2023-12-04,eu,2023-12-04,1063.3832
2023-12-05,eu,2023-12-05,1056.7508
2023-12-06,eu,2023-12-06,1050.0751
2023-12-07,eu,2023-12-07,1044.0602
2023-12-08,eu,2023-12-08,1039.2164
2023-12-09,eu,2023-12-09,1036.2881
2023-12-10,eu,2023-12-10,1034.0637
2023-12-11,eu,2023-12-11,1030.4505
2023-12-12,eu,2023-12-12,1026.5784
2023-12-13,eu,2023-12-13,1022.5953
2023-12-14,eu,2023-12-14,1018.2579
2023-12-15,eu,2023-12-15,1014.5092
2023-12-16,eu,2023-12-16,1012.7057
2023-12-17,eu,2023-12-17,1010.6567
2023-12-18,eu,2023-12-18,1006.5885
2023-12-19,eu,2023-12-19,1002.2239
2023-12-20,eu,2023-12-20,998.5884
2023-12-21,eu,2023-12-21,995.8163
2023-12-22,eu,2023-12-22,993.8003
2023-12-23,eu,2023-12-23,992.4636
2023-12-24,eu,2023-12-24,991.9363
2023-12-25,eu,2023-12-25,991.7339
2023-12-26,eu,2023-12-26,991.0147
2023-12-27,eu,2023-12-27,989.3249
2023-12-28,eu,2023-12-28,988.1629
2023-12-29,eu,2023-12-29,986.8407
2023-12-30,eu,2023-12-30,985.8295
2023-12-31,eu,2023-12-31,984.7166
2024-01-01,eu,2024-01-01,982.8235
2024-01-02,eu,2024-01-02,980.3646
2024-01-03,eu,2024-01-03,977.805
2024-01-04,eu,2024-01-04,973.9535
2024-01-05,eu,2024-01-05,969.6804
2024-01-06,eu,2024-01-06,965.4382
2024-01-07,eu,2024-01-07,960.2623
2024-01-08,eu,2024-01-08,951.2893
2024-01-09,eu,2024-01-09,941.6661
2024-01-10,eu,2024-01-10,931.7762
2024-01-11,eu,2024-01-11,922.2172
2024-01-12,eu,2024-01-12,913.64
2024-01-13,eu,2024-01-13,906.7838
2024-01-14,eu,2024-01-14,900.5667
2024-01-15,eu,2024-01-15,892.5615
2024-01-16,eu,2024-01-16,883.9929
2024-01-17,eu,2024-01-17,875.6598
2024-01-18,eu,2024-01-18,868.0478
2024-01-19,eu,2024-01-19,860.2439
2024-01-20,eu,2024-01-20,853.8795
2024-01-21,eu,2024-01-21,847.9555
2024-01-22,eu,2024-01-22,842.0961
2024-01-23,eu,2024-01-23,836.6549
2024-01-24,eu,2024-01-24,832.2726
2024-01-25,eu,2024-01-25,827.6699
2024-01-26,eu,2024-01-26,823.4171
2024-01-27,eu,2024-01-27,819.354
2024-01-28,eu,2024-01-28,815.1981
2024-01-29,eu,2024-01-29,809.7969
2024-01-30,eu,2024-01-30,804.5203
2024-01-31,eu,2024-01-31,799.5593
2024-02-01,eu,2024-02-01,794.6
2024-02-02,eu,2024-02-02,790.3396
2024-02-03,eu,2024-02-03,787.8441
2024-02-04,eu,2024-02-04,785.4003
2024-02-05,eu,2024-02-05,781.7126
2024-02-06,eu,2024-02-06,778.0663
2024-02-07,eu,2024-02-07,773.3844
2024-02-08,eu,2024-02-08,768.8829
2024-02-09,eu,2024-02-09,765.9307
2024-02-10,eu,2024-02-10,763.963
2024-02-11,eu,2024-02-11,761.8663
2024-02-12,eu,2024-02-12,757.9344
2024-02-13,eu,2024-02-13,753.9813
2024-02-14,eu,2024-02-14,750.807
2024-02-15,eu,2024-02-15,748.3029
2024-02-16,eu,2024-02-16,746.2808
2024-02-17,eu,2024-02-17,745.0405
2024-02-18,eu,2024-02-18,743.8034
2024-02-19,eu,2024-02-19,741.5306
2024-02-20,eu,2024-02-20,739.141
2024-02-21,eu,2024-02-21,736.6736
2024-02-22,eu,2024-02-22,734.2088
2024-02-23,eu,2024-02-23,731.1879
2024-02-24,eu,2024-02-24,728.9438
2024-02-25,eu,2024-02-25,727.0997
2024-02-26,eu,2024-02-26,723.4592
2024-02-27,eu,2024-02-27,719.3727
2024-02-28,eu,2024-02-28,715.471
2024-02-29,eu,2024-02-29,712.4852
2024-03-01,eu,2024-03-01,710.2454
2024-03-02,eu,2024-03-02,709.3771
2024-03-03,eu,2024-03-03,708.6572
2024-03-04,eu,2024-03-04,706.1442
2024-03-05,eu,2024-03-05,703.034
2024-03-06,eu,2024-03-06,699.4265
2024-03-07,eu,2024-03-07,696.2107
2024-03-08,eu,2024-03-08,693.5633
2024-03-09,eu,2024-03-09,692.3154
2024-03-10,eu,2024-03-10,691.4001
2024-03-11,eu,2024-03-11,688.6612
2024-03-12,eu,2024-03-12,685.7393
2024-03-13,eu,2024-03-13,683.3923
2024-03-14,eu,2024-03-14,683.1464
2024-03-15,eu,2024-03-15,681.7707
2024-03-16,eu,2024-03-16,681.4035
2024-03-17,eu,2024-03-17,680.9728
2024-03-18,eu,2024-03-18,679.3258
2024-03-19,eu,2024-03-19,677.7141
2024-03-20,eu,2024-03-20,676.5293
2024-03-21,eu,2024-03-21,675.708
2024-03-22,eu,2024-03-22,675.4096
2024-03-23,eu,2024-03-23,675.6173
2024-03-24,eu,2024-03-24,675.3142
2024-03-25,eu,2024-03-25,673.4158
2024-03-26,eu,2024-03-26,672.2385
2024-03-27,eu,2024-03-27,671.1348
2024-03-28,eu,2024-03-28,669.9591
2024-03-29,eu,2024-03-29,669.9591
2024-03-30,eu,2024-03-30,670.2892
2024-03-31,eu,2024-03-31,666.1458
2024-04-01,eu,2024-04-01,669.0406
2024-04-02,eu,2024-04-02,670.5582
2024-04-03,eu,2024-04-03,671.28
2024-04-04,eu,2024-04-04,671.7037
2024-04-05,eu,2024-04-05,673.5374
2024-04-06,eu,2024-04-06,677.1336
2024-04-07,eu,2024-04-07,680.0704
2024-04-08,eu,2024-04-08,683.4127
2024-04-09,eu,2024-04-09,685.2236
2024-04-10,eu,2024-04-10,686.7781
2024-04-11,eu,2024-04-11,688.8791
2024-04-12,eu,2024-04-12,691.6899
2024-04-13,eu,2024-04-13,695.6393
2024-04-14,eu,2024-04-14,699.2974
2024-04-15,eu,2024-04-15,701.4347
2024-04-16,eu,2024-04-16,702.6398
2024-04-17,eu,2024-04-17,702.7282
2024-04-18,eu,2024-04-18,702.4616
2024-04-19,eu,2024-04-19,702.259
2024-04-20,eu,2024-04-20,702.863
2024-04-21,eu,2024-04-21,703.4435
2024-04-22,eu,2024-04-22,702.1823
2024-04-23,eu,2024-04-23,700.654
2024-04-24,eu,2024-04-24,699.2015
2024-04-25,eu,2024-04-25,697.8632
2024-04-26,eu,2024-04-26,697.5114
2024-04-27,eu,2024-04-27,699.0063
2024-04-28,eu,2024-04-28,701.3379
2024-04-29,eu,2024-04-29,703.2102
2024-04-30,eu,2024-04-30,705.7761
2024-05-01,eu,2024-05-01,708.9415
2024-05-02,eu,2024-05-02,711.8372
2024-05-03,eu,2024-05-03,714.1125
2024-05-04,eu,2024-05-04,716.8072
2024-05-05,eu,2024-05-05,719.6127
2024-05-06,eu,2024-05-06,721.7592
2024-05-07,eu,2024-05-07,723.2143
2024-05-08,eu,2024-05-08,724.4165
2024-05-09,eu,2024-05-09,727.319
2024-05-10,eu,2024-05-10,730.4044
2024-05-11,eu,2024-05-11,734.4311
2024-05-12,eu,2024-05-12,738.6014
2024-05-13,eu,2024-05-13,742.006
2024-05-14,eu,2024-05-14,745.4345
2024-05-15,eu,2024-05-15,748.5289
2024-05-16,eu,2024-05-16,751.0708
2024-05-17,eu,2024-05-17,753.8838
2024-05-18,eu,2024-05-18,757.264
2024-05-19,eu,2024-05-19,760.755
2024-05-20,eu,2024-05-20,763.6009
2024-05-21,eu,2024-05-21,765.1428
2024-05-22,eu,2024-05-22,767.3966
2024-05-23,eu,2024-05-23,770.0577
2024-05-24,eu,2024-05-24,772.6885
2024-05-25,eu,2024-05-25,775.9267
2024-05-26,eu,2024-05-26,779.76
2024-05-27,eu,2024-05-27,782.4725
2024-05-28,eu,2024-05-28,784.9161
2024-05-29,eu,2024-05-29,787.2029
2024-05-30,eu,2024-05-30,789.739
2024-05-31,eu,2024-05-31,792.9094
2024-06-01,eu,2024-06-01,795.5345
2024-06-02,eu,2024-06-02,798.6774
2024-06-03,eu,2024-06-03,800.5555
2024-06-04,eu,2024-06-04,802.33
2024-06-05,eu,2024-06-05,804.2818
2024-06-06,eu,2024-06-06,806.8581
2024-06-07,eu,2024-06-07,809.2955
2024-06-08,eu,2024-06-08,812.5192
2024-06-09,eu,2024-06-09,815.7227
2024-06-10,eu,2024-06-10,817.9612
2024-06-11,eu,2024-06-11,819.9452
2024-06-12,eu,2024-06-12,821.9741
2024-06-13,eu,2024-06-13,824.243
2024-06-14,eu,2024-06-14,827.4506
2024-06-15,eu,2024-06-15,831.1822
2024-06-16,eu,2024-06-16,832.8316
2024-06-17,eu,2024-06-17,837.9227
2024-06-18,eu,2024-06-18,840.5798
2024-06-19,eu,2024-06-19,843.4387
2024-06-20,eu,2024-06-20,845.9451
2024-06-21,eu,2024-06-21,848.5833
2024-06-22,eu,2024-06-22,852.3948
2024-06-23,eu,2024-06-23,856.2115
2024-06-24,eu,2024-06-24,859.1031
2024-06-25,eu,2024-06-25,861.9258
2024-06-26,eu,2024-06-26,864.8558
2024-06-27,eu,2024-06-27,867.8905
2024-06-28,eu,2024-06-28,871.1925
2024-06-29,eu,2024-06-29,874.972
2024-06-30,eu,2024-06-30,878.799
2024-07-01,eu,2024-07-01,881.5666
2024-07-02,eu,2024-07-02,884.4195
2024-07-03,eu,2024-07-03,887.228
2024-07-04,eu,2024-07-04,890.3107
2024-07-05,eu,2024-07-05,893.5202
2024-07-06,eu,2024-07-06,897.0592
2024-07-07,eu,2024-07-07,900.5516
2024-07-08,eu,2024-07-08,903.7771
2024-07-09,eu,2024-07-09,906.8107
2024-07-10,eu,2024-07-10,909.6302
2024-07-11,eu,2024-07-11,912.2059
2024-07-12,eu,2024-07-12,914.8096
2024-07-13,eu,2024-07-13,918.0186
2024-07-14,eu,2024-07-14,921.3442
2024-07-15,eu,2024-07-15,924.0643
2024-07-16,eu,2024-07-16,926.697
2024-07-17,eu,2024-07-17,929.1794
2024-07-18,eu,2024-07-18,931.4619
2024-07-19,eu,2024-07-19,934.2312
2024-07-20,eu,2024-07-20,937.7588
2024-07-21,eu,2024-07-21,941.4457
2024-07-22,eu,2024-07-22,944.1683
2024-07-23,eu,2024-07-23,946.5927
2024-07-24,eu,2024-07-24,949.0506
2024-07-25,eu,2024-07-25,951.4531
2024-07-26,eu,2024-07-26,954.0147
2024-07-27,eu,2024-07-27,957.2097
2024-07-28,eu,2024-07-28,960.6126
2024-07-29,eu,2024-07-29,963.1391
2024-07-30,eu,2024-07-30,965.5134
2024-07-31,eu,2024-07-31,967.8472
2024-08-01,eu,2024-08-01,970.1164
2024-08-02,eu,2024-08-02,972.7074
2024-08-03,eu,2024-08-03,975.9603
2024-08-04,eu,2024-08-04,979.308
2024-08-05,eu,2024-08-05,981.9013
2024-08-06,eu,2024-08-06,984.198
2024-08-07,eu,2024-08-07,986.647
2024-08-08,eu,2024-08-08,989.0524
2024-08-09,eu,2024-08-09,991.883
2024-08-10,eu,2024-08-10,994.9741
2024-08-11,eu,2024-08-11,998.2716
2024-08-12,eu,2024-08-12,1001.1666
2024-08-13,eu,2024-08-13,1004.2576
2024-08-14,eu,2024-08-14,1007.2873
2024-08-15,eu,2024-08-15,1010.8569
2024-08-16,eu,2024-08-16,1014.2909
2024-08-17,eu,2024-08-17,1018.151
2024-08-18,eu,2024-08-18,1022.1637
2024-08-19,eu,2024-08-19,1025.1474
2024-08-20,eu,2024-08-20,1028.1362
2024-08-21,eu,2024-08-21,1031.0335
2024-08-22,eu,2024-08-22,1033.8061
2024-08-23,eu,2024-08-23,1036.7855
2024-08-24,eu,2024-08-24,1040.3056
2024-08-25,eu,2024-08-25,1043.8708
2024-08-26,eu,2024-08-26,1046.392
2024-08-27,eu,2024-08-27,1048.0151
2024-08-28,eu,2024-08-28,1050.6458
2024-08-29,eu,2024-08-29,1052.2139
2024-08-30,eu,2024-08-30,1053.7891
2024-08-31,eu,2024-08-31,1056.1612
2024-09-01,eu,2024-09-01,1058.6042
2024-09-02,eu,2024-09-02,1059.9416
2024-09-03,eu,2024-09-03,1060.5342
2024-09-04,eu,2024-09-04,1061.0268
2024-09-05,eu,2024-09-05,1061.8086
2024-09-06,eu,2024-09-06,1062.8577
2024-09-07,eu,2024-09-07,1063.9145
2024-09-08,eu,2024-09-08,1065.3676
2024-09-09,eu,2024-09-09,1066.4715
2024-09-10,eu,2024-09-10,1067.6374
2024-09-11,eu,2024-09-11,1068.209
2024-09-12,eu,2024-09-12,1068.2107
2024-09-13,eu,2024-09-13,1068.4796
2024-09-14,eu,2024-09-14,1069.1102
2024-09-15,eu,2024-09-15,1070.0517
2024-09-16,eu,2024-09-16,1070.1972
2024-09-17,eu,2024-09-17,1070.3561
2024-09-18,eu,2024-09-18,1071.0028
2024-09-19,eu,2024-09-19,1071.6534
2024-09-20,eu,2024-09-20,1072.4795
2024-09-21,eu,2024-09-21,1073.9459
2024-09-22,eu,2024-09-22,1075.3242
2024-09-23,eu,2024-09-23,1075.6784
2024-09-24,eu,2024-09-24,1076.0329
2024-09-25,eu,2024-09-25,1076.8594
2024-09-26,eu,2024-09-26,1077.7414
2024-09-27,eu,2024-09-27,1078.613
2024-09-28,eu,2024-09-28,1080.2268
2024-09-29,eu,2024-09-29,1081.0383
2024-09-30,eu,2024-09-30,1081.6913
2024-10-01,eu,2024-10-01,1082.2773
2024-10-02,eu,2024-10-02,1081.8717
2024-10-03,eu,2024-10-03,1082.0105
2024-10-04,eu,2024-10-04,1082.3286
2024-10-05,eu,2024-10-05,1083.207
2024-10-06,eu,2024-10-06,1084.4705
2024-10-07,eu,2024-10-07,1085.1173
2024-10-08,eu,2024-10-08,1085.9385
2024-10-09,eu,2024-10-09,1087.1228
2024-10-10,eu,2024-10-10,1088.1785
2024-10-11,eu,2024-10-11,1088.5727
2024-10-12,eu,2024-10-12,1089.718
2024-10-13,eu,2024-10-13,1090.7099
2024-10-14,eu,2024-10-14,1090.1826
2024-10-15,eu,2024-10-15,1090.2953
2024-10-16,eu,2024-10-16,1090.8219
2024-10-17,eu,2024-10-17,1091.1009
2024-10-18,eu,2024-10-18,1091.4619
2024-10-19,eu,2024-10-19,1092.5668
2024-10-20,eu,2024-10-20,1093.8074
2024-10-21,eu,2024-10-21,1093.9433
2024-10-22,eu,2024-10-22,1093.8104
2024-10-23,eu,2024-10-23,1093.1611
2024-10-24,eu,2024-10-24,1092.7514
2024-10-25,eu,2024-10-25,1092.6501
2024-10-26,eu,2024-10-26,1093.3126
2024-10-27,eu,2024-10-27,1093.8354
2024-10-28,eu,2024-10-28,1093.9151
2024-10-29,eu,2024-10-29,1092.7798
2024-10-30,eu,2024-10-30,1092.8025
2024-10-31,eu,2024-10-31,1092.2645
2024-11-01,eu,2024-11-01,1092.7385
2024-11-02,eu,2024-11-02,1092.889
2024-11-03,eu,2024-11-03,1092.5879
2024-11-04,eu,2024-11-04,1090.344
2024-11-05,eu,2024-11-05,1087.3265
2024-11-06,eu,2024-11-06,1083.5531
2024-11-07,eu,2024-11-07,1079.628
2024-11-08,eu,2024-11-08,1076.1573
2024-11-09,eu,2024-11-09,1073.5467
2024-11-10,eu,2024-11-10,1071.17
2024-11-11,eu,2024-11-11,1067.9223
2024-11-12,eu,2024-11-12,1062.5996
2024-11-13,eu,2024-11-13,1057.0241
2024-11-14,eu,2024-11-14,1052.0765
2024-11-15,eu,2024-11-15,1047.4972
2024-11-16,eu,2024-11-16,1044.5084
2024-11-17,eu,2024-11-17,1041.4607
2024-11-18,eu,2024-11-18,1036.4798
2024-11-19,eu,2024-11-19,1031.4284
2024-11-20,eu,2024-11-20,1026.272
2024-11-21,eu,2024-11-21,1019.7869
2024-11-22,eu,2024-11-22,1013.4083
2024-11-23,eu,2024-11-23,1008.966
2024-11-24,eu,2024-11-24,1006.6319
2024-11-25,eu,2024-11-25,1003.5183
2024-11-26,eu,2024-11-26,999.1069
2024-11-27,eu,2024-11-27,994.5046
2024-11-28,eu,2024-11-28,989.536
2024-11-29,eu,2024-11-29,984.1175
2024-11-30,eu,2024-11-30,980.2924
2024-12-01,eu,2024-12-01,976.5068
2024-12-02,eu,2024-12-02,971.6147
2024-12-03,eu,2024-12-03,965.8722
2024-12-04,eu,2024-12-04,959.4945
2024-12-05,eu,2024-12-05,953.8653
2024-12-06,eu,2024-12-06,949.0744
2024-12-07,eu,2024-12-07,945.2564
2024-12-08,eu,2024-12-08,941.584
2024-12-09,eu,2024-12-09,935.84
2024-12-10,eu,2024-12-10,928.3354
2024-12-11,eu,2024-12-11,920.0986
2024-12-12,eu,2024-12-12,911.813
2024-12-13,eu,2024-12-13,904.0283
2024-12-14,eu,2024-12-14,898.4367
2024-12-15,eu,2024-12-15,894.283
2024-12-16,eu,2024-12-16,889.5507
2024-12-17,eu,2024-12-17,884.9191
2024-12-18,eu,2024-12-18,880.7435
2024-12-19,eu,2024-12-19,877.6108
2024-12-20,eu,2024-12-20,873.6424
2024-12-21,eu,2024-12-21,870.9492
2024-12-22,eu,2024-12-22,868.2148
2024-12-23,eu,2024-12-23,864.3124
2024-12-24,eu,2024-12-24,860.7494
2024-12-25,eu,2024-12-25,858.1636
2024-12-26,eu,2024-12-26,854.5928
2024-12-27,eu,2024-12-27,849.3481
2024-12-28,eu,2024-12-28,843.9987
2024-12-29,eu,2024-12-29,838.9704
2024-12-30,eu,2024-12-30,833.401
2024-12-31,eu,2024-12-31,828.2848
2025-01-01,eu,2025-01-01,824.1198
2025-01-02,eu,2025-01-02,818.5879
2025-01-03,eu,2025-01-03,811.9363
2025-01-04,eu,2025-01-04,805.4336
2025-01-05,eu,2025-01-05,800.1697
2025-01-06,eu,2025-01-06,795.5627
2025-01-07,eu,2025-01-07,789.977
2025-01-08,eu,2025-01-08,783.1688
2025-01-09,eu,2025-01-09,776.2437
2025-01-10,eu,2025-01-10,769.1117
2025-01-11,eu,2025-01-11,762.0556
2025-01-12,eu,2025-01-12,754.8608
2025-01-13,eu,2025-01-13,745.7978
2025-01-14,eu,2025-01-14,736.2242
2025-01-15,eu,2025-01-15,727.0358
2025-01-16,eu,2025-01-16,718.0044
2025-01-17,eu,2025-01-17,708.3177
2025-01-18,eu,2025-01-18,699.6998
2025-01-19,eu,2025-01-19,691.0274
2025-01-20,eu,2025-01-20,680.866
2025-01-21,eu,2025-01-21,670.1727
2025-01-22,eu,2025-01-22,661.0342
2025-01-23,eu,2025-01-23,654.3417
2025-01-24,eu,2025-01-24,648.7486
2025-01-25,eu,2025-01-25,644.7467
2025-01-26,eu,2025-01-26,640.5744
2025-01-27,eu,2025-01-27,636.1935
2025-01-28,eu,2025-01-28,631.7998
2025-01-29,eu,2025-01-29,627.1653
2025-01-30,eu,2025-01-30,621.3024
2025-01-31,eu,2025-01-31,615.0133
2025-02-01,eu,2025-02-01,609.7595
2025-02-02,eu,2025-02-02,604.1789
2025-02-03,eu,2025-02-03,596.4742
2025-02-04,eu,2025-02-04,588.7781
2025-02-05,eu,2025-02-05,580.964
2025-02-06,eu,2025-02-06,573.5382
2025-02-07,eu,2025-02-07,567.0875
2025-02-08,eu,2025-02-08,561.4924
2025-02-09,eu,2025-02-09,556.3095
2025-02-10,eu,2025-02-10,549.5721
2025-02-11,eu,2025-02-11,542.1717
2025-02-12,eu,2025-02-12,534.5287
2025-02-13,eu,2025-02-13,526.777
2025-02-14,eu,2025-02-14,518.7736
2025-02-15,eu,2025-02-15,512.109
2025-02-16,eu,2025-02-16,505.7551
2025-02-17,eu,2025-02-17,497.3886
2025-02-18,eu,2025-02-18,488.8392
2025-02-19,eu,2025-02-19,481.3448
2025-02-20,eu,2025-02-20,475.2152
2025-02-21,eu,2025-02-21,470.9893
2025-02-22,eu,2025-02-22,468.0485
2025-02-23,eu,2025-02-23,465.8287
2025-02-24,eu,2025-02-24,462.4417
2025-02-25,eu,2025-02-25,458.2345
2025-02-26,eu,2025-02-26,453.8201
2025-02-27,eu,2025-02-27,449.022
2025-02-28,eu,2025-02-28,442.0056
2025-03-01,eu,2025-03-01,438.3451
2025-03-02,eu,2025-03-02,435.4573
2025-03-03,eu,2025-03-03,431.3926
2025-03-04,eu,2025-03-04,427.8113
2025-03-05,eu,2025-03-05,424.9322
2025-03-06,eu,2025-03-06,422.7827
2025-03-07,eu,2025-03-07,421.0272
2025-03-08,eu,2025-03-08,420.7377
2025-03-09,eu,2025-03-09,420.4116
2025-03-10,eu,2025-03-10,418.3643
2025-03-11,eu,2025-03-11,415.3258
2025-03-12,eu,2025-03-12,411.5199
2025-03-13,eu,2025-03-13,407.4339
2025-03-14,eu,2025-03-14,403.8937
2025-03-15,eu,2025-03-15,401.5555
2025-03-16,eu,2025-03-16,399.4445
2025-03-17,eu,2025-03-17,395.9491
2025-03-18,eu,2025-03-18,392.7294
2025-03-19,eu,2025-03-19,390.0365
2025-03-20,eu,2025-03-20,388.3448
2025-03-21,eu,2025-03-21,387.9597
2025-03-22,eu,2025-03-22,388.6445
2025-03-23,eu,2025-03-23,389.0226
2025-03-24,eu,2025-03-24,387.7918
2025-03-25,eu,2025-03-25,386.5631
2025-03-26,eu,2025-03-26,385.4326
2025-03-27,eu,2025-03-27,384.8937
2025-03-28,eu,2025-03-28,384.9511
2025-03-29,eu,2025-03-29,385.7717
2025-03-30,eu,2025-03-30,386.75
2025-03-31,eu,2025-03-31,387.583
2025-04-01,eu,2025-04-01,387.6923
2025-04-02,eu,2025-04-02,388.662
2025-04-03,eu,2025-04-03,389.4283
2025-04-04,eu,2025-04-04,391.0329
2025-04-05,eu,2025-04-05,393.2865
2025-04-06,eu,2025-04-06,395.6562
2025-04-07,eu,2025-04-07,395.4517
2025-04-08,eu,2025-04-08,395.2015
2025-04-09,eu,2025-04-09,395.2828
2025-04-10,eu,2025-04-10,395.7018
2025-04-11,eu,2025-04-11,396.782
2025-04-12,eu,2025-04-12,399.4734
2025-04-13,eu,2025-04-13,402.4984
2025-04-14,eu,2025-04-14,404.554
2025-04-15,eu,2025-04-15,406.4213
2025-04-16,eu,2025-04-16,407.8891
2025-04-17,eu,2025-04-17,409.5689
2025-04-18,eu,2025-04-18,411.8178
2025-04-19,eu,2025-04-19,415.0893
2025-04-20,eu,2025-04-20,418.4801
2025-04-21,eu,2025-04-21,421.6722
2025-04-22,eu,2025-04-22,424.0842
2025-04-23,eu,2025-04-23,426.3108
2025-04-24,eu,2025-04-24,428.3736
2025-04-25,eu,2025-04-25,430.8618
2025-04-26,eu,2025-04-26,434.0417
2025-04-27,eu,2025-04-27,437.1176
2025-04-28,eu,2025-04-28,440.1154
2025-04-29,eu,2025-04-29,443.0613
2025-04-30,eu,2025-04-30,446.487
2025-05-01,eu,2025-05-01,451.068
2025-05-02,eu,2025-05-02,455.5653
2025-05-03,eu,2025-05-03,460.5742
2025-05-04,eu,2025-05-04,465.0984
2025-05-05,eu,2025-05-05,468.045
2025-05-06,eu,2025-05-06,470.5511
2025-05-07,eu,2025-05-07,472.8499
2025-05-08,eu,2025-05-08,473.9098
2025-05-09,eu,2025-05-09,476.5987
2025-05-10,eu,2025-05-10,480.4449
2025-05-11,eu,2025-05-11,484.5062
2025-05-12,eu,2025-05-12,487.7306
2025-05-13,eu,2025-05-13,490.6674
2025-05-14,eu,2025-05-14,493.8821
2025-05-15,eu,2025-05-15,496.6239
2025-05-16,eu,2025-05-16,499.3776
2025-05-17,eu,2025-05-17,502.833
2025-05-18,eu,2025-05-18,506.054
2025-05-19,eu,2025-05-19,508.4645
2025-05-20,eu,2025-05-20,511.0729
2025-05-21,eu,2025-05-21,512.5247
2025-05-22,eu,2025-05-22,514.6294
2025-05-23,eu,2025-05-23,517.1379
2025-05-24,eu,2025-05-24,520.3227
2025-05-25,eu,2025-05-25,524.382
2025-05-26,eu,2025-05-26,527.6026
2025-05-27,eu,2025-05-27,530.8541
2025-05-28,eu,2025-05-28,534.1083
2025-05-29,eu,2025-05-29,538.1239
2025-05-30,eu,2025-05-30,542.3019
2025-05-31,eu,2025-05-31,547.3705
2025-06-01,eu,2025-06-01,554.2972
2025-06-02,eu,2025-06-02,558.1413
2025-06-03,eu,2025-06-03,561.933
2025-06-04,eu,2025-06-04,565.749
2025-06-05,eu,2025-06-05,568.9074
2025-06-06,eu,2025-06-06,573.0268
2025-06-07,eu,2025-06-07,578.0388
2025-06-08,eu,2025-06-08,582.958
2025-06-09,eu,2025-06-09,587.3402
2025-06-10,eu,2025-06-10,591.0675
2025-06-11,eu,2025-06-11,594.7083
2025-06-12,eu,2025-06-12,598.1954
2025-06-13,eu,2025-06-13,601.232
2025-06-14,eu,2025-06-14,605.5609
2025-06-15,eu,2025-06-15,609.8735
2025-06-16,eu,2025-06-16,613.1727
2025-06-17,eu,2025-06-17,616.7301
2025-06-18,eu,2025-06-18,620.5066
2025-06-19,eu,2025-06-19,624.3545
2025-06-20,eu,2025-06-20,628.2224
2025-06-21,eu,2025-06-21,632.9411
2025-06-22,eu,2025-06-22,637.7245
2025-06-23,eu,2025-06-23,641.8121
2025-06-24,eu,2025-06-24,645.3446
2025-06-25,eu,2025-06-25,648.3228
2025-06-26,eu,2025-06-26,651.1923
2025-06-27,eu,2025-06-27,655.1812
2025-06-28,eu,2025-06-28,659.7572
2025-06-29,eu,2025-06-29,664.4311
2025-06-30,eu,2025-06-30,667.933
2025-07-01,eu,2025-07-01,670.7453
2025-07-02,eu,2025-07-02,674.0766
2025-07-03,eu,2025-07-03,676.9345
2025-07-04,eu,2025-07-04,680.1492
2025-07-05,eu,2025-07-05,683.8555
2025-07-06,eu,2025-07-06,687.8204
2025-07-07,eu,2025-07-07,691.1066
2025-07-08,eu,2025-07-08,698.4266
2025-07-09,eu,2025-07-09,698.1407
2025-07-10,eu,2025-07-10,702.056
2025-07-11,eu,2025-07-11,705.7032
2025-07-12,eu,2025-07-12,710.2419
2025-07-13,eu,2025-07-13,714.6148
2025-07-14,eu,2025-07-14,718.0468
2025-07-15,eu,2025-07-15,721.2713
2025-07-16,eu,2025-07-16,723.6439
2025-07-17,eu,2025-07-17,726.3195
2025-07-18,eu,2025-07-18,729.5904
2025-07-19,eu,2025-07-19,733.6984
2025-07-20,eu,2025-07-20,737.9326
2025-07-21,eu,2025-07-21,741.1396
2025-07-22,eu,2025-07-22,744.4957
2025-07-23,eu,2025-07-23,747.7495
2025-07-24,eu,2025-07-24,750.5542
2025-07-25,eu,2025-07-25,753.7458
2025-07-26,eu,2025-07-26,757.8855
2025-07-27,eu,2025-07-27,762.9945
2025-07-28,eu,2025-07-28,766.4301
2025-07-29,eu,2025-07-29,770.4294
2025-07-30,eu,2025-07-30,774.3315
2025-07-31,eu,2025-07-31,777.6828
2025-08-01,eu,2025-08-01,781.3814
2025-08-02,eu,2025-08-02,785.7627
2025-08-03,eu,2025-08-03,790.1456
2025-08-04,eu,2025-08-04,793.9788
2025-08-05,eu,2025-08-05,797.7614
2025-08-06,eu,2025-08-06,801.4235
2025-08-07,eu,2025-08-07,804.99
2025-08-08,eu,2025-08-08,808.5427
2025-08-09,eu,2025-08-09,812.6139
2025-08-10,eu,2025-08-10,817.5365
2025-08-11,eu,2025-08-11,820.9914
2025-08-12,eu,2025-08-12,823.9587
2025-08-13,eu,2025-08-13,826.6932
2025-08-14,eu,2025-08-14,829.5619
2025-08-15,eu,2025-08-15,833.0921
2025-08-16,eu,2025-08-16,836.7871
2025-08-17,eu,2025-08-17,840.4749
2025-08-18,eu,2025-08-18,843.7771
2025-08-19,eu,2025-08-19,847.0535
2025-08-20,eu,2025-08-20,850.11
2025-08-21,eu,2025-08-21,853.2998
2025-08-22,eu,2025-08-22,856.3328
2025-08-23,eu,2025-08-23,859.9587
2025-08-24,eu,2025-08-24,863.6361
2025-08-25,eu,2025-08-25,866.4489
2025-08-26,eu,2025-08-26,868.9304
2025-08-27,eu,2025-08-27,871.0767
2025-08-28,eu,2025-08-28,873.3465
2025-08-29,eu,2025-08-29,876.0092
2025-08-30,eu,2025-08-30,879.3787
2025-08-31,eu,2025-08-31,882.4131
2025-09-01,eu,2025-09-01,887.907
2025-09-02,eu,2025-09-02,890.2405
2025-09-03,eu,2025-09-03,892.8834
2025-09-04,eu,2025-09-04,895.5009
2025-09-05,eu,2025-09-05,897.9175
2025-09-06,eu,2025-09-06,900.9769
2025-09-07,eu,2025-09-07,904.1357
2025-09-08,eu,2025-09-08,905.8998
2025-09-09,eu,2025-09-09,907.2579
2025-09-10,eu,2025-09-10,908.6674
2025-09-11,eu,2025-09-11,910.0601
2025-09-12,eu,2025-09-12,912.0313
2025-09-13,eu,2025-09-13,914.7344
2025-09-14,eu,2025-09-14,917.5251
2025-09-15,eu,2025-09-15,920.1172
2025-09-16,eu,2025-09-16,921.7775
2025-09-17,eu,2025-09-17,923.119
2025-09-18,eu,2025-09-18,924.7272
2025-09-19,eu,2025-09-19,926.3953
2025-09-20,eu,2025-09-20,929.0938
2025-09-21,eu,2025-09-21,931.8047
2025-09-22,eu,2025-09-22,933.0575
2025-09-23,eu,2025-09-23,933.8857
2025-09-24,eu,2025-09-24,934.6222
2025-09-25,eu,2025-09-25,935.336
2025-09-26,eu,2025-09-26,936.3198
2025-09-27,eu,2025-09-27,938.2152
2025-09-28,eu,2025-09-28,940.0407
2025-09-29,eu,2025-09-29,941.0451
2025-09-30,eu,2025-09-30,940.0239
2025-10-01,eu,2025-10-01,942.5356
2025-10-02,eu,2025-10-02,942.028
2025-10-03,eu,2025-10-03,942.7988
2025-10-04,eu,2025-10-04,944.3444
2025-10-05,eu,2025-10-05,945.7642
2025-10-06,eu,2025-10-06,945.8676
2025-10-07,eu,2025-10-07,945.6054
2025-10-08,eu,2025-10-08,945.2089
2025-10-09,eu,2025-10-09,945.1392
2025-10-10,eu,2025-10-10,945.7986
2025-10-11,eu,2025-10-11,947.5078
2025-10-12,eu,2025-10-12,948.8615
2025-10-13,eu,2025-10-13,948.2454
2025-10-14,eu,2025-10-14,947.5838
2025-10-15,eu,2025-10-15,946.3456
2025-10-16,eu,2025-10-16,944.9809
2025-10-17,eu,2025-10-17,944.4182
2025-10-18,eu,2025-10-18,944.8355
2025-10-19,eu,2025-10-19,945.4364
2025-10-20,eu,2025-10-20,945.3057
2025-10-21,eu,2025-10-21,945.19
2025-10-22,eu,2025-10-22,945.2323
2025-10-23,eu,2025-10-23,945.644
2025-10-24,eu,2025-10-24,945.7411
2025-10-25,eu,2025-10-25,946.1085
2025-10-26,eu,2025-10-26,946.2501
2025-10-27,eu,2025-10-27,945.673
2025-10-28,eu,2025-10-28,945.6909
2025-10-29,eu,2025-10-29,945.2471
2025-10-30,eu,2025-10-30,945.5365
2025-10-31,eu,2025-10-31,945.8202
2025-11-01,eu,2025-11-01,945.6997
2025-11-02,eu,2025-11-02,946.7113
2025-11-03,eu,2025-11-03,948.0578
2025-11-04,eu,2025-11-04,948.0878
2025-11-05,eu,2025-11-05,947.4577
2025-11-06,eu,2025-11-06,945.934
2025-11-07,eu,2025-11-07,944.2238
2025-11-08,eu,2025-11-08,943.4302
2025-11-09,eu,2025-11-09,942.703
2025-11-10,eu,2025-11-10,940.8307
2025-11-11,eu,2025-11-11,939.8631
2025-11-12,eu,2025-11-12,938.94
2025-11-13,eu,2025-11-13,937.6919
2025-11-14,eu,2025-11-14,936.8022
2025-11-15,eu,2025-11-15,936.1689
2025-11-16,eu,2025-11-16,935.1819
2025-11-17,eu,2025-11-17,932.1094
2025-11-18,eu,2025-11-18,926.8669
2025-11-19,eu,2025-11-19,921.5244
2025-11-20,eu,2025-11-20,915.1675
2025-11-21,eu,2025-11-21,908.2728
2025-11-22,eu,2025-11-22,902.9171
2025-11-23,eu,2025-11-23,897.9168
2025-11-24,eu,2025-11-24,891.6434
2025-11-25,eu,2025-11-25,885.2279
2025-11-26,eu,2025-11-26,878.5322
2025-11-27,eu,2025-11-27,872.4566
2025-11-28,eu,2025-11-28,867.2127
2025-11-29,eu,2025-11-29,863.521
2025-11-30,eu,2025-11-30,858.8653
2025-12-01,eu,2025-12-01,854.0889
2025-12-02,eu,2025-12-02,848.0662
2025-12-03,eu,2025-12-03,841.2038
2025-12-04,eu,2025-12-04,834.8125
2025-12-05,eu,2025-12-05,829.1849
2025-12-06,eu,2025-12-06,825.7079
2025-12-07,eu,2025-12-07,823.0933
2025-12-08,eu,2025-12-08,820.2896
2025-12-09,eu,2025-12-09,817.2476
2025-12-10,eu,2025-12-10,813.9353
2025-12-11,eu,2025-12-11,809.4852
2025-12-12,eu,2025-12-12,804.3118
2025-12-13,eu,2025-12-13,800.301
2025-12-14,eu,2025-12-14,796.5603
2025-12-15,eu,2025-12-15,791.275
2025-12-16,eu,2025-12-16,784.2616
2025-12-17,eu,2025-12-17,778.7373
2025-12-18,eu,2025-12-18,775.3389
2025-12-19,eu,2025-12-19,771.4082
2025-12-20,eu,2025-12-20,767.4248
2025-12-21,eu,2025-12-21,764.258
2025-12-22,eu,2025-12-22,759.6692
2025-12-23,eu,2025-12-23,755.0869
2025-12-24,eu,2025-12-24,750.343
2025-12-25,eu,2025-12-25,744.4027
2025-12-26,eu,2025-12-26,738.1838
2025-12-27,eu,2025-12-27,733.1092
2025-12-28,eu,2025-12-28,727.8132
2025-12-29,eu,2025-12-29,721.1944
2025-12-30,eu,2025-12-30,714.5223
2025-12-31,eu,2025-12-31,708.0443
2026-01-01,eu,2026-01-01,702.7194
2026-01-02,eu,2026-01-02,696.5524
2026-01-03,eu,2026-01-03,690.0975
2026-01-04,eu,2026-01-04,682.5092
2026-01-05,eu,2026-01-05,672.7386
2026-01-06,eu,2026-01-06,663.0624
2026-01-07,eu,2026-01-07,652.8195
2026-01-08,eu,2026-01-08,642.5818
2026-01-09,eu,2026-01-09,633.9911
2026-01-10,eu,2026-01-10,625.2855
2026-01-11,eu,2026-01-11,616.6043
2026-01-12,eu,2026-01-12,607.6028
2026-01-13,eu,2026-01-13,599.6731
2026-01-14,eu,2026-01-14,592.6439
2026-01-15,eu,2026-01-15,586.4279
2026-01-16,eu,2026-01-16,580.6842
2026-01-17,eu,2026-01-17,574.9999
2026-01-18,eu,2026-01-18,569.1522
2026-01-19,eu,2026-01-19,560.8588
2026-01-20,eu,2026-01-20,551.883
2026-01-21,eu,2026-01-21,543.5855
2026-01-22,eu,2026-01-22,534.9317
2026-01-23,eu,2026-01-23,526.7837
2026-01-24,eu,2026-01-24,519.9876
2026-01-25,eu,2026-01-25,513.1807
2026-01-26,eu,2026-01-26,504.9772
2026-01-27,eu,2026-01-27,497.3464
2026-01-28,eu,2026-01-28,489.5725
2026-01-29,eu,2026-01-29,481.6663
2026-01-30,eu,2026-01-30,474.6302
2026-01-31,eu,2026-01-31,468.7076
2026-02-01,eu,2026-02-01,463.0615
2026-02-02,eu,2026-02-02,455.5248
2026-02-03,eu,2026-02-03,447.6683
2026-02-04,eu,2026-02-04,439.9291
2026-02-05,eu,2026-02-05,432.9572
2026-02-06,eu,2026-02-06,426.9671
2026-02-07,eu,2026-02-07,423.2156
2026-02-08,eu,2026-02-08,419.0197
2026-02-09,eu,2026-02-09,412.7173
2026-02-10,eu,2026-02-10,406.9948
2026-02-11,eu,2026-02-11,402.1776
2026-02-12,eu,2026-02-12,397.6345
2026-02-13,eu,2026-02-13,392.7498
2026-02-14,eu,2026-02-14,387.8839
2026-02-15,eu,2026-02-15,383.1784
2026-02-16,eu,2026-02-16,377.2896
2026-02-17,eu,2026-02-17,371.3612
2026-02-18,eu,2026-02-18,365.2517
2026-02-19,eu,2026-02-19,359.5198
2026-02-20,eu,2026-02-20,355.0132
2026-02-21,eu,2026-02-21,352.5875
2026-02-22,eu,2026-02-22,351.772
2026-02-23,eu,2026-02-23,349.6367
2026-02-24,eu,2026-02-24,346.7547
2026-02-25,eu,2026-02-25,344.9971
2026-02-26,eu,2026-02-26,343.8723
2026-02-27,eu,2026-02-27,343.3812
2026-02-28,eu,2026-02-28,342.5502
2026-03-01,eu,2026-03-01,342.4953
2026-03-02,eu,2026-03-02,341.4941
2026-03-03,eu,2026-03-03,339.9487
2026-03-04,eu,2026-03-04,338.1372
2026-03-05,eu,2026-03-05,337.3324
2026-03-06,eu,2026-03-06,336.1936
2026-03-07,eu,2026-03-07,335.9395
2026-03-08,eu,2026-03-08,335.9107
2026-03-09,eu,2026-03-09,334.7407
2026-03-10,eu,2026-03-10,334.4126
2026-03-11,eu,2026-03-11,334.1503
2026-03-12,eu,2026-03-12,333.2506
2026-03-13,eu,2026-03-13,332.5576
2026-03-14,eu,2026-03-14,331.6662
2026-03-15,eu,2026-03-15,331.4262
2026-03-16,eu,2026-03-16,330.5631
2026-03-17,eu,2026-03-17,328.8681
2026-03-18,eu,2026-03-18,327.4382
2026-03-19,eu,2026-03-19,326.2079
2026-03-20,eu,2026-03-20,325.8008
2026-03-21,eu,2026-03-21,325.4897
2026-03-22,eu,2026-03-22,325.4084
2026-03-23,eu,2026-03-23,324.7219
2026-03-24,eu,2026-03-24,325.0854
2026-03-25,eu,2026-03-25,324.9758
2026-03-26,eu,2026-03-26,323.3307
2026-03-27,eu,2026-03-27,321.5871
2026-03-28,eu,2026-03-28,321.0414
